fna,gna,nam,fun,fdc,sag,latitud,longitud
Estación Camet,Estación,Camet,2,IGN/Ministerio de Transporte de la Nación,IGN,-37.88984635799990031),-57.60516063
Estación Cobo,Estación,Cobo,2,IGN/Ministerio de Transporte de la Nación,IGN,-37.80130007899990119),-57.630351
Estación Yraizoz,Estación,Yraizoz,2,IGN/Ministerio de Transporte de la Nación,IGN,-38.13878192300000336),-57.98543761
Estación Mar del Plata,Estación,Mar del Plata,6,IGN/Trenes Argentinos,IGN,-37.98790426599990155),-57.56564295
Estación Comandante Nicanor Otamendi,Estación,Comandante Nicanor Otamendi,2,IGN/Ministerio de Transporte de la Nación,IGN,-38.11499516800000009),-57.84038765
Estación Chapadmalal,Estación,Chapadmalal,2,IGN/Ministerio de Transporte de la Nación,IGN,-38.04161176299989933),-57.71739643
Parada Policlínico,Parada,Policlínico,6,IGN/Ministerio de Transporte de la Nación,IGN,-34.92534708899999885),-57.92122557
Parada Diagonal 73,Parada,Diagonal 73,6,IGN/Ministerio de Transporte de la Nación,IGN,-34.92026839499990132),-57.91905693
Parada Arquitectura,Parada,Arquitectura,6,IGN/Ministerio de Transporte de la Nación,IGN,-34.90474613500000345),-57.9427749
Estación Florencio Varela,Estación,Florencio Varela,6,IGN/Trenes Argentinos,IGN,-34.81105864300000263),-58.273951
Estación Bosques,Estación,Bosques,6,IGN/Trenes Argentinos,IGN,-34.81926144300000203),-58.23046066
Estación Quilmes,Estación,Quilmes,6,IGN/Trenes Argentinos,IGN,-34.72460688999999689),-58.26058472
Estación Bernal,Estación,Bernal,6,IGN/Trenes Argentinos,IGN,-34.7092444709999981),-58.28039531
Estación Samborombón,Estación,Samborombón,2,IGN/Ministerio de Transporte de la Nación,IGN,-35.21960428399999898),-58.28136162
Estación Gobernador Obligado,Estación,Gobernador Obligado,2,IGN/Ministerio de Transporte de la Nación,IGN,-35.16320511999990117),-58.19865649
Estación Ángel Etcheverry,Estación,Ángel Etcheverry,2,IGN/Ministerio de Transporte de la Nación,IGN,-35.02708249999989931),-58.07099425
Estación Ignacio Correas,Estación,Ignacio Correas,2,IGN/Ministerio de Transporte de la Nación,IGN,-35.03284478699990245),-57.84255126
Estación Santa Sofía,Estación,Santa Sofía,6,IGN/Trenes Argentinos,IGN,-34.82506132399989696),-58.21346768
Estación Puerto La Plata,Estación,Puerto La Plata,6,IGN/Ministerio de Transporte de la Nación,IGN,-34.8655317050000022),-57.89782212
Estación Ringuelet,Estación,Ringuelet,6,IGN/Trenes Argentinos,IGN,-34.88146296499999721),-57.99595091
Estación Coronel Brandsen,Estación,Coronel Brandsen,6,IGN/Trenes Argentinos,IGN,-35.16772299000000146),-58.23194424
Estación Gómez,Estación,Gómez,2,IGN/Ministerio de Transporte de la Nación,IGN,-35.06751938299989746),-58.16660355
Estación Olidén,Estación,Olidén,2,IGN/Ministerio de Transporte de la Nación,IGN,-35.18453780999990244),-57.94870646
Estación Ranelagh,Estación,Ranelagh,6,IGN/Trenes Argentinos,IGN,-34.7893197829998968),-58.20353322
Estación Sourigues,Estación,Sourigues,6,IGN/Trenes Argentinos,IGN,-34.80719412599999885),-58.21319422
Estación Pereyra,Estación,Pereyra,6,IGN/Trenes Argentinos,IGN,-34.83662448799999822),-58.09480018
Estación Villa Elisa,Estación,Villa Elisa,6,IGN/Trenes Argentinos,IGN,-34.8497499339999024),-58.07510746
Estación City Bell,Estación,City Bell,6,IGN/Trenes Argentinos,IGN,-34.86539512699989984),-58.04258714
Estación Gonnet,Estación,Gonnet,6,IGN/Trenes Argentinos,IGN,-34.88004096299989953),-58.01059569
Estación Abasto,Estación,Abasto,2,IGN/Ministerio de Transporte de la Nación,IGN,-34.98357942099990225),-58.0922791
Estación Melchor Romero,Estación,Melchor Romero,4,IGN/Ministerio de Transporte de la Nación,IGN,-34.94746284799990121),-58.05296827
Estación Arana,Estación,Arana,2,IGN/Ministerio de Transporte de la Nación,IGN,-34.99733348000000177),-57.89012221
Estación Zeballos,Estación,Zeballos,6,IGN/Trenes Argentinos,IGN,-34.8110725630000033),-58.25676662
Estación Tolosa,Estación,Tolosa,6,IGN/Trenes Argentinos,IGN,-34.89086832200000288),-57.96796853
Estación Rufino de Elizalde,Estación,Rufino de Elizalde,2,IGN/Ministerio de Transporte de la Nación,IGN,-34.95787263599989814),-57.94350958
Estación Buchanan,Estación,Buchanan,2,IGN/Ministerio de Transporte de la Nación,IGN,-34.97612272299989655),-58.22636263
Estación Gutiérrez,Estación,Gutiérrez,6,IGN/Trenes Argentinos,IGN,-34.83387599199990348),-58.18555375
Estación Ezpeleta,Estación,Ezpeleta,6,IGN/Trenes Argentinos,IGN,-34.75175058899999669),-58.23418814
Estación Berazategui,Estación,Berazategui,6,IGN/Trenes Argentinos,IGN,-34.76387463100000019),-58.20877565
Estación Villa España,Estación,Villa España,6,IGN/Trenes Argentinos,IGN,-34.77438950199999823),-58.19504883
Estación Plátanos,Estación,Plátanos,6,IGN/Trenes Argentinos,IGN,-34.78228101500000236),-58.17077183
Estación Guillermo Enrique Hudson,Estación,Guillermo Enrique Hudson,6,IGN/Trenes Argentinos,IGN,-34.79105351499990206),-58.15531417
Parada Informática,Parada,Informática,6,IGN/Ministerio de Transporte de la Nación,IGN,-34.90303363299990025),-57.93719078
Parada Medicina,Parada,Medicina,6,IGN/Ministerio de Transporte de la Nación,IGN,-34.90890889500000327),-57.92796729
Estación La Plata,Estación,La Plata,6,IGN/Trenes Argentinos,IGN,-34.90369900400000347),-57.95045087
Estación José Hernández,Estación,José Hernández,2,IGN/Ministerio de Transporte de la Nación,IGN,-34.90706791299989931),-58.01886494
Estación Arturo Seguí,Estación,Arturo Seguí,2,IGN/Ministerio de Transporte de la Nación,IGN,-34.88860820799990137),-58.12694454
Estación Gorina,Estación,Gorina,2,IGN/Ministerio de Transporte de la Nación,IGN,-34.90879589600000088),-58.04084718
Estación Gobernador Monteverde,Estación,Gobernador Monteverde,2,IGN/Ministerio de Transporte de la Nación,IGN,-34.79653822200000235),-58.27714526
Estación Poblet,Estación,Poblet,2,IGN/Ministerio de Transporte de la Nación,IGN,-35.05834311199990339),-57.95264524
Estación Gómez de la Vega,Estación,Gómez de la Vega,2,IGN/Ministerio de Transporte de la Nación,IGN,-35.09027178699989946),-58.1373845
"Apeadero km 34,5",Apeadero,"km 34,5",6,IGN/Trenes Argentinos,IGN,-34.6801427290000035),-58.76025517
Estación José Ingenieros,Estación,José Ingenieros,6,IGN/Trenes Argentinos,IGN,-34.71069343900000348),-58.53725118
Estación Rafael Castillo,Estación,Rafael Castillo,6,IGN/Trenes Argentinos,IGN,-34.69960449699990335),-58.626278
Estación Isidro Casanova,Estación,Isidro Casanova,6,IGN/Trenes Argentinos,IGN,-34.70460752099999979),-58.58736049
Estación Merlo,Estación,Merlo,6,IGN/Trenes Argentinos,IGN,-34.66448588499999772),-58.72757697
Estación Ingeniero S. Brian,Estación,Ingeniero S. Brian,6,IGN/Trenes Argentinos,IGN,-34.65809196000000014),-58.573144
Estación San Antonio de Padua,Estación,San Antonio de Padua,6,IGN/Trenes Argentinos,IGN,-34.66567844899999784),-58.69884384
Estación Castelar,Estación,Castelar,6,IGN/Trenes Argentinos,IGN,-34.6523395330000028),-58.64293911
Estación San Justo,Estación,San Justo,6,IGN/Trenes Argentinos,IGN,-34.67387149500000021),-58.5559685
Estación Paso del Rey,Estación,Paso del Rey,6,IGN/Trenes Argentinos,IGN,-34.65813809699989889),-58.76265081
Estación Canning,Estación,Canning,2,IGN/Ministerio de Transporte de la Nación,IGN,-34.87759470200000322),-58.50788769
Estación Carlos Spegazinni,Estación,Carlos Spegazinni,6,IGN/Trenes Argentinos,IGN,-34.90996393799999709),-58.59446872
Estación Tapiales,Estación,Tapiales,6,IGN/Trenes Argentinos,IGN,-34.70235097099990185),-58.51165412
Estación Libertad,Estación,Libertad,6,IGN/Trenes Argentinos,IGN,-34.69203405799989781),-58.68644769
Estación Haedo,Estación,Haedo,6,IGN/Trenes Argentinos,IGN,-34.64455769300000298),-58.59186336
Estación Monte Grande,Estación,Monte Grande,6,IGN/Trenes Argentinos,IGN,-34.8149258089999023),-58.47076832
Estación La Salada,Estación,La Salada,2,IGN/Ministerio de Transporte de la Nación,IGN,-34.71883898999990237),-58.47286918
Estación Villa Madero,Estación,Villa Madero,6,IGN/Trenes Argentinos,IGN,-34.68432475200000198),-58.49310039
Estación Haedo,Estación,Haedo,6,IGN/Trenes Argentinos,IGN,-34.64508635199999986),-58.59194417
Estación J. Villegas,Estación,J. Villegas,6,IGN/Trenes Argentinos,IGN,-34.70906932599999806),-58.55194047
Estación Merlo Gómez,Estación,Merlo Gómez,6,IGN/Trenes Argentinos,IGN,-34.69696218299999657),-58.6475102
Estación Marinos del Crucero General Belgrano,Estación,Marinos del Crucero General Belgrano,6,IGN/Trenes Argentinos,IGN,-34.70872337799990248),-58.73097586
Estación Ciudadela,Estación,Ciudadela,6,IGN/Trenes Argentinos,IGN,-34.63992803400000042),-58.541304
Estación Ramos Mejía,Estación,Ramos Mejía,6,IGN/Trenes Argentinos,IGN,-34.6404550149999011),-58.5642715
Estación Ituzaingó,Estación,Ituzaingó,6,IGN/Trenes Argentinos,IGN,-34.65960128799999751),-58.66626209
Estación Morón,Estación,Morón,6,IGN/Trenes Argentinos,IGN,-34.64816100699989931),-58.61969198
Estación Tristán Suárez,Estación,Tristán Suárez,6,IGN/Trenes Argentinos,IGN,-34.88944172000000066),-58.56786124
Estación Unión Ferroviaria,Estación,Unión Ferroviaria,6,IGN/Trenes Argentinos,IGN,-34.87019808199990223),-58.54347904
Estación Ezeiza,Estación,Ezeiza,6,IGN/Trenes Argentinos,IGN,-34.8539379289999971),-58.52289427
Estación Querandí,Estación,Querandí,6,IGN/Trenes Argentinos,IGN,-34.72235219399990314),-58.53079794
Estación Laferrere,Estación,Laferrere,6,IGN/Trenes Argentinos,IGN,-34.75064756099990149),-58.58442404
Estación Aldo Bonzi,Estación,Aldo Bonzi,6,IGN/Trenes Argentinos,IGN,-34.71077849200000287),-58.51443178
Estación Tablada,Estación,Tablada,6,IGN/Trenes Argentinos,IGN,-34.69283895099989934),-58.528518
Estación González Catán,Estación,González Catán,6,IGN/Trenes Argentinos,IGN,-34.77178973899999903),-58.64681791
Estación 20 de Junio,Estación,20 de Junio,6,IGN/Trenes Argentinos,IGN,-34.7803415729999017),-58.73800242
Estación Ingeniero Budge,Estación,Ingeniero Budge,4,IGN/Ministerio de Transporte de la Nación,IGN,-34.71911204100000248),-58.46323991
Estación Km 34,Estación,Km 34,6,IGN/Trenes Argentinos,IGN,-34.743502508999903),-58.46507499
Estación María S. de Mendeville,Estación,María S. de Mendeville,6,IGN/Trenes Argentinos,IGN,-34.71237946299989829),-58.52419823
Parada Independencia,Parada,Independencia,6,IGN/Trenes Argentinos,IGN,-34.76024640899989748),-58.61560389
Estación María Eva Duarte,Estación,María Eva Duarte,6,IGN/Trenes Argentinos,IGN,-34.75621029900000281),-58.60071914
Estación Ingeniero Castello,Estación,Ingeniero Castello,6,IGN/Trenes Argentinos,IGN,-34.71034089199999784),-58.50592296
Estación Marinos del Fournier,Estación,Marinos del Fournier,6,IGN/Trenes Argentinos,IGN,-34.69010322599999796),-58.5075979
Estación Km 12,Estación,Km 12,6,IGN/Trenes Argentinos,IGN,-34.70998530299989682),-58.50611567
Estación P. P. Turner,Estación,P. P. Turner,6,IGN/Trenes Argentinos,IGN,-34.73368193299999973),-58.47418463
Estación de Elía,Estación,de Elía,6,IGN/Trenes Argentinos,IGN,-34.70989419499989737),-58.5060128
Estación El Jagüel,Estación,El Jagüel,6,IGN/Trenes Argentinos,IGN,-34.83326488099989859),-58.49635647
Estación Santa Catalina,Estación,Santa Catalina,6,IGN/Trenes Argentinos,IGN,-34.7803042020000035),-58.43755128
Estación Llavallol,Estación,Llavallol,6,IGN/Trenes Argentinos,IGN,-34.79705916599989735),-58.43012368
Estación Luis Guillón,Estación,Luis Guillón,6,IGN/Trenes Argentinos,IGN,-34.80323980099999659),-58.44874284
Estación Juan XXIII,Estación,Juan XXIII,6,IGN/Trenes Argentinos,IGN,-34.77122035400000044),-58.44429488
Estación San Miguel,Estación,San Miguel,6,IGN/Trenes Argentinos,IGN,-34.54424166799999796),-58.71297061
Estación Jose C. Paz,Estación,Jose C. Paz,6,IGN/Trenes Argentinos,IGN,-34.51905933999999831),-58.75062898
Estación Moreno,Estación,Moreno,6,IGN/Trenes Argentinos,IGN,-34.65030321099990118),-58.79032705
Estación La Reja,Estación,La Reja,6,IGN/Trenes Argentinos,IGN,-34.63981023400000225),-58.82798916
Estación Francisco Álvarez,Estación,Francisco Álvarez,6,IGN/Trenes Argentinos,IGN,-34.63225892100000181),-58.85497479
Estación Piñero,Estación,Piñero,2,IGN/Ministerio de Transporte de la Nación,IGN,-34.51547550000000086),-58.77074534
Estación Glew,Estación,Glew,6,IGN/Trenes Argentinos,IGN,-34.88857184499990183),-58.38384973
Estación Turdera,Estación,Turdera,6,IGN/Trenes Argentinos,IGN,-34.79503191100000237),-58.40818228
Estación Burzaco,Estación,Burzaco,6,IGN/Trenes Argentinos,IGN,-34.82510882799989815),-58.39149738
Estación Longchamps,Estación,Longchamps,6,IGN/Trenes Argentinos,IGN,-34.85954380300000111),-58.38736314
Estación Claypole,Estación,Claypole,6,IGN/Trenes Argentinos,IGN,-34.80134191299990221),-58.33818491
Estación Rafael Calzada,Estación,Rafael Calzada,6,IGN/Trenes Argentinos,IGN,-34.79679016899999766),-58.35910726
Estación Temperley,Estación,Temperley,6,IGN/Trenes Argentinos,IGN,-34.77601557399999876),-58.39643124
Estación Adrogué,Estación,Adrogué,6,IGN/Trenes Argentinos,IGN,-34.79809074299989646),-58.39436259
Estación José Mármol,Estación,José Mármol,6,IGN/Trenes Argentinos,IGN,-34.79203095399999768),-58.38123416
Estación Lomas de Zamora,Estación,Lomas de Zamora,6,IGN/Trenes Argentinos,IGN,-34.76116102799989704),-58.39736722
Estación Hospital Español,Estación,Hospital Español,6,IGN/Trenes Argentinos,IGN,-34.78616999399999798),-58.40810515
Estación Dante Ardigó,Estación,Dante Ardigó,6,IGN/Trenes Argentinos,IGN,-34.8089287719999021),-58.30269815
Estación Villa Rosa,Estación,Villa Rosa,6,IGN/Ferrovías,IGN,-34.41665537200000102),-58.87164569
Estación Ingeniero Maschwitz,Estación,Ingeniero Maschwitz,6,IGN/Trenes Argentinos,IGN,-34.38305580400000139),-58.73646279
Estación Zelaya,Estación,Zelaya,6,IGN/Trenes Argentinos,IGN,-34.37021048199989792),-58.86943542
Estación Matheu,Estación,Matheu,6,IGN/Trenes Argentinos,IGN,-34.38290034999990041),-58.82975362
Estación Escobar,Estación,Escobar,6,IGN/Trenes Argentinos,IGN,-34.34960634299989835),-58.79505244
Estación Del Viso,Estación,Del Viso,6,IGN/Ferrovías,IGN,-34.45370729999999782),-58.79631464
Estación Garín,Estación,Garín,6,IGN/Trenes Argentinos,IGN,-34.42162273099999936),-58.73678652
Estación Río Luján,Estación,Río Luján,6,IGN/Trenes Argentinos,IGN,-34.27798571599989685),-58.89043619
Estación Maquinista Savio,Estación,Maquinista Savio,6,IGN/Trenes Argentinos,IGN,-34.40692300900000333),-58.77209132
Estación Benavídez,Estación,Benavídez,6,IGN/Trenes Argentinos,IGN,-34.40936091799989782),-58.68464192
Estación López Camelo,Estación,López Camelo,6,IGN/Trenes Argentinos,IGN,-34.4469700089999975),-58.67743472
Estación A. Sordeaux,Estación,A. Sordeaux,6,IGN/Ferrovías,IGN,-34.50291933499990193),-58.66656749
Estación Ingeniero P. Nogués,Estación,Ingeniero P. Nogués,6,IGN/Ferrovías,IGN,-34.49366865299990081),-58.70637748
Estación Gran Bourg,Estación,Gran Bourg,6,IGN/Ferrovías,IGN,-34.48530781999990324),-58.7251112
Estación Villa de Mayo,Estación,Villa de Mayo,6,IGN/Ferrovías,IGN,-34.50348914900000352),-58.68079482
Estación Tortuguitas,Estación,Tortuguitas,6,IGN/Ferrovías,IGN,-34.47064956599999874),-58.75795656
Estación Manuel Alberti,Estación,Manuel Alberti,6,IGN/Ferrovías,IGN,-34.46276783199989779),-58.77562188
Estación Tierras Altas,Estación,Tierras Altas,6,IGN/Ferrovías,IGN,-34.47904752299999842),-58.73949633
Estación Los Polvorines,Estación,Los Polvorines,6,IGN/Ferrovías,IGN,-34.49905642299999897),-58.6947192
Estación Don Bosco,Estación,Don Bosco,6,IGN/Trenes Argentinos,IGN,-34.70329601099999906),-58.29616176
Estación Wilde,Estación,Wilde,6,IGN/Trenes Argentinos,IGN,-34.69751000600000168),-58.31116892
Estación Villa Domínico,Estación,Villa Domínico,6,IGN/Trenes Argentinos,IGN,-34.69153836699999971),-58.32550569
Estación Ingeniero Urcelay,Estación,Ingeniero Urcelay,2,IGN/Ministerio de Transporte de la Nación,IGN,-33.5934994030000027),-60.39027326
Estación Ortiz Basualdo,Estación,Ortiz Basualdo,2,IGN/Ministerio de Transporte de la Nación,IGN,-34.02942149999999799),-60.65480449
Apeadero 4 de Noviembre,Apeadero,4 de Noviembre,4,IGN/Ministerio de Transporte de la Nación,IGN,-34.15811826600000245),-60.80341234
Estación Fontezuela,Estación,Fontezuela,2,IGN/Ministerio de Transporte de la Nación,IGN,-33.91411156099999857),-60.4626349
Estación Mariano H. Alfonzo,Estación,Mariano H. Alfonzo,2,IGN/Ministerio de Transporte de la Nación,IGN,-33.91349877100000043),-60.83741918
Estación Arroyo del Medio,Estación,Arroyo del Medio,2,IGN/Ministerio de Transporte de la Nación,IGN,-33.58645741499999815),-60.77421199
Estación Guerrico,Estación,Guerrico,2,IGN/Ministerio de Transporte de la Nación,IGN,-33.67378490499989852),-60.39935098
Estación Conesa,Estación,Conesa,2,IGN/Ministerio de Transporte de la Nación,IGN,-33.59639001099999689),-60.3565552
Estación Rancagua,Estación,Rancagua,2,IGN/Ministerio de Transporte de la Nación,IGN,-34.03266740299989834),-60.50741265
Estación Arroyo Dulce,Estación,Arroyo Dulce,2,IGN/Ministerio de Transporte de la Nación,IGN,-34.09995436299990246),-60.40618327
Estación Carabelas,Estación,Carabelas,2,IGN/Ministerio de Transporte de la Nación,IGN,-34.0386719520000014),-60.86670722
Estación Roberto Cano,Estación,Roberto Cano,4,IGN/Ministerio de Transporte de la Nación,IGN,-34.08505501399999815),-60.66986221
Estación Pergamino,Estación,Pergamino,2,IGN/Ministerio de Transporte de la Nación,IGN,-33.89874979799999721),-60.56336931
Estación Tambo Nuevo,Estación,Tambo Nuevo,2,IGN/Ministerio de Transporte de la Nación,IGN,-33.96708034400000287),-60.57959219
Estación Francisco Ayerza,Estación,Francisco Ayerza,2,IGN/Ministerio de Transporte de la Nación,IGN,-33.83700879899990355),-60.56188154
Estación La Violeta,Estación,La Violeta,2,IGN/Ministerio de Transporte de la Nación,IGN,-33.73488220499999812),-60.17085478
Estación Pergamino,Estación,Pergamino,6,IGN/Ministerio de Transporte de la Nación,IGN,-33.88954592700000035),-60.56847976
Estación Urquiza,Estación,Urquiza,2,IGN/Ministerio de Transporte de la Nación,IGN,-33.92629506299989828),-60.38956594
Estación Pearson,Estación,Pearson,6,IGN/Ministerio de Transporte de la Nación,IGN,-33.65142370299999897),-60.89424529
Estación Manuel Ocampo,Estación,Manuel Ocampo,2,IGN/Ministerio de Transporte de la Nación,IGN,-33.7627857419998989),-60.64702731
Estación Pinzón,Estación,Pinzón,2,IGN/Ministerio de Transporte de la Nación,IGN,-33.99234490799999975),-60.73257737
Estación 12 de Agosto,Estación,12 de Agosto,2,IGN/Ministerio de Transporte de la Nación,IGN,-33.78247630199999918),-60.59299324
Estación Mariano Benítez,Estación,Mariano Benítez,2,IGN/Ministerio de Transporte de la Nación,IGN,-33.70793110599989717),-60.58739157
Estación Viña,Estación,Viña,2,IGN/Ministerio de Transporte de la Nación,IGN,-33.99314435000000145),-60.22856154
Estación Acevedo,Estación,Acevedo,2,IGN/Ministerio de Transporte de la Nación,IGN,-33.75344191999990073),-60.44359679
Estación Maguire,Estación,Maguire,2,IGN/Ministerio de Transporte de la Nación,IGN,-33.95470147799989746),-60.29544181
Estación Todd,Estación,Todd,2,IGN/Ministerio de Transporte de la Nación,IGN,-34.03382651300000106),-60.15718221
Estación Juan G. Pujol,Estación,Juan G. Pujol,2,IGN/Ministerio de Transporte de la Nación,IGN,-33.67255321300000048),-60.29457318
Estación El Socorro,Estación,El Socorro,2,IGN/Ministerio de Transporte de la Nación,IGN,-33.66145290799990164),-60.70588236
Estación Banfield,Estación,Banfield,6,IGN/Trenes Argentinos,IGN,-34.74374827100000118),-58.39549621
Estación Remedios de Escalada,Estación,Remedios de Escalada,6,IGN/Trenes Argentinos,IGN,-34.72680766999999946),-58.39379999
Estación Fiorito,Estación,Fiorito,2,IGN/Ministerio de Transporte de la Nación,IGN,-34.70546113500000018),-58.44095344
Estación Villa Caraza,Estación,Villa Caraza,2,IGN/Ministerio de Transporte de la Nación,IGN,-34.69807670599990246),-58.42920285
Estación Lanús,Estación,Lanús,6,IGN/Trenes Argentinos,IGN,-34.70731114400000195),-58.39080658
Estación El Palomar,Estación,El Palomar,6,IGN/Trenes Argentinos,IGN,-34.60484325099999836),-58.59615745
Estación Hurlinghan,Estación,Hurlinghan,6,IGN/Trenes Argentinos,IGN,-34.5910117879999035),-58.63229734
Estación Caseros,Estación,Caseros,6,IGN/Trenes Argentinos,IGN,-34.60474238500000155),-58.56511288
Estación J. M. Bosch,Estación,J. M. Bosch,6,IGN/Metrovías,IGN,-34.59003697699999691),-58.57197839
Estación Campodónico,Estación,Campodónico,2,IGN/Ministerio de Transporte de la Nación,IGN,-36.34773923599990297),-59.79231399
Estación Ariel,Estación,Ariel,2,IGN/Ministerio de Transporte de la Nación,IGN,-36.53179899199989933),-59.92236489
Estación Eufemio Uballes,Estación,Eufemio Uballes,2,IGN/Ministerio de Transporte de la Nación,IGN,-36.64321626799989673),-60.05379198
Estación Teniente Coronel Miñana,Estación,Teniente Coronel Miñana,2,IGN/Ministerio de Transporte de la Nación,IGN,-36.80524773699990249),-60.18891031
Estación Azul,Estación,Azul,6,IGN/Trenes Argentinos,IGN,-36.78585213199990278),-59.85298275
Estación Nieves,Estación,Nieves,6,IGN/Ministerio de Transporte de la Nación,IGN,-36.82856703600000259),-59.9904127
Estación Tapalqué,Estación,Tapalqué,2,IGN/Ministerio de Transporte de la Nación,IGN,-36.34497221200000183),-60.04053854
Estación Sierras Bayas,Estación,Sierras Bayas,2,IGN/Ministerio de Transporte de la Nación,IGN,-36.93925395000000123),-60.1609014
Estación Chillar,Estación,Chillar,2,IGN/Ministerio de Transporte de la Nación,IGN,-37.3086232200000012),-59.98190317
Estación Tedín Uriburu,Estación,Tedín Uriburu,2,IGN/Ministerio de Transporte de la Nación,IGN,-37.36888696199999771),-59.76380459
Estación Gardey,Estación,Gardey,6,IGN/Ministerio de Transporte de la Nación,IGN,-37.28377439100000146),-59.35940126
Estación Vela,Estación,Vela,6,IGN/Ministerio de Transporte de la Nación,IGN,-37.39922092300000145),-59.51155822
Estación Bernardo Vera y Pintado,Estación,Bernardo Vera y Pintado,2,IGN/Ministerio de Transporte de la Nación,IGN,-37.1970402199999981),-60.17354962
Estación Cacharí,Estación,Cacharí,6,IGN/Trenes Argentinos,IGN,-36.37337082799999877),-59.50714378
Estación Miramonte,Estación,Miramonte,2,IGN/Ministerio de Transporte de la Nación,IGN,-36.30899285999989701),-59.43577156
Estación Ricardo Gaviña,Estación,Ricardo Gaviña,2,IGN/Ministerio de Transporte de la Nación,IGN,-37.44454585399999758),-60.03917402
Estación Martín Colman,Estación,Martín Colman,2,IGN/Ministerio de Transporte de la Nación,IGN,-36.40985689000000036),-59.14347385
Estación Chapaleofú,Estación,Chapaleofú,2,IGN/Ministerio de Transporte de la Nación,IGN,-36.63992428800000312),-59.14834037
Estación Pardo,Estación,Pardo,2,IGN/Ministerio de Transporte de la Nación,IGN,-36.24505048200000346),-59.3652605
Estación Parish,Estación,Parish,2,IGN/Ministerio de Transporte de la Nación,IGN,-36.51839536300000333),-59.63403184
Estación Shaw,Estación,Shaw,2,IGN/Ministerio de Transporte de la Nación,IGN,-36.62342366199990096),-59.72630774
Estación Vicente Pereda,Estación,Vicente Pereda,4,IGN/Ministerio de Transporte de la Nación,IGN,-36.69930033499999666),-59.78277503
Estación Lazzarino,Estación,Lazzarino,2,IGN/Ministerio de Transporte de la Nación,IGN,-36.91984973400000314),-59.72031482
Estación Arroyo de los Huesos,Estación,Arroyo de los Huesos,2,IGN/Ministerio de Transporte de la Nación,IGN,-37.02226574699989925),-59.56204459
Estación La Pastora,Estación,La Pastora,2,IGN/Ministerio de Transporte de la Nación,IGN,-37.13831246599990266),-59.38849287
Desvío Cerro Chato,Desvío,Cerro Chato,4,IGN/Ministerio de Transporte de la Nación,IGN,-37.2715436639999993),-59.22904305
Estación Pablo Acosta,Estación,Pablo Acosta,4,IGN/Ministerio de Transporte de la Nación,IGN,-37.16054151000000161),-59.65193659
Estación Martín Fierro,Estación,Martín Fierro,2,IGN/Ministerio de Transporte de la Nación,IGN,-37.23235111299990052),-59.82246114
Estación Crotto,Estación,Crotto,2,IGN/Ministerio de Transporte de la Nación,IGN,-36.57755931700000218),-60.16803531
Estación Altona,Estación,Altona,2,IGN/Ministerio de Transporte de la Nación,IGN,-36.47455088899990017),-60.12261283
Estación Tropezón,Estación,Tropezón,6,IGN/Metrovías,IGN,-34.59193521499999946),-58.559406
Estación Malaver,Estación,Malaver,6,IGN/Trenes Argentinos,IGN,-34.55741457499990332),-58.54778007
Estación Carapachay,Estación,Carapachay,6,IGN/Ferrovías,IGN,-34.52885224900000338),-58.53742485
Estación Vicealmirante E. Montes,Estación,Vicealmirante E. Montes,6,IGN/Ferrovías,IGN,-34.50406379599999696),-58.6199103
Estación Villa Adelina,Estación,Villa Adelina,6,IGN/Ferrovías,IGN,-34.52364291800000018),-58.54619974
Estación Munro,Estación,Munro,6,IGN/Ferrovías,IGN,-34.53175212199990085),-58.52382733
Estación Florida,Estación,Florida,6,IGN/Ferrovías,IGN,-34.53713424400000065),-58.51316635
Estación Lourdes,Estación,Lourdes,6,IGN/Metrovías,IGN,-34.59381546000000185),-58.54707595
Estación Coronel F. Lynch,Estación,Coronel F. Lynch,6,IGN/Metrovías,IGN,-34.59712345999999883),-58.52441973
Estación Villa Ballester,Estación,Villa Ballester,6,IGN/Trenes Argentinos,IGN,-34.55097932199989685),-58.55615648
Estación Coronel M. Chilavert,Estación,Coronel M. Chilavert,6,IGN/Trenes Argentinos,IGN,-34.54214753600000165),-58.56694726
Estación Boulogne Sur Mer,Estación,Boulogne Sur Mer,6,IGN/Ferrovías,IGN,-34.50875567799990051),-58.56523926
Estación Martín Coronado,Estación,Martín Coronado,6,IGN/Metrovías,IGN,-34.58902510799990182),-58.59102815
Estación General San Martín,Estación,General San Martín,6,IGN/Trenes Argentinos,IGN,-34.57370890300000355),-58.53178214
Estación San Andrés,Estación,San Andrés,6,IGN/Trenes Argentinos,IGN,-34.56366815999999886),-58.5404529
Estación Jose León Suárez,Estación,Jose León Suárez,6,IGN/Trenes Argentinos,IGN,-34.53459018299999883),-58.57605548
Estación Pablo Podestá,Estación,Pablo Podestá,6,IGN/Metrovías,IGN,-34.58842314599999668),-58.60704452
Estación Fernández Moreno,Estación,Fernández Moreno,6,IGN/Metrovías,IGN,-34.59559462999990131),-58.53535985
Estación Los Cardales,Estación,Los Cardales,6,IGN/Trenes Argentinos,IGN,-34.33097031900000218),-58.98749785
Estación Santa Coloma,Estación,Santa Coloma,2,IGN/Ministerio de Transporte de la Nación,IGN,-34.43305989999989691),-59.02666763
Estación Juan Vucetich,Estación,Juan Vucetich,2,IGN/Ministerio de Transporte de la Nación,IGN,-34.50721036499989935),-58.80004219
Estación Presidente Derqui,Estación,Presidente Derqui,6,IGN/Trenes Argentinos,IGN,-34.49068671199999869),-58.83921535
Estación Toro,Estación,Toro,2,IGN/Ministerio de Transporte de la Nación,IGN,-34.49435772499990094),-58.84455257
Estación Pilar,Estación,Pilar,6,IGN/Trenes Argentinos,IGN,-34.46882022700000192),-58.90799004
Estación Pilar,Estación,Pilar,2,IGN/Ministerio de Transporte de la Nación,IGN,-34.46460188199999664),-58.9167705
Estación Manzanares,Estación,Manzanares,6,IGN/Trenes Argentinos,IGN,-34.45218712999999866),-59.00680414
Estación Villa Astolfi,Estación,Villa Astolfi,6,IGN/Trenes Argentinos,IGN,-34.47858460500000177),-58.87692907
Estación Manzone,Estación,Manzone,2,IGN/Ministerio de Transporte de la Nación,IGN,-34.48616620199990024),-58.87550921
Estación Sol y Verde,Estación,Sol y Verde,6,IGN/Trenes Argentinos,IGN,-34.50354441699990105),-58.79870229
Estación Pavón,Estación,Pavón,2,IGN/Ministerio de Transporte de la Nación,IGN,-34.38156950199989836),-59.03946962
Estación Palemón Huergo,Estación,Palemón Huergo,2,IGN/Ministerio de Transporte de la Nación,IGN,-34.79980958499989896),-60.20772482
Estación Rawson,Estación,Rawson,6,IGN/Trenes Argentinos,IGN,-34.61054542999990247),-60.06750484
Estación Cucha Cucha,Estación,Cucha Cucha,2,IGN/Ministerio de Transporte de la Nación,IGN,-34.62182447699999699),-60.40825215
Estación Chacabuco,Estación,Chacabuco,6,IGN/Trenes Argentinos,IGN,-34.62977718699990248),-60.47020985
Estación Castilla,Estación,Castilla,6,IGN/Trenes Argentinos,IGN,-34.61067678500000255),-59.89731938
Estación Irala,Estación,Irala,2,IGN/Ministerio de Transporte de la Nación,IGN,-34.76839654100000132),-60.69182931
Estación Coronel Mom,Estación,Coronel Mom,2,IGN/Ministerio de Transporte de la Nación,IGN,-34.84050735999989712),-60.30185047
Estación Emilio Ayarza,Estación,Emilio Ayarza,2,IGN/Ministerio de Transporte de la Nación,IGN,-34.74959876599999831),-60.04656491
Estación Tres Sargentos,Estación,Tres Sargentos,2,IGN/Ministerio de Transporte de la Nación,IGN,-34.4649798940000025),-59.99899828
Estación Ingeniero Silveyra,Estación,Ingeniero Silveyra,2,IGN/Ministerio de Transporte de la Nación,IGN,-34.52409086800000182),-60.19876563
Estación Los Ángeles,Estación,Los Ángeles,2,IGN/Ministerio de Transporte de la Nación,IGN,-34.45703465100000074),-60.18024088
Estación Gregoria Villafañe,Estación,Gregoria Villafañe,4,IGN/Ministerio de Transporte de la Nación,IGN,-34.71408103600000317),-60.60107801
Estación O'Higgins,Estación,O'Higgins,6,IGN/Trenes Argentinos,IGN,-34.58163652100000007),-60.70024926
Estación Membrillar,Estación,Membrillar,2,IGN/Ministerio de Transporte de la Nación,IGN,-34.59182887799990169),-60.61117975
Estación Coliqueo,Estación,Coliqueo,2,IGN/Ministerio de Transporte de la Nación,IGN,-34.66236413099989733),-60.54176542
Estación San Patricio,Estación,San Patricio,2,IGN/Ministerio de Transporte de la Nación,IGN,-34.61441551400000094),-60.24696246
Estación Coronel Isleño,Estación,Coronel Isleño,2,IGN/Ministerio de Transporte de la Nación,IGN,-34.42392142799999988),-60.40387012
Estación Monroe,Estación,Monroe,2,IGN/Ministerio de Transporte de la Nación,IGN,-34.45907603799999919),-60.28945103
Estación Darío Santillán y Maximilian Kosteski,Estación,Darío Santillán y Maximilian Kosteski,6,IGN/Ministerio de Transporte de la Nación,IGN,-34.6620435430000029),-58.37681755
Estación Villa Diamante,Estación,Villa Diamante,2,IGN/Ministerio de Transporte de la Nación,IGN,-34.6813226720000003),-58.42848551
Estación Sarandí,Estación,Sarandí,6,IGN/Trenes Argentinos,IGN,-34.67878799499990095),-58.3450281
Estación Puente Alsina,Estación,Puente Alsina,2,IGN/Ministerio de Transporte de la Nación,IGN,-34.66103703499990019),-58.41563665
Estación Gerli,Estación,Gerli,6,IGN/Trenes Argentinos,IGN,-34.68642644599999869),-58.38302583
Estación Spurr,Estación,Spurr,2,IGN/Ministerio de Transporte de la Nación,IGN,-38.75477856799989951),-62.25458283
Estación Bahía Blanca Sud,Estación,Bahía Blanca Sud,6,IGN/Ministerio de Transporte de la Nación,IGN,-38.72154476299989767),-62.25470318
Estación Grünbein,Estación,Grünbein,6,IGN/Ministerio de Transporte de la Nación,IGN,-38.7540365059999985),-62.18108163
Estación Cabildo,Estación,Cabildo,2,IGN/Ministerio de Transporte de la Nación,IGN,-38.48386753999989907),-61.89563646
Estación Bajo Hondo,Estación,Bajo Hondo,2,IGN/Ministerio de Transporte de la Nación,IGN,-38.76496654099999972),-61.91992995
Estación General Cerri,Estación,General Cerri,2,IGN/Ministerio de Transporte de la Nación,IGN,-38.70164633000000265),-62.4102863
Estación Bahía Blanca Noroeste,Estación,Bahía Blanca Noroeste,2,IGN/Ministerio de Transporte de la Nación,IGN,-38.7237352839999005),-62.28236812
Estación Argerich,Estación,Argerich,2,IGN/Ministerio de Transporte de la Nación,IGN,-38.77155829399990239),-62.60275821
Estación Ingeniero White,Estación,Ingeniero White,2,IGN/Ministerio de Transporte de la Nación,IGN,-38.78198187999989699),-62.26119823
Estación Cochrane,Estación,Cochrane,4,IGN/Ministerio de Transporte de la Nación,IGN,-38.5657551409999968),-61.98829363
Estación Corti,Estación,Corti,2,IGN/Ministerio de Transporte de la Nación,IGN,-38.62191748499999733),-62.05967669
Estación Calderón,Estación,Calderón,2,IGN/Ministerio de Transporte de la Nación,IGN,-38.72323157799999649),-62.06044878
Empalme Grübein,Empalme,Grübein,2,IGN/Ministerio de Transporte de la Nación,IGN,-38.75603327999989745),-62.0760475
Estación La Vitícola,Estación,La Vitícola,2,IGN/Ministerio de Transporte de la Nación,IGN,-38.52340872399999938),-62.28920403
Estación Napostá,Estación,Napostá,2,IGN/Ministerio de Transporte de la Nación,IGN,-38.43965996099999671),-62.24486334
Estación García del Río,Estación,García del Río,2,IGN/Ministerio de Transporte de la Nación,IGN,-38.36324794899999802),-62.2053558
Estación Alférez San Martín,Estación,Alférez San Martín,2,IGN/Ministerio de Transporte de la Nación,IGN,-38.63267232599999801),-62.52837099
Estación Aguará,Estación,Aguará,2,IGN/Ministerio de Transporte de la Nación,IGN,-38.72474604799990061),-62.38339443
Estación Bajo Hondo,Estación,Bajo Hondo,2,IGN/Ministerio de Transporte de la Nación,IGN,-38.75360118899990169),-61.91936497
Estación Paso Mayor,Estación,Paso Mayor,2,IGN/Ministerio de Transporte de la Nación,IGN,-38.67131392499990028),-61.78974223
Estación Miramar,Estación,Miramar,2,IGN/Ministerio de Transporte de la Nación,IGN,-38.26218132700000041),-57.84270285
Estación San Manuel,Estación,San Manuel,2,IGN/Ministerio de Transporte de la Nación,IGN,-37.79037616400000132),-58.84608629
Estación Lumb,Estación,Lumb,2,IGN/Ministerio de Transporte de la Nación,IGN,-38.21739162099989784),-59.3141496
Estación Defferrari,Estación,Defferrari,4,IGN/Ministerio de Transporte de la Nación,IGN,-38.30199611599989851),-59.38749046
Estación La Dulce,Estación,La Dulce,2,IGN/Ministerio de Transporte de la Nación,IGN,-38.27972298299989973),-59.20428238
Estación Quequén,Estación,Quequén,2,IGN/Ministerio de Transporte de la Nación,IGN,-38.53478439899990349),-58.71232401
Estación Lobería,Estación,Lobería,2,IGN/Ministerio de Transporte de la Nación,IGN,-38.15266659699990015),-58.77910509
Estación San Cayetano,Estación,San Cayetano,2,IGN/Ministerio de Transporte de la Nación,IGN,-38.34130606099999738),-59.61218971
Estación Juan N. Fernández,Estación,Juan N. Fernández,2,IGN/Ministerio de Transporte de la Nación,IGN,-38.00584904699999811),-59.26147505
Estación Tamangueyú,Estación,Tamangueyú,2,IGN/Ministerio de Transporte de la Nación,IGN,-38.20228303799999736),-58.73611989
Estación Alfredo Fortabat,Estación,Alfredo Fortabat,2,IGN/Ministerio de Transporte de la Nación,IGN,-37.67956853100000103),-59.39297501
Estación Ramón Santamarina,Estación,Ramón Santamarina,2,IGN/Ministerio de Transporte de la Nación,IGN,-38.44911463499990134),-59.33255917
Estación San José,Estación,San José,2,IGN/Ministerio de Transporte de la Nación,IGN,-38.17645467199999842),-59.00717733
Estación El Lenguaraz,Estación,El Lenguaraz,2,IGN/Ministerio de Transporte de la Nación,IGN,-38.06753564499999953),-58.85918604
Estación Licenciado Matienzo,Estación,Licenciado Matienzo,2,IGN/Ministerio de Transporte de la Nación,IGN,-37.90889791499999717),-58.91254239
Estación Napaleufú,Estación,Napaleufú,2,IGN/Ministerio de Transporte de la Nación,IGN,-37.62418962000000278),-58.74834551
Estación Barker,Estación,Barker,2,IGN/Ministerio de Transporte de la Nación,IGN,-37.63758615799999774),-59.38679807
Estación La Negra,Estación,La Negra,2,IGN/Ministerio de Transporte de la Nación,IGN,-37.79099243499999972),-59.3154339
Estación Claraz,Estación,Claraz,2,IGN/Ministerio de Transporte de la Nación,IGN,-37.89016024499989754),-59.28595823
Estación Pieres,Estación,Pieres,2,IGN/Ministerio de Transporte de la Nación,IGN,-38.39426417300000338),-58.67191399
Estación Las Parvas,Estación,Las Parvas,2,IGN/Ministerio de Transporte de la Nación,IGN,-34.56549389799990024),-61.12988987
"Desvío Km 35,7",Desvío,"Km 35,7",2,IGN/Ministerio de Transporte de la Nación,IGN,-34.28727191799990237),-60.76674596
Estación Morse,Estación,Morse,2,IGN/Ministerio de Transporte de la Nación,IGN,-34.75801279400000254),-60.84039135
Estación Baigorrita,Estación,Baigorrita,6,IGN/Ministerio de Transporte de la Nación,IGN,-34.74366566500000175),-60.9878088
Estación Saforcada,Estación,Saforcada,2,IGN/Ministerio de Transporte de la Nación,IGN,-34.57483725499999849),-61.07808211
Estación Blandengues,Estación,Blandengues,4,IGN/Ministerio de Transporte de la Nación,IGN,-34.54250338100000306),-61.2532577
Estación Agustina,Estación,Agustina,2,IGN/Ministerio de Transporte de la Nación,IGN,-34.45655772899989699),-61.06848681
Estación Bermúdez,Estación,Bermúdez,2,IGN/Ministerio de Transporte de la Nación,IGN,-34.69486458599990186),-61.32867615
Estación Junín,Estación,Junín,6,IGN/Trenes Argentinos,IGN,-34.58427380900000259),-60.94965186
Estación Fortín Tiburcio,Estación,Fortín Tiburcio,2,IGN/Ministerio de Transporte de la Nación,IGN,-34.34607821299989894),-61.13117543
Estación Agustín Roca,Estación,Agustín Roca,2,IGN/Ministerio de Transporte de la Nación,IGN,-34.50730258200000122),-60.86483331
Estación Laplacette,Estación,Laplacette,6,IGN/Ministerio de Transporte de la Nación,IGN,-34.72476669799989679),-61.15217368
Estación La Oriental,Estación,La Oriental,2,IGN/Ministerio de Transporte de la Nación,IGN,-34.56847710800000328),-60.81633131
Estación Los Indios,Estación,Los Indios,2,IGN/Ministerio de Transporte de la Nación,IGN,-34.3722234560000004),-60.65433985
Estación Agustín Ferrari,Estación,Agustín Ferrari,6,IGN/Trenes Argentinos,IGN,-34.70610020999990297),-58.77937368
Estación Mariano Acosta,Estación,Mariano Acosta,6,IGN/Trenes Argentinos,IGN,-34.72443244899989878),-58.79294707
Estación Palantelén,Estación,Palantelén,2,IGN/Ministerio de Transporte de la Nación,IGN,-35.16729499600000253),-60.33487681
Desvío Km 234,Desvío,Km 234,2,IGN/Ministerio de Transporte de la Nación,IGN,-35.38930443399989656),-60.604786
Estación Araujo,Estación,Araujo,4,IGN/Ministerio de Transporte de la Nación,IGN,-35.30366493299990083),-60.32689237
Estación Ortiz de Rosas,Estación,Ortiz de Rosas,2,IGN/Ministerio de Transporte de la Nación,IGN,-35.40147443299999708),-60.37807869
Estación La Limpia,Estación,La Limpia,2,IGN/Ministerio de Transporte de la Nación,IGN,-35.0805149039999975),-60.59092496
Estación Mechita,Estación,Mechita,6,IGN/Trenes Argentinos,IGN,-35.0662719299999992),-60.40663287
Estación Bragado,Estación,Bragado,6,IGN/Trenes Argentinos,IGN,-35.11973265799999666),-60.47854404
Estación San Emilio,Estación,San Emilio,2,IGN/Ministerio de Transporte de la Nación,IGN,-35.03275367100000182),-60.86524903
Estación Warnes,Estación,Warnes,2,IGN/Ministerio de Transporte de la Nación,IGN,-34.91086193499999979),-60.5407231
Estación Máximo Fernández,Estación,Máximo Fernández,2,IGN/Ministerio de Transporte de la Nación,IGN,-35.06156987600000008),-60.70474998
Estación Carlos María Naón,Estación,Carlos María Naón,2,IGN/Ministerio de Transporte de la Nación,IGN,-35.24032607399990269),-60.82495281
Estación General O' Brien,Estación,General O'Brien,2,IGN/Ministerio de Transporte de la Nación,IGN,-34.91031861799999803),-60.76359405
Estación Coronel Seguí,Estación,Coronel Seguí,2,IGN/Ministerio de Transporte de la Nación,IGN,-34.86621829399999939),-60.39612492
Estación Dennehy,Estación,Dennehy,2,IGN/Ministerio de Transporte de la Nación,IGN,-35.35164200199989892),-60.74496581
Estación Olascoaga,Estación,Olascoaga,2,IGN/Ministerio de Transporte de la Nación,IGN,-35.23672708200000159),-60.6098723
Estación Comodoro Py,Estación,Comodoro Py,2,IGN/Ministerio de Transporte de la Nación,IGN,-35.32056857299990327),-60.52408406
Estación Asamblea,Estación,Asamblea,2,IGN/Ministerio de Transporte de la Nación,IGN,-35.22549435399999851),-60.41619307
Estación Larrea,Estación,Larrea,2,IGN/Ministerio de Transporte de la Nación,IGN,-35.0515225249999034),-60.36641428
Estación La Lucila,Estación,La Lucila,6,IGN/Trenes Argentinos,IGN,-34.49751003899999802),-58.4884485
Estación Borges,Estación,Borges,6,IGN/Trenes Argentinos,IGN,-34.50856210399999924),-58.48465937
Estación Olivos,Estación,Olivos,6,IGN/Trenes Argentinos,IGN,-34.50739194199999815),-58.48088427
Estación Aristóbulo del Valle,Estación,Aristóbulo del Valle,6,IGN/Trenes Argentinos,IGN,-34.53753581899999858),-58.47801059
Estación Florida,Estación,Florida,6,IGN/Trenes Argentinos,IGN,-34.53036232499989922),-58.49461893
Estación Bartolomé Mitre,Estación,Bartolomé Mitre,6,IGN/Trenes Argentinos,IGN,-34.51480687200000119),-58.48906674
Estación Vicente López,Estación,Vicente López,6,IGN/Trenes Argentinos,IGN,-34.52442165199990143),-58.4730483
Estación Rivadavia,Estación,Rivadavia,6,IGN/USIG,IGN,-34.53625588199999896),-58.46825152
Estación Dr. Cetrángolo,Estación,Dr. Cetrángolo,6,IGN/Trenes Argentinos,IGN,-34.52258289600000296),-58.49393479
Estación Juan B. Justo,Estación,Juan B. Justo,6,IGN/Trenes Argentinos,IGN,-34.54251597599989765),-58.49477256
Estación M. M. Padilla,Estación,M. M. Padilla,6,IGN/Ferrovías,IGN,-34.54336817599990184),-58.50061485
Estación Maipú,Estación,Maipú,6,IGN/Trenes Argentinos,IGN,-34.51366309499999829),-58.48821798
Estación Libertador,Estación,Libertador,6,IGN/Trenes Argentinos,IGN,-34.50250198299990245),-58.48223217
Estación Tandil,Estación,Tandil,6,IGN/Ministerio de Transporte de la Nación,IGN,-37.31075109300000037),-59.13649909
Estación López,Estación,López,4,IGN/Ministerio de Transporte de la Nación,IGN,-37.55272703399990064),-59.62578591
Estación Fulton,Estación,Fulton,2,IGN/Ministerio de Transporte de la Nación,IGN,-37.41615281299989704),-58.80852674
Desvío Aguirre,Desvío,Aguirre,2,IGN/Ministerio de Transporte de la Nación,IGN,-37.34581375799999847),-59.00043007
Estación Azucena,Estación,Azucena,2,IGN/Ministerio de Transporte de la Nación,IGN,-37.49043995099999904),-59.29323248
Estación Cangallo,Estación,Cangallo,2,IGN/Ministerio de Transporte de la Nación,IGN,-37.21579899900000044),-58.68227599
"Apeadero Km 359,760",Apeadero,"Km 359,760",2,IGN/Ministerio de Transporte de la Nación,IGN,-37.22693606600000038),-58.75339884
Estación Iraola,Estación,Iraola,2,IGN/Ministerio de Transporte de la Nación,IGN,-37.25246992999999662),-58.91879588
Estación Egaña,Estación,Egaña,2,IGN/Ministerio de Transporte de la Nación,IGN,-36.96208050500000297),-59.09656282
Estación De la Canal,Estación,De la Canal,2,IGN/Ministerio de Transporte de la Nación,IGN,-37.12731071399999649),-59.10475671
Estación Gerente Cilley,Estación,Gerente Cilley,4,IGN/Ministerio de Transporte de la Nación,IGN,-35.48649103599999677),-60.50004603
Estación Mulcachy,Estación,Mulcachy,2,IGN/Ministerio de Transporte de la Nación,IGN,-35.49356631599989953),-60.71212934
Estación Amalia,Estación,Amalia,2,IGN/Ministerio de Transporte de la Nación,IGN,-35.46434217199990258),-61.03457476
Estación Galo Llorente,Estación,Galo Llorente,2,IGN/Ministerio de Transporte de la Nación,IGN,-35.49298548899999872),-61.15635312
Estación Gobernador Arias,Estación,Gobernador Arias,2,IGN/Ministerio de Transporte de la Nación,IGN,-35.53857681200000229),-61.34461026
Estación Mauricio Hirsch,Estación,Mauricio Hirsch,2,IGN/Ministerio de Transporte de la Nación,IGN,-35.58135108399989832),-61.52474811
Estación Norumbega,Estación,Norumbega,2,IGN/Ministerio de Transporte de la Nación,IGN,-35.53287215299999957),-60.79401486
Estación 12 de Octubre,Estación,12 de Octubre,2,IGN/Ministerio de Transporte de la Nación,IGN,-35.60767896299999791),-60.9170192
Estación Bacacay,Estación,Bacacay,2,IGN/Ministerio de Transporte de la Nación,IGN,-35.65168003400000174),-61.02696219
Estación La Sofía,Estación,La Sofía,2,IGN/Ministerio de Transporte de la Nación,IGN,-35.70025136499990026),-61.16887615
Estación Cadret,Estación,Cadret,2,IGN/Ministerio de Transporte de la Nación,IGN,-35.77321431499999704),-61.33357101
Estación Centenario,Estación,Centenario,2,IGN/Ministerio de Transporte de la Nación,IGN,-35.83610217099990081),-61.43268112
Estación Bellocq,Estación,Bellocq,2,IGN/Ministerio de Transporte de la Nación,IGN,-35.91669986899999856),-61.52850082
Estación Fauzón,Estación,Fauzón,2,IGN/Ministerio de Transporte de la Nación,IGN,-35.38914818099989645),-61.00575634
Estación La Niña,Estación,La Niña,2,IGN/Ministerio de Transporte de la Nación,IGN,-35.40609174400000114),-61.2115904
Estación El Jabalí,Estación,El Jabalí,2,IGN/Ministerio de Transporte de la Nación,IGN,-35.44525247600000029),-61.35013972
Estación Moctezuma,Estación,Moctezuma,2,IGN/Ministerio de Transporte de la Nación,IGN,-35.4757977399999973),-61.49278234
Estación Santo Tomás,Estación,Santo Tomás,2,IGN/Ministerio de Transporte de la Nación,IGN,-35.67629408900000243),-61.51250889
Estación 9 de Julio Norte,Estación,9 de Julio Norte,2,IGN/Ministerio de Transporte de la Nación,IGN,-35.43749071500000269),-60.89810315
Estación Agustín Mosconi,Estación,Agustín Mosconi,2,IGN/Ministerio de Transporte de la Nación,IGN,-35.73639589799999783),-60.55881249
Estación Morea,Estación,Morea,2,IGN/Ministerio de Transporte de la Nación,IGN,-35.55567662600000034),-60.56046684
Estación Patricios,Estación,Patricios,2,IGN/Ministerio de Transporte de la Nación,IGN,-35.4383132130000007),-60.71825005
Estación Manuel B. Gonnet,Estación,Manuel B. Gonnet,2,IGN/Ministerio de Transporte de la Nación,IGN,-35.5152451989998994),-61.00129478
Estación La Dorita,Estación,La Dorita,2,IGN/Ministerio de Transporte de la Nación,IGN,-35.59174468500000188),-61.24317772
Estación Carlos Casares,Estación,Carlos Casares,2,IGN/Ministerio de Transporte de la Nación,IGN,-35.62946478700000341),-61.36320817
Estación Facundo Quiroga,Estación,Facundo Quiroga,2,IGN/Ministerio de Transporte de la Nación,IGN,-35.29087923099999813),-61.40761414
Estación Huetel,Estación,Huetel,2,IGN/Ministerio de Transporte de la Nación,IGN,-35.82306584899990298),-60.64299465
Estación Valdés,Estación,Valdés,2,IGN/Ministerio de Transporte de la Nación,IGN,-35.64727661999999953),-60.46916641
Estación 9 de Julio,Estación,9 de Julio,2,IGN/Ministerio de Transporte de la Nación,IGN,-35.45410175699989708),-60.87686034
Estación Cambaceres,Estación,Cambaceres,2,IGN/Ministerio de Transporte de la Nación,IGN,-35.55450056400000136),-61.12513179
Estación Ramón J. Neild,Estación,Ramón J. Neild,2,IGN/Ministerio de Transporte de la Nación,IGN,-35.22100339299989713),-61.22429027
Estación El Tejar,Estación,El Tejar,2,IGN/Ministerio de Transporte de la Nación,IGN,-35.2221894739998973),-61.04515609
Estación del Valle,Estación,del Valle,2,IGN/Ministerio de Transporte de la Nación,IGN,-35.89620829199999719),-60.73244172
Estación El Paraiso,Estación,El Paraiso,2,IGN/Ministerio de Transporte de la Nación,IGN,-33.57050188999990326),-59.97834775
Estación Cernadas,Estación,Cernadas,2,IGN/Ministerio de Transporte de la Nación,IGN,-33.47399142300000108),-60.2889002
Estación Ramallo,Estación,Ramallo,6,IGN/Trenes Argentinos,IGN,-33.50192122999990119),-60.06758353
Estación Gobernador Castro,Estación,Gobernador Castro,6,IGN/Ministerio de Transporte de la Nación,IGN,-33.65921685299999666),-59.86896694
Estación Colonia Velaz,Estación,Colonia Velaz,2,IGN/Ministerio de Transporte de la Nación,IGN,-33.80932258899999709),-60.02872289
Estación Pérez Millán,Estación,Pérez Millán,2,IGN/Ministerio de Transporte de la Nación,IGN,-33.7742197310000023),-60.09696826
Estación Erezcano,Estación,Erezcano,2,IGN/Ministerio de Transporte de la Nación,IGN,-33.52194423600000306),-60.31530807
Estación San Nicolás,Estación,San Nicolás,6,IGN/Trenes Argentinos,IGN,-33.34427561199989754),-60.22605487
Estación Alejandro Korn,Estación,Alejandro Korn,6,IGN/Trenes Argentinos,IGN,-34.98050756899989722),-58.37391201
Estación San Vicente,Estación,San Vicente,2,IGN/Ministerio de Transporte de la Nación,IGN,-35.03147152100000028),-58.41543719
Estación Domselaar,Estación,Domselaar,6,IGN/Trenes Argentinos,IGN,-35.07049781500000307),-58.29047884
Estación Udaondo,Estación,Udaondo,2,IGN/Ministerio de Transporte de la Nación,IGN,-35.29660780999999758),-58.59838571
Parada Km 89/150,Parada,Km 89/150,2,IGN/Ministerio de Transporte de la Nación,IGN,-35.30568613199989869),-58.66035813
Estación Goyeneche,Estación,Goyeneche,2,IGN/Ministerio de Transporte de la Nación,IGN,-35.3405494169999983),-58.72150614
Estación Francisco A. Berra,Estación,Francisco A. Berra,2,IGN/Ministerio de Transporte de la Nación,IGN,-35.37529632100000043),-58.85058389
Estación General Hornos,Estación,General Hornos,6,IGN/Trenes Argentinos,IGN,-34.89236110199990293),-58.91785461
Estación Uribelarrea,Estación,Uribelarrea,2,IGN/Ministerio de Transporte de la Nación,IGN,-35.11536260700000156),-58.89870705
Estación Cañuelas,Estación,Cañuelas,6,IGN/Trenes Argentinos,IGN,-35.05926114199999688),-58.75451262
Estación Abbott,Estación,Abbott,6,IGN/Ministerio de Transporte de la Nación,IGN,-35.28137407500000222),-58.80303355
Estación Dr. R. Levene,Estación,Dr. R. Levene,6,IGN/Trenes Argentinos,IGN,-35.02183009999990304),-58.72389309
Estación Vicente Casares,Estación,Vicente Casares,6,IGN/Trenes Argentinos,IGN,-34.96233734299990203),-58.64795791
Estación Máximo Paz,Estación,Máximo Paz,6,IGN/Trenes Argentinos,IGN,-34.93641394499999819),-58.62058637
Estación Alejandro Petión,Estación,Alejandro Petión,6,IGN/Trenes Argentinos,IGN,-34.97750955099999715),-58.67450627
Estación Kloosterman,Estación,Kloosterman,6,IGN/Trenes Argentinos,IGN,-34.98642593099989995),-58.68965863
Estación La Noria,Estación,La Noria,4,IGN/Ministerio de Transporte de la Nación,IGN,-35.16512801700000068),-58.78833255
Estación Las Juanitas,Estación,Las Juanitas,2,IGN/Ministerio de Transporte de la Nación,IGN,-35.62438182700000056),-61.70237231
Estación Pedro Gamen,Estación,Pedro Gamen,2,IGN/Ministerio de Transporte de la Nación,IGN,-35.64761587600000325),-61.83854992
Estación Gnecco,Estación,Gnecco,2,IGN/Ministerio de Transporte de la Nación,IGN,-35.68935489300000086),-62.00335052
Estación Inocencio Sosa,Estación,Inocencio Sosa,2,IGN/Ministerio de Transporte de la Nación,IGN,-35.71916149700000176),-62.10920043
Estación Esteban de Luca,Estación,Esteban de Luca,2,IGN/Ministerio de Transporte de la Nación,IGN,-35.67989414600000231),-62.34160462
Estación Girondo,Estación,Girondo,2,IGN/Ministerio de Transporte de la Nación,IGN,-35.99780009300000216),-61.62309862
Estación Asturias,Estación,Asturias,2,IGN/Ministerio de Transporte de la Nación,IGN,-36.17292936500000167),-61.87615465
Estación Mones Cazón,Estación,Mones Cazón,2,IGN/Ministerio de Transporte de la Nación,IGN,-36.22611165699989755),-62.00932862
Estación Salazar,Estación,Salazar,2,IGN/Ministerio de Transporte de la Nación,IGN,-36.30275581199990143),-62.20165602
Estación Smith,Estación,Smith,2,IGN/Ministerio de Transporte de la Nación,IGN,-35.49245751099989832),-61.59457864
Estación Ancón,Estación,Ancón,2,IGN/Ministerio de Transporte de la Nación,IGN,-35.57608063399990073),-61.84128595
Estación Abel,Estación,Abel,2,IGN/Ministerio de Transporte de la Nación,IGN,-35.61774395999999854),-62.00475884
Estación Larramendy,Estación,Larramendy,2,IGN/Ministerio de Transporte de la Nación,IGN,-35.64304594200000054),-62.08719527
Estación Curarú,Estación,Curarú,2,IGN/Ministerio de Transporte de la Nación,IGN,-35.63844582199990185),-62.19245146
Estación Húsares,Estación,Húsares,2,IGN/Ministerio de Transporte de la Nación,IGN,-35.52308647899999983),-62.34585739
Estación Alagón,Estación,Alagón,2,IGN/Ministerio de Transporte de la Nación,IGN,-35.94592445199990038),-61.96931289
Estación Albariño,Estación,Albariño,2,IGN/Ministerio de Transporte de la Nación,IGN,-36.04813122499999878),-62.12346098
Estación Duhau,Estación,Duhau,2,IGN/Ministerio de Transporte de la Nación,IGN,-36.11356459800000351),-62.27875598
Estación Francisco Madero,Estación,Francisco Madero,2,IGN/Ministerio de Transporte de la Nación,IGN,-35.84717686100000122),-62.06993616
Estación El Recado,Estación,El Recado,4,IGN/Ministerio de Transporte de la Nación,IGN,-35.78885394000000275),-62.22433552
Estación Ingenio Beaugey,Estación,Ingenio Beaugey,2,IGN/Ministerio de Transporte de la Nación,IGN,-35.50325785599989814),-62.23479947
Estación Chiclana,Estación,Chiclana,2,IGN/Ministerio de Transporte de la Nación,IGN,-35.73121876999989865),-61.74187022
Estación Corazzi,Estación,Corazzi,2,IGN/Ministerio de Transporte de la Nación,IGN,-36.21036058100000332),-62.40236071
Estación Mouras,Estación,Mouras,2,IGN/Ministerio de Transporte de la Nación,IGN,-36.32834722599989874),-62.22163155
Estación La Carreta,Estación,La Carreta,2,IGN/Ministerio de Transporte de la Nación,IGN,-36.19479526899989708),-62.22398405
Estación Magdala,Estación,Magdala,2,IGN/Ministerio de Transporte de la Nación,IGN,-36.08189617899999746),-61.72432998
Estación Juan José Paso,Estación,Juan José Paso,2,IGN/Ministerio de Transporte de la Nación,IGN,-35.852425187999998),-62.2990228
Estación Pehuajó,Estación,Pehuajó,2,IGN/Ministerio de Transporte de la Nación,IGN,-35.81551015400000182),-61.89409724
Estación María Lucila,Estación,María Lucila,2,IGN/Ministerio de Transporte de la Nación,IGN,-36.1924857590000002),-61.53884806
Estación Guanaco,Estación,Guanaco,2,IGN/Ministerio de Transporte de la Nación,IGN,-35.70900076699999914),-61.64590914
Estación La Cotorra,Estación,La Cotorra,2,IGN/Ministerio de Transporte de la Nación,IGN,-36.02646325199999922),-62.22442296
Estación Capitán Castro,Estación,Capitán Castro,2,IGN/Ministerio de Transporte de la Nación,IGN,-35.91414434499999686),-62.22455368
Estación Marucha,Estación,Marucha,2,IGN/Ministerio de Transporte de la Nación,IGN,-35.62994290999999691),-62.22932212
Estación Bella Vista,Estación,Bella Vista,6,IGN/Trenes Argentinos,IGN,-34.56385454400000157),-58.68476508
Estación General Lemos,Estación,General Lemos,6,IGN/Metrovías,IGN,-34.53283433600000052),-58.70094242
Estación Teniente Agneta,Estación,Teniente Agneta,6,IGN/Metrovías,IGN,-34.54885824899999847),-58.67881415
Estación Sargento Barrufaldi,Estación,Sargento Barrufaldi,6,IGN/Metrovías,IGN,-34.56265981899999673),-58.65996725
Estación Jorge Newbery,Estación,Jorge Newbery,6,IGN/Metrovías,IGN,-34.58790739700000216),-58.62087838
Estación Campo de Mayo,Estación,Campo de Mayo,6,IGN/Metrovías,IGN,-34.54353137399989748),-58.68611224
Estación Sargento Cabral,Estación,Sargento Cabral,6,IGN/Metrovías,IGN,-34.53665136499999733),-58.69592387
Estación Capitán Lozano,Estación,Capitán Lozano,6,IGN/Metrovías,IGN,-34.55534019699999959),-58.66983126
Estación J. B. de La Salle,Estación,J. B.  de La Salle,6,IGN/Metrovías,IGN,-34.57355558300000098),-58.64530183
Estación Ejército de los Andes,Estación,Ejército de los Andes,6,IGN/Metrovías,IGN,-34.58000354099989693),-58.64043834
Estación Rubén Darío,Estación,Rubén Darío,6,IGN/Metrovías,IGN,-34.58759188100000159),-58.62959926
Estación William C. Morris,Estación,William C. Morris,6,IGN/Trenes Argentinos,IGN,-34.57823715599990066),-58.6571842
Estación Muñiz,Estación,Muñiz,6,IGN/Trenes Argentinos,IGN,-34.55123141499999662),-58.70342272
Estación Las Malvinas,Estación,Las Malvinas,6,IGN/Trenes Argentinos,IGN,-34.61610171000000236),-58.92176722
Estación La Fraternidad,Estación,La Fraternidad,6,IGN/Trenes Argentinos,IGN,-34.59837375000000037),-58.9977972
Estación Lezica y Torrezuri,Estación,Lezica y Torrezuri,6,IGN/Trenes Argentinos,IGN,-34.58462236500000131),-59.05692947
Estación Ingeniero Pablo Marín,Estación,Ingeniero Pablo Marín,6,IGN/Trenes Argentinos,IGN,-34.62266674699999669),-58.89344957
Estación General Rodríguez,Estación,General Rodríguez,6,IGN/Trenes Argentinos,IGN,-34.6087852610000013),-58.95320433
Estación Luján,Estación,Luján,6,IGN/Trenes Argentinos,IGN,-34.57781825899999717),-59.10515811
Estación Universidad de Luján,Estación,Universidad de Luján,6,IGN/Trenes Argentinos,IGN,-34.5774370489999967),-59.08824482
Estación Escalada,Estación,Escalada,2,IGN/Ministerio de Transporte de la Nación,IGN,-34.16279682499990145),-59.11724054
Estación Gobernador Andonaegui,Estación,Gobernador Andonaegui,2,IGN/Ministerio de Transporte de la Nación,IGN,-34.17588096000000064),-59.31179004
Estación Las Palmas,Estación,Las Palmas,2,IGN/Ministerio de Transporte de la Nación,IGN,-34.07134254199999646),-59.1477546
Estación Lima,Estación,Lima,6,IGN/Trenes Argentinos,IGN,-34.04111359199990261),-59.19448141
Estación Zárate,Estación,Zárate,2,IGN/Ministerio de Transporte de la Nación,IGN,-34.12171220399989835),-59.02783824
Estación Atucha,Estación,Atucha,4,IGN/Ministerio de Transporte de la Nación,IGN,-33.98078809399989808),-59.28806974
Estación Zárate,Estación,Zárate,6,IGN/Trenes Argentinos,IGN,-34.09779623200000032),-59.03771457
Estación Km 83,Estación,Km 83,6,IGN/Trenes Argentinos,IGN,-34.16015693100000306),-58.97717378
Estación Macedo,Estación,Macedo,2,IGN/Ministerio de Transporte de la Nación,IGN,-37.26392129399989983),-57.20881921
Estación Ingeniero R. Otamendi,Estación,Ingeniero R. Otamendi,6,IGN/Trenes Argentinos,IGN,-34.22214507799999694),-58.89670327
Estación Capilla del Señor,Estación,Capilla del Señor,6,IGN/Trenes Argentinos,IGN,-34.28709733499989909),-59.10177777
Estación Capilla del Señor,Estación,Capilla del Señor,2,IGN/Ministerio de Transporte de la Nación,IGN,-34.29189647499990201),-59.1068494
Estación Campana,Estación,Campana,6,IGN/Trenes Argentinos,IGN,-34.15688273399999986),-58.95859644
Estación La Choza,Estación,La Choza,4,IGN/Ministerio de Transporte de la Nación,IGN,-34.78131035099990243),-59.11106083
Estación Sucre,Estación,Sucre,2,IGN/Ministerio de Transporte de la Nación,IGN,-34.50641608400000138),-59.11141965
Parada Alastuey,Parada,Alastuey,2,IGN/Ministerio de Transporte de la Nación,IGN,-34.43877486199990301),-59.208791
Estación Goldney,Estación,Goldney,2,IGN/Ministerio de Transporte de la Nación,IGN,-34.60205792400000036),-59.28735435
Estación Cortines,Estación,Cortines,2,IGN/Ministerio de Transporte de la Nación,IGN,-34.55565337699989925),-59.20670211
Estación La Verde,Estación,La Verde,2,IGN/Ministerio de Transporte de la Nación,IGN,-34.72007861499999848),-59.26907127
Estación Tomás Jofré,Estación,Tomás Jofré,2,IGN/Ministerio de Transporte de la Nación,IGN,-34.69802928400000042),-59.31811367
Estación Ruiz,Estación,Ruiz,2,IGN/Ministerio de Transporte de la Nación,IGN,-34.43363872999999842),-59.26285857
Estación Torres,Estación,Torres,2,IGN/Ministerio de Transporte de la Nación,IGN,-34.432951150999898),-59.12904457
Estación Carlos Keen,Estación,Carlos Keen,2,IGN/Ministerio de Transporte de la Nación,IGN,-34.48685293700000187),-59.21976014
Estación Etchegoyen,Estación,Etchegoyen,2,IGN/Ministerio de Transporte de la Nación,IGN,-34.42885825100000119),-59.07750093
Estación Jáuregui,Estación,Jáuregui,6,IGN/Trenes Argentinos,IGN,-34.60071006199999744),-59.17353746
Estación Dr. Domingo Cabred,Estación,Dr. Domingo Cabred,6,IGN/Trenes Argentinos,IGN,-34.48798207499989843),-59.07566752
Estación Plomer,Estación,Plomer,2,IGN/Ministerio de Transporte de la Nación,IGN,-34.79473317200000082),-59.03173964
Estación Olivera,Estación,Olivera,6,IGN/Trenes Argentinos,IGN,-34.62781884099999985),-59.25556086
Estación San Eladio,Estación,San Eladio,2,IGN/Ministerio de Transporte de la Nación,IGN,-34.75137529300000239),-59.18681381
Estación Chas,Estación,Chas,2,IGN/Ministerio de Transporte de la Nación,IGN,-35.87558717099989991),-58.58376388
Estación Ibáñez,Estación,Ibáñez,2,IGN/Ministerio de Transporte de la Nación,IGN,-36.0380518119998996),-58.60324052
Estación Real Audiencia,Estación,Real Audiencia,2,IGN/Ministerio de Transporte de la Nación,IGN,-36.17608499599990068),-58.58420632
Estación Casalins,Estación,Casalins,2,IGN/Ministerio de Transporte de la Nación,IGN,-36.31313464099999777),-58.55216552
Estación Udaquiola,Estación,Udaquiola,2,IGN/Ministerio de Transporte de la Nación,IGN,-36.56229195899990003),-58.53423983
Estación Bayauca,Estación,Bayauca,6,IGN/Ministerio de Transporte de la Nación,IGN,-34.87087273000000209),-61.28977021
Estación Los Toldos,Estación,Los Toldos,2,IGN/Ministerio de Transporte de la Nación,IGN,-34.99932781399999726),-61.02828467
Estación Zavalía,Estación,Zavalía,2,IGN/Ministerio de Transporte de la Nación,IGN,-34.89558553500000215),-61.00740552
Estación Chanpay,Estación,Chanpay,2,IGN/Ministerio de Transporte de la Nación,IGN,-35.04330878399999705),-61.25527377
Estación Quirno Costa,Estación,Quirno Costa,2,IGN/Ministerio de Transporte de la Nación,IGN,-34.87743735099999753),-61.14139626
Estación La Delfina,Estación,La Delfina,2,IGN/Ministerio de Transporte de la Nación,IGN,-34.94369660199990335),-61.15867825
Estación La Reforma,Estación,La Reforma,2,IGN/Ministerio de Transporte de la Nación,IGN,-35.66465710699999647),-59.23214614
Estación Juan Blaquier,Estación,Juan Blaquier,2,IGN/Ministerio de Transporte de la Nación,IGN,-35.76436935600000311),-59.30217835
Estación El Trigo,Estación,El Trigo,2,IGN/Ministerio de Transporte de la Nación,IGN,-35.88142264300000051),-59.40640947
Estación José R. Sojo,Estación,José R. Sojo,2,IGN/Ministerio de Transporte de la Nación,IGN,-35.66073645099989875),-59.68719864
Estación Plaza Montero,Estación,Plaza Montero,2,IGN/Ministerio de Transporte de la Nación,IGN,-36.14814398899989811),-59.14709216
Estación Coronel Boerr,Estación,Coronel Boerr,2,IGN/Ministerio de Transporte de la Nación,IGN,-35.93942173700000353),-59.06846509
Estación Vilela,Estación,Vilela,2,IGN/Ministerio de Transporte de la Nación,IGN,-35.84686336800000106),-59.03556664
Estación Gorchs,Estación,Gorchs,6,IGN/Ministerio de Transporte de la Nación,IGN,-35.67454733099989994),-58.95758664
Estación Rosas,Estación,Rosas,2,IGN/Ministerio de Transporte de la Nación,IGN,-35.96668832299999963),-58.93990925
Estación Las Flores,Estación,Las Flores,6,IGN/Trenes Argentinos,IGN,-36.02588844799989687),-59.09718295
Estación Dr. Domingo Harosteguy,Estación,Dr. Domingo Harosteguy,2,IGN/Ministerio de Transporte de la Nación,IGN,-36.14994797699999651),-59.26794117
Estación Pringles,Estación,Pringles,2,IGN/Ministerio de Transporte de la Nación,IGN,-37.99145373499990086),-61.37952444
Estación Pontaut,Estación,Pontaut,2,IGN/Ministerio de Transporte de la Nación,IGN,-37.73171322400000349),-61.32428128
Estación Pringles,Estación,Pringles,6,IGN/Ministerio de Transporte de la Nación,IGN,-37.963287581000003),-61.36883193
Estación Peralta,Estación,Peralta,2,IGN/Ministerio de Transporte de la Nación,IGN,-38.05731373299990139),-61.66726218
Estación Pillahuinco,Estación,Pillahuinco,2,IGN/Ministerio de Transporte de la Nación,IGN,-38.09768619100000109),-61.35189984
Estación Las Mostazas,Estación,Las Mostazas,2,IGN/Ministerio de Transporte de la Nación,IGN,-38.27041226800000118),-61.35163274
Estación La Sortija,Estación,La Sortija,2,IGN/Ministerio de Transporte de la Nación,IGN,-38.11176585100000125),-60.68925553
Estación Indio Rico,Estación,Indio Rico,2,IGN/Ministerio de Transporte de la Nación,IGN,-38.32802671099990022),-60.89100993
Estación Saldungaray,Estación,Saldungaray,2,IGN/Ministerio de Transporte de la Nación,IGN,-38.20684404299989723),-61.7747814
Estación Aparicio,Estación,Aparicio,2,IGN/Ministerio de Transporte de la Nación,IGN,-38.62297443399999963),-60.88195191
Estación Irene,Estación,Irene,2,IGN/Ministerio de Transporte de la Nación,IGN,-38.55442680200000183),-60.69637079
Estación Nicolás Descalzi,Estación,Nicolás Descalzi,2,IGN/Ministerio de Transporte de la Nación,IGN,-38.43960436999999786),-60.9895122
Estación El Zorro,Estación,El Zorro,2,IGN/Ministerio de Transporte de la Nación,IGN,-38.55904877199999703),-61.09039043
Estación Paragüil,Estación,Paragüil,2,IGN/Ministerio de Transporte de la Nación,IGN,-37.69414719799989655),-60.98260207
Estación Krabbe,Estación,Krabbe,2,IGN/Ministerio de Transporte de la Nación,IGN,-37.78281917099999987),-61.14236534
Estación Reserva,Estación,Reserva,2,IGN/Ministerio de Transporte de la Nación,IGN,-37.82721880299990147),-61.2210779
Estación El Pensamiento,Estación,El Pensamiento,2,IGN/Ministerio de Transporte de la Nación,IGN,-38.21648081800000085),-61.31477698
Estación Stegmann,Estación,Stegmann,2,IGN/Ministerio de Transporte de la Nación,IGN,-37.99022086600000137),-61.5436625
Estación Coronel Falcón,Estación,Coronel Falcón,2,IGN/Ministerio de Transporte de la Nación,IGN,-38.60431133699999862),-61.70079034
Estación Lartigau,Estación,Lartigau,2,IGN/Ministerio de Transporte de la Nación,IGN,-38.4475234960000023),-61.56698095
Estación El Divisorio,Estación,El Divisorio,2,IGN/Ministerio de Transporte de la Nación,IGN,-38.32334399399999825),-61.44477307
Estación Raulet,Estación,Raulet,2,IGN/Ministerio de Transporte de la Nación,IGN,-37.89601877399999807),-61.4837565
Estación Quiñihual,Estación,Quiñihual,2,IGN/Ministerio de Transporte de la Nación,IGN,-37.78877488799999895),-61.5896647
Estación Las Toscas,Estación,Las Toscas,2,IGN/Ministerio de Transporte de la Nación,IGN,-35.36277290899990078),-61.80621269
Estación Fortín Vigilancia,Estación,Fortín Vigilancia,2,IGN/Ministerio de Transporte de la Nación,IGN,-35.11095242300000052),-61.67563501
Estación Dussaud,Estación,Dussaud,2,IGN/Ministerio de Transporte de la Nación,IGN,-34.79356637499999749),-61.77867814
Estación El Peregrino,Estación,El Peregrino,2,IGN/Ministerio de Transporte de la Nación,IGN,-34.59737549399989831),-62.12177761
Estación Necol,Estación,Necol,4,IGN/Ministerio de Transporte de la Nación,IGN,-35.20594135300000005),-62.26985487
Estación Pasteur,Estación,Pasteur,2,IGN/Ministerio de Transporte de la Nación,IGN,-35.13741953800000317),-62.23793178
Estación Nueva Suiza,Estación,Nueva Suiza,2,IGN/Ministerio de Transporte de la Nación,IGN,-35.07133422300000092),-62.25193771
Estación Roberts,Estación,Roberts,2,IGN/Ministerio de Transporte de la Nación,IGN,-35.14049540799990012),-61.97310261
Estación Carlos Salas,Estación,Carlos Salas,2,IGN/Ministerio de Transporte de la Nación,IGN,-35.38976543799999774),-61.99665284
Estación El Triunfo,Estación,El Triunfo,2,IGN/Ministerio de Transporte de la Nación,IGN,-35.08751075499999672),-61.51597797
Estación Timote,Estación,Timote,2,IGN/Ministerio de Transporte de la Nación,IGN,-35.34564318899990099),-62.22691132
Estación El Dorado,Estación,El Dorado,2,IGN/Ministerio de Transporte de la Nación,IGN,-34.65132975200000232),-61.58323616
Estación General Pinto,Estación,General Pinto,6,IGN/Ministerio de Transporte de la Nación,IGN,-34.77194936499999756),-61.88971549
Estación Pazos Kanki,Estación,Pazos Kanki,2,IGN/Ministerio de Transporte de la Nación,IGN,-34.77507014899990168),-62.0612083
Estación Coronel Granada,Estación,Coronel Granada,6,IGN/Ministerio de Transporte de la Nación,IGN,-34.78751118400000308),-62.20455132
Estación Balsa,Estación,Balsa,2,IGN/Ministerio de Transporte de la Nación,IGN,-34.81222709199990106),-61.65826958
Estación Lincoln,Estación,Lincoln,6,IGN/Ministerio de Transporte de la Nación,IGN,-34.85840602799989796),-61.52303458
Estación Porvenir,Estación,Porvenir,2,IGN/Ministerio de Transporte de la Nación,IGN,-34.94535873099989942),-62.2237375
Estación Arenaza,Estación,Arenaza,2,IGN/Ministerio de Transporte de la Nación,IGN,-34.98261033499989736),-61.77808651
Estación Triunvirato,Estación,Triunvirato,2,IGN/Ministerio de Transporte de la Nación,IGN,-34.67208158199999701),-61.46223417
Estación Martínez de Hoz,Estación,Martínez de Hoz,2,IGN/Ministerio de Transporte de la Nación,IGN,-35.32152055800000312),-61.58846018
Estación Günther,Estación,Günther,2,IGN/Ministerio de Transporte de la Nación,IGN,-34.59302406900000193),-61.91884935
Estación Timote,Estación,Timote,2,IGN/Ministerio de Transporte de la Nación,IGN,-35.37923784200000199),-62.24558291
Estación Los Callejones,Estación,Los Callejones,2,IGN/Ministerio de Transporte de la Nación,IGN,-34.75601593100000031),-62.18391697
Estación Gahan,Estación,Gahan,2,IGN/Ministerio de Transporte de la Nación,IGN,-34.33805341600000105),-60.10119813
Estación Gouin,Estación,Gouin,2,IGN/Ministerio de Transporte de la Nación,IGN,-34.49588654600000126),-59.8019523
Estación Rivas,Estación,Rivas,6,IGN/Trenes Argentinos,IGN,-34.61050969799990185),-59.75053105
Estación Tuyutí,Estación,Tuyutí,2,IGN/Ministerio de Transporte de la Nación,IGN,-34.52070301500000227),-59.67305047
Estación Carmen de Areco,Estación,Carmen de Areco,2,IGN/Ministerio de Transporte de la Nación,IGN,-34.38872903899989808),-59.81864964
Estación J. J. Almeyra,Estación,J. J. Almeyra,2,IGN/Ministerio de Transporte de la Nación,IGN,-34.9234675459999977),-59.54288054
Estación San Sebastián,Estación,San Sebastián,2,IGN/Ministerio de Transporte de la Nación,IGN,-34.94328517000000289),-59.70416046
Estación San Jacinto,Estación,San Jacinto,2,IGN/Ministerio de Transporte de la Nación,IGN,-34.64433641699999811),-59.52363128
Estación Franklin,Estación,Franklin,6,IGN/Trenes Argentinos,IGN,-34.61028698099990208),-59.63008154
Estación Espora,Estación,Espora,2,IGN/Ministerio de Transporte de la Nación,IGN,-34.52662715999999676),-59.57630204
Estación Gorostiaga,Estación,Gorostiaga,6,IGN/Ministerio de Transporte de la Nación,IGN,-34.83303506600000077),-59.86114415
Estación M. J. García,Estación,M. J. García,6,IGN/Ministerio de Transporte de la Nación,IGN,-34.70996403699999888),-59.54105065
Estación Suipacha,Estación,Suipacha,6,IGN/Trenes Argentinos,IGN,-34.77309045700000212),-59.69044467
Estación La Valerosa,Estación,La Valerosa,2,IGN/Ministerio de Transporte de la Nación,IGN,-34.55293604199989943),-59.53258859
Estación Román Báez,Estación,Román Báez,2,IGN/Ministerio de Transporte de la Nación,IGN,-34.73797872499989836),-59.84066508
Estación Algarrobo,Estación,Algarrobo,6,IGN/Ministerio de Transporte de la Nación,IGN,-38.89174434599990349),-63.14282245
Estación Juan A. Pradere,Estación,Juan A. Pradere,2,IGN/Ministerio de Transporte de la Nación,IGN,-39.59884242399989773),-62.64957031
Estación Pedro Luro,Estación,Pedro Luro,2,IGN/Ministerio de Transporte de la Nación,IGN,-39.50303286100000122),-62.68843962
Estación Hilario Ascasubi,Estación,Hilario Ascasubi,2,IGN/Ministerio de Transporte de la Nación,IGN,-39.37534470799990061),-62.65174542
Estación Mayor Buratovich,Estación,Mayor Buratovich,2,IGN/Ministerio de Transporte de la Nación,IGN,-39.26063069799990046),-62.61139993
Estación Teniente Origone,Estación,Teniente Origone,2,IGN/Ministerio de Transporte de la Nación,IGN,-39.07112650900000261),-62.5734883
Estación Ombucta,Estación,Ombucta,2,IGN/Ministerio de Transporte de la Nación,IGN,-38.90568595199989943),-62.543488
Estación Nueva Roma,Estación,Nueva Roma,2,IGN/Ministerio de Transporte de la Nación,IGN,-38.54302714399999985),-62.63040917
Estación Montes de Oca,Estación,Montes de Oca,4,IGN/Ministerio de Transporte de la Nación,IGN,-38.92446329099990265),-63.35402882
Estación Médanos,Estación,Médanos,2,IGN/Ministerio de Transporte de la Nación,IGN,-38.82241866199999691),-62.69631478
Estación Almirante Solier,Estación,Almirante Solier,2,IGN/Ministerio de Transporte de la Nación,IGN,-38.88328669999999931),-62.06838627
Estación Choique,Estación,Choique,2,IGN/Ministerio de Transporte de la Nación,IGN,-38.46964342900000133),-62.69696058
Estación Mascota,Estación,Mascota,4,IGN/Ministerio de Transporte de la Nación,IGN,-38.79253434999999683),-62.6606398
Estación Nicolás Levalle,Estación,Nicolás Levalle,2,IGN/Ministerio de Transporte de la Nación,IGN,-38.85096265999990095),-62.87751692
Estación Igarzabal,Estación,Igarzabal,2,IGN/Ministerio de Transporte de la Nación,IGN,-39.77926960100000287),-62.61385891
Estación Invernadas,Estación,Invernadas,2,IGN/Ministerio de Transporte de la Nación,IGN,-36.95040007499989798),-57.23193232
Estación General Juan Madariaga,Estación,General Juan Madariaga,6,IGN/Trenes Argentinos,IGN,-36.99977391299999852),-57.14051173
Estación Los Eucaliptos,Estación,Los Eucaliptos,2,IGN/Ministerio de Transporte de la Nación,IGN,-35.4261754640000035),-58.90691457
Estación Zapiola,Estación,Zapiola,6,IGN/Trenes Argentinos,IGN,-35.05844671199999851),-59.04192349
Estación Las Marianas,Estación,Las Marianas,2,IGN/Ministerio de Transporte de la Nación,IGN,-35.05463441799999913),-59.51249711
Estación Anasagasti,Estación,Anasagasti,2,IGN/Ministerio de Transporte de la Nación,IGN,-35.0076667829998982),-59.3903597
Estación Navarro,Estación,Navarro,2,IGN/Ministerio de Transporte de la Nación,IGN,-34.99927098900000288),-59.27730206
Estación Monte,Estación,Monte,6,IGN/Trenes Argentinos,IGN,-35.43670237199999917),-58.81745927
Estación Lobos,Estación,Lobos,6,IGN/Trenes Argentinos,IGN,-35.18476334699990105),-59.09296576
Empalme Lobos,Empalme,Lobos,6,IGN/Trenes Argentinos,IGN,-35.15164428899989701),-59.09142938
Estación José Santos Arévalo,Estación,José Santos Arévalo,2,IGN/Ministerio de Transporte de la Nación,IGN,-35.16787865799989987),-59.23260123
Apeadero Speratti,Apeadero,Speratti,6,IGN/Trenes Argentinos,IGN,-35.00204377699999725),-58.99976471
Estación Roque Pérez,Estación,Roque Pérez,6,IGN/Ministerio de Transporte de la Nación,IGN,-35.40303253100000092),-59.33419834
Estación Salvador María,Estación,Salvador María,6,IGN/Ministerio de Transporte de la Nación,IGN,-35.30299418300000269),-59.16734739
Estación Elvira,Estación,Elvira,6,IGN/Ministerio de Transporte de la Nación,IGN,-35.24312482799999913),-59.48525942
Estación Antonio Carboni,Estación,Antonio Carboni,2,IGN/Ministerio de Transporte de la Nación,IGN,-35.20090441400000003),-59.34548935
Estación Fortín Lobos,Estación,Fortín Lobos,2,IGN/Ministerio de Transporte de la Nación,IGN,-35.26975843799989718),-59.135516
Estación Las Chacras,Estación,Las Chacras,2,IGN/Ministerio de Transporte de la Nación,IGN,-35.09253105999989941),-59.17365304
Estación General Guido,Estación,General Guido,6,IGN/Trenes Argentinos,IGN,-36.65601369899999895),-57.79125223
Estación Santo Domingo,Estación,Santo Domingo,6,IGN/Trenes Argentinos,IGN,-36.71389512699990121),-57.58826432
Estación Las Armas,Estación,Las Armas,6,IGN/Trenes Argentinos,IGN,-37.08705036999990057),-57.8324717
Estación Maipú,Estación,Maipú,6,IGN/Trenes Argentinos,IGN,-36.8624166310000021),-57.88629953
Estación Monsalvo,Estación,Monsalvo,2,IGN/Ministerio de Transporte de la Nación,IGN,-36.88091216699999819),-57.36039223
Estación Segurola,Estación,Segurola,2,IGN/Ministerio de Transporte de la Nación,IGN,-36.83171916500000265),-57.46099631
Estación Enrique Fynn,Estación,Enrique Fynn,2,IGN/Ministerio de Transporte de la Nación,IGN,-34.82131554099989756),-59.13591797
Estación Marcos Paz,Estación,Marcos Paz,6,IGN/Trenes Argentinos,IGN,-34.78648028299989647),-58.82976606
Estación Marcos Paz,Estación,Marcos Paz,6,IGN/Trenes Argentinos,IGN,-34.7831374339999968),-58.83651443
Estación Las Heras,Estación,Las Heras,6,IGN/Trenes Argentinos,IGN,-34.92796264500000092),-58.94464538
Apeadero Zamudio,Apeadero,Zamudio,6,IGN/Trenes Argentinos,IGN,-34.85772701299990217),-58.89216271
Estación Lozano,Estación,Lozano,2,IGN/Ministerio de Transporte de la Nación,IGN,-34.85111148499989753),-59.05392043
Estación Villars,Estación,Villars,2,IGN/Ministerio de Transporte de la Nación,IGN,-34.82884224000000017),-58.93851075
Estación Santos Lugares,Estación,Santos Lugares,6,IGN/Trenes Argentinos,IGN,-34.60376301000000154),-58.54090676
Estación Sáenz Peña,Estación,Sáenz Peña,6,IGN/Trenes Argentinos,IGN,-34.60303327700000153),-58.52747167
Estación La Luisa,Estación,La Luisa,2,IGN/Ministerio de Transporte de la Nación,IGN,-34.13114834499990025),-59.94792975
Estación Capitán Sarmiento,Estación,Capitán Sarmiento,2,IGN/Ministerio de Transporte de la Nación,IGN,-34.17559588699990059),-59.7932341
Estación de La Garma,Estación,de La Garma,2,IGN/Ministerio de Transporte de la Nación,IGN,-37.96240724599989846),-60.41114033
Estación Álzaga,Estación,Álzaga,2,IGN/Ministerio de Transporte de la Nación,IGN,-37.85976237599989958),-59.97216951
Estación Benito Juárez,Estación,Benito Juárez,6,IGN/Ministerio de Transporte de la Nación,IGN,-37.66583195300000142),-59.80944756
Estación Coronel Rodolfo Bunge,Estación,Coronel Rodolfo Bunge,2,IGN/Ministerio de Transporte de la Nación,IGN,-37.57384488199989647),-60.13745035
Estación Mariano Roldán,Estación,Mariano Roldán,2,IGN/Ministerio de Transporte de la Nación,IGN,-37.71992970099999809),-60.32426974
Estación Juan E. Bara,Estación,Juan E. Barra,2,IGN/Ministerio de Transporte de la Nación,IGN,-37.82036397499999936),-60.48194125
Estación Delta,Estación,Delta,6,IGN/Trenes Argentinos,IGN,-34.41853534599989928),-58.57683092
Estación Canal San Fernando,Estación,Canal San Fernando,6,IGN/Trenes Argentinos,IGN,-34.42997422799989948),-58.56298711
Estación Dr. A. Schweitzer,Estación,Dr. A. Schweitzer,6,IGN/Trenes Argentinos,IGN,-34.47211840700000351),-58.57434519
Estación Bancalari,Estación,Bancalari,6,IGN/Trenes Argentinos,IGN,-34.47981384699990315),-58.60296511
Estación General Pacheco,Estación,General Pacheco,6,IGN/Trenes Argentinos,IGN,-34.45592627999999991),-58.62013245
Estación Tigre,Estación,Tigre,6,IGN/Trenes Argentinos,IGN,-34.4234401529999019),-58.58189784
Estación El Talar,Estación,El Talar,6,IGN/Trenes Argentinos,IGN,-34.46283189100000044),-58.6461495
Estación Carupá,Estación,Carupá,6,IGN/Trenes Argentinos,IGN,-34.43780321500000241),-58.56719336
Estación Garré,Estación,Garré,2,IGN/Ministerio de Transporte de la Nación,IGN,-36.5606113449999981),-62.60124219
Estación Victorino de la Plaza,Estación,Victorino de la Plaza,2,IGN/Ministerio de Transporte de la Nación,IGN,-36.62193914200000222),-62.67043437
Estación Avestruz,Estación,Avestruz,4,IGN/Ministerio de Transporte de la Nación,IGN,-37.65906858700000015),-63.35371707
Estación Cañada Mariano,Estación,Cañada Mariano,2,IGN/Ministerio de Transporte de la Nación,IGN,-37.6744305180000012),-63.19546907
Estación Canónigo Gorriti,Estación,Canónigo Gorriti,2,IGN/Ministerio de Transporte de la Nación,IGN,-37.54747592099990072),-63.2451424
Estación Esteban A. Gascón,Estación,Esteban A. Gascón,2,IGN/Ministerio de Transporte de la Nación,IGN,-37.45508363199999735),-63.25364506
Estación Yutuyaco,Estación,Yutuyaco,6,IGN/Ministerio de Transporte de la Nación,IGN,-36.98533103799999822),-63.1296529
Estación Quenumá,Estación,Quenumá,2,IGN/Ministerio de Transporte de la Nación,IGN,-36.57183314000000252),-63.08554925
Estación Graciarena,Estación,Graciarena,2,IGN/Ministerio de Transporte de la Nación,IGN,-36.64308577199989969),-63.17481213
Estación Maza,Estación,Maza,6,IGN/Ministerio de Transporte de la Nación,IGN,-36.79911968399989775),-63.33544251
Estación Thames,Estación,Thames,6,IGN/Ministerio de Transporte de la Nación,IGN,-36.92525503600000292),-63.29624288
Estación Ingeniero Thompson,Estación,Ingeniero Thompson,6,IGN/Ministerio de Transporte de la Nación,IGN,-36.61433435099999656),-62.90870351
Estación Saturno,Estación,Saturno,2,IGN/Ministerio de Transporte de la Nación,IGN,-36.9128918439999012),-62.68194305
Estación Arano,Estación,Arano,6,IGN/Ministerio de Transporte de la Nación,IGN,-37.04747255199990263),-63.26789512
Estación Tres Lagunas,Estación,Tres Lagunas,2,IGN/Ministerio de Transporte de la Nación,IGN,-37.1400396310000005),-63.01081426
Estación Rivera,Estación,Rivera,6,IGN/Ministerio de Transporte de la Nación,IGN,-37.15984450599999889),-63.24844438
Estación Bordenave,Estación,Bordenave,6,IGN/Ministerio de Transporte de la Nación,IGN,-37.803915926999899),-63.03710494
Estación Darregueira,Estación,Darregueira,6,IGN/Ministerio de Transporte de la Nación,IGN,-37.68671141899989863),-63.15897523
Estación Arturo Vatteone,Estación,Arturo Vatteone,2,IGN/Ministerio de Transporte de la Nación,IGN,-37.17776528000000269),-62.85948919
Estación Erize,Estación,Erize,6,IGN/Ministerio de Transporte de la Nación,IGN,-37.39465387199989976),-62.80315394
Estación Goyena,Estación,Goyena,6,IGN/Ministerio de Transporte de la Nación,IGN,-37.71825087299990287),-62.60522831
Estación Rolito,Estación,Rolito,2,IGN/Ministerio de Transporte de la Nación,IGN,-37.00335720700000053),-62.71010043
Estación Espartillar,Estación,Espartillar,6,IGN/Ministerio de Transporte de la Nación,IGN,-37.35834456399989989),-62.4373301
Estación Salliqueló,Estación,Salliqueló,2,IGN/Ministerio de Transporte de la Nación,IGN,-36.74699942400000197),-62.95718104
Estación Delfín Huergo,Estación,Delfín Huergo,2,IGN/Ministerio de Transporte de la Nación,IGN,-37.32021383499989753),-63.23587457
Estación Lago Epecuén,Estación,Lago Epecuén,2,IGN/Ministerio de Transporte de la Nación,IGN,-37.11246409599989704),-62.79010364
Estación Carhué,Estación,Carhué,2,IGN/Ministerio de Transporte de la Nación,IGN,-37.17993221900000123),-62.74938787
Estación Puán,Estación,Puán,2,IGN/Ministerio de Transporte de la Nación,IGN,-37.54130718399989775),-62.75975188
Estación Alta Vista,Estación,Alta Vista,2,IGN/Ministerio de Transporte de la Nación,IGN,-37.64848381199990257),-62.70006218
Estación Víboras,Estación,Víboras,2,IGN/Ministerio de Transporte de la Nación,IGN,-37.69576338400000282),-62.80427651
Estación Azopardo,Estación,Azopardo,2,IGN/Ministerio de Transporte de la Nación,IGN,-37.70154388799989675),-62.90170354
Estación Tres Cuervos,Estación,Tres Cuervos,2,IGN/Ministerio de Transporte de la Nación,IGN,-37.71203017300000226),-63.06354722
Estación Trongé,Estación,Trongé,2,IGN/Ministerio de Transporte de la Nación,IGN,-36.46502736799990174),-62.48426095
Estación La Zanja,Estación,La Zanja,2,OSM/Ministerio de Transporte de la Nación,IGN,-36.05187443199999819),-62.87715481
Estación Lerlora,Estación,Lerlora,2,IGN/Ministerio de Transporte de la Nación,IGN,-35.92075456799990008),-62.97967755
Estación Trenque Lauquen,Estación,Trenque Lauquen,2,IGN/Ministerio de Transporte de la Nación,IGN,-35.96734440499989915),-62.73718439
Estación Primera Junta,Estación,Primera Junta,2,IGN/Ministerio de Transporte de la Nación,IGN,-35.9175984179999972),-62.63708018
Estación Berutti,Estación,Berutti,2,IGN/Ministerio de Transporte de la Nación,IGN,-35.85724091799990276),-62.51206649
Estación Pellegrini,Estación,Pellegrini,2,IGN/Ministerio de Transporte de la Nación,IGN,-36.27061596099999718),-63.16041107
Estación Tres Lomas,Estación,Tres Lomas,6,IGN/Ministerio de Transporte de la Nación,IGN,-36.45667604100000148),-62.86555986
Estación Girodias,Estación,Girodias,2,IGN/Ministerio de Transporte de la Nación,IGN,-36.36682659899999948),-62.35618591
Estación Masurel,Estación,Masurel,2,IGN/Ministerio de Transporte de la Nación,IGN,-36.50958884199999943),-62.17407958
Estación 30 de Agosto,Estación,30 de Agosto,2,IGN/Ministerio de Transporte de la Nación,IGN,-36.27830576600000256),-62.54922937
Estación Mari Lauquen,Estación,Mari Lauquen,2,IGN/Ministerio de Transporte de la Nación,IGN,-36.12984677299989755),-62.97723325
Estación Bocayuva,Estación,Bocayuva,2,IGN/Ministerio de Transporte de la Nación,IGN,-36.20797914199989975),-63.07784416
Estación Sundblad,Estación,Sundblad,2,IGN/Ministerio de Transporte de la Nación,IGN,-35.76344932199990012),-63.14031018
Estación Labardén,Estación,Labardén,2,IGN/Ministerio de Transporte de la Nación,IGN,-36.95182769000000178),-58.09367105
Estación General Pirán,Estación,General Pirán,6,IGN/Trenes Argentinos,IGN,-37.27684918700000338),-57.77878846
Estación Ayacucho,Estación,Ayacucho,2,IGN/Ministerio de Transporte de la Nación,IGN,-37.15007196499990272),-58.47317458
Estación San Ignacio,Estación,San Ignacio,2,IGN/Ministerio de Transporte de la Nación,IGN,-37.34110374999990256),-58.42355767
Estación Fair,Estación,Fair,2,IGN/Ministerio de Transporte de la Nación,IGN,-37.06733401599999667),-58.30294862
Estación Langeyú,Estación,Langeyú,2,IGN/Ministerio de Transporte de la Nación,IGN,-36.66992501699999707),-58.5283102
Estación Solanet,Estación,Solanet,2,IGN/Ministerio de Transporte de la Nación,IGN,-36.8429113870000009),-58.50775042
Estación Achupallas,Estación,Achupallas,2,IGN/Ministerio de Transporte de la Nación,IGN,-35.10712390500000168),-60.07036869
Estación Indacochea,Estación,Indacochea,2,IGN/Ministerio de Transporte de la Nación,IGN,-35.05432498900000127),-60.05850364
Estación Baudrix,Estación,Baudrix,2,IGN/Ministerio de Transporte de la Nación,IGN,-35.2400794349999984),-60.30220807
Estación Anderson,Estación,Anderson,2,IGN/Ministerio de Transporte de la Nación,IGN,-35.28010889599990207),-60.26193874
Estación Gobernador Ugarte,Estación,Gobernador Ugarte,2,IGN/Ministerio de Transporte de la Nación,IGN,-35.16108118700000063),-60.08203443
Estación Plá,Estación,Plá,2,IGN/Ministerio de Transporte de la Nación,IGN,-35.12430288199990258),-60.219436
Estación Andrés Vaccarezza,Estación,Andrés Vaccarezza,6,IIGN/Trenes Argentinos,IGN,-35.03470215299999779),-60.27738651
Estación Presidente Quintana,Estación,Presidente Quintana,2,IGN/Ministerio de Transporte de la Nación,IGN,-35.2229273290000009),-60.19146875
Estación Benítez,Estación,Benítez,2,IGN/Ministerio de Transporte de la Nación,IGN,-34.96698818499989869),-60.12734429
Estación Diego Gaynor,Estación,Diego Gaynor,2,IGN/Ministerio de Transporte de la Nación,IGN,-34.28679420000000277),-59.22198366
Estación Chenaut,Estación,Chenaut,2,IGN/Ministerio de Transporte de la Nación,IGN,-34.24792669299999659),-59.21767819
Estación Cucullú,Estación,Cucullú,2,IGN/Ministerio de Transporte de la Nación,IGN,-34.44294069099989741),-59.35708264
Estación Azcuénaga,Estación,Azcuénaga,2,IGN/Ministerio de Transporte de la Nación,IGN,-34.36674025199990012),-59.37531645
Estación Arroyo de la Cruz,Estación,Arroyo de la Cruz,2,IGN/Ministerio de Transporte de la Nación,IGN,-34.33010467599999771),-59.11390037
Estación Solís,Estación,Solís,2,IGN/Ministerio de Transporte de la Nación,IGN,-34.29532027999989907),-59.32068145
Estación San Agustín,Estación,San Agustín,2,IGN/Ministerio de Transporte de la Nación,IGN,-38.0196979780000035),-58.35512568
Estación El Moro,Estación,El Moro,2,IGN/Ministerio de Transporte de la Nación,IGN,-38.10747972600000111),-58.5708869
Estación Las Nutrias,Estación,Las Nutrias,2,IGN/Ministerio de Transporte de la Nación,IGN,-38.08103090600000229),-58.45782066
Estación Los Pinos,Estación,Los Pinos,2,IGN/Ministerio de Transporte de la Nación,IGN,-37.93933772299990181),-58.32852732
Estación Bosch,Estación,Bosch,2,IGN/Ministerio de Transporte de la Nación,IGN,-37.64656946400000237),-58.23967841
Estación Ramos Otero,Estación,Ramos Otero,2,IGN/Ministerio de Transporte de la Nación,IGN,-37.54134448299989657),-58.34080321
Estación Irineo Portela,Estación,Irineo Portela,2,IGN/Ministerio de Transporte de la Nación,IGN,-33.98299125300000156),-59.67322865
Estación Ingenerio Moneta,Estación,Ingenerio Moneta,2,IGN/Ministerio de Transporte de la Nación,IGN,-33.93542540699999677),-59.74208025
Estación Alsina,Estación,Alsina,2,IGN/Ministerio de Transporte de la Nación,IGN,-33.90949436599989752),-59.39204212
Estación Baradero,Estación,Baradero,6,IGN/Trenes Argentinos,IGN,-33.81948715600000099),-59.51716541
Estación Santa Coloma,Estación,Santa Coloma,2,IGN/Ministerio de Transporte de la Nación,IGN,-34.06178822499990133),-59.55974877
Estación Villa Lía,Estación,Villa Lía,2,IGN/Ministerio de Transporte de la Nación,IGN,-34.12043808100000319),-59.42940929
Estación Loma Verde,Estación,Loma Verde,2,IGN/Ministerio de Transporte de la Nación,IGN,-35.27282867499999952),-58.40489361
Estación Altamirano,Estación,Altamirano,6,IGN/Trenes Argentinos,IGN,-35.3611527179999996),-58.15130672
Estación Jeppener,Estación,Jeppener,6,IGN/Trenes Argentinos,IGN,-35.27764843700000341),-58.19812474
Estación Doyle,Estación,Doyle,4,IGN/Ministerio de Transporte de la Nación,IGN,-33.90140682799989946),-59.81958201
Estación Santa Lucía,Estación,Santa Lucía,2,IGN/Ministerio de Transporte de la Nación,IGN,-33.87745538000000067),-59.87439944
Estación Arrecifes,Estación,Arrecifes,2,IGN/Ministerio de Transporte de la Nación,IGN,-34.06165980099999757),-60.09983652
Estación Pirovano,Estación,Pirovano,6,IGN/Ministerio de Transporte de la Nación,IGN,-36.50654951399999959),-61.55949144
Estación Urdampilleta,Estación,Urdampilleta,6,IGN/Ministerio de Transporte de la Nación,IGN,-36.43385506100000271),-61.41879788
Estación Vallimanca,Estación,Vallimanca,2,IGN/Ministerio de Transporte de la Nación,IGN,-36.3432173989999967),-61.03179714
Estación Bolívar,Estación,Bolívar,6,IGN/Ministerio de Transporte de la Nación,IGN,-36.23634957000000156),-61.10718986
Estación Recalde,Estación,Recalde,6,IGN/Ministerio de Transporte de la Nación,IGN,-36.65131786599989994),-61.08671537
Estación Juan Francisco Ibarra,Estación,Juan Francisco Ibarra,2,IGN/Ministerio de Transporte de la Nación,IGN,-36.34924219999989958),-61.25635031
Estación Espigas,Estación,Espigas,2,IGN/Ministerio de Transporte de la Nación,IGN,-36.41161363599999845),-60.67474349
Estación Blancagrande,Estación,Blancagrande,2,IGN/Ministerio de Transporte de la Nación,IGN,-36.5340028179999976),-60.8856406
Estación Paula,Estación,Paula,2,IGN/Ministerio de Transporte de la Nación,IGN,-36.50394455099999647),-61.02415844
Estación Hale,Estación,Hale,2,IGN/Ministerio de Transporte de la Nación,IGN,-36.00080090899999874),-60.85340712
Estación Unzué,Estación,Unzué,2,IGN/Ministerio de Transporte de la Nación,IGN,-36.13752027700000014),-61.00790516
Estación Bonifacio,Estación,Bonifacio,2,IGN/Ministerio de Transporte de la Nación,IGN,-36.80880348899999888),-62.24594955
Estación Coronel M. Freyre,Estación,Coronel M. Freyre,2,IGN/Ministerio de Transporte de la Nación,IGN,-36.48526601999999741),-62.04288752
Estación La Copeta,Estación,La Copeta,2,IGN/Ministerio de Transporte de la Nación,IGN,-36.76761908999999662),-61.98674743
Estación La Nevada,Estación,La Nevada,2,IGN/Ministerio de Transporte de la Nación,IGN,-36.93668112200000309),-61.9621068
Estación Daireaux,Estación,Daireaux,6,IGN/Ministerio de Transporte de la Nación,IGN,-36.60362525899999753),-61.7475409
Estación Coraceros,Estación,Coraceros,2,IGN/Ministerio de Transporte de la Nación,IGN,-36.33759260200000085),-61.77342329
Estación Arboledas,Estación,Arboledas,2,IGN/Ministerio de Transporte de la Nación,IGN,-36.88195874099989879),-61.48915834
Estación La Manuela,Estación,La Manuela,2,IGN/Ministerio de Transporte de la Nación,IGN,-36.7414598330000004),-62.07173345
Estación Louge,Estación,Louge,2,IGN/Ministerio de Transporte de la Nación,IGN,-36.93791566600000209),-61.66406151
Estación Mapis,Estación,Mapis,2,IGN/Ministerio de Transporte de la Nación,IGN,-36.77194115500000038),-61.2856078
Estación La Larga,Estación,La Larga,2,IGN/Ministerio de Transporte de la Nación,IGN,-36.67517668899999705),-61.9284026
Estación Álamos,Estación,Álamos,2,IGN/Ministerio de Transporte de la Nación,IGN,-36.89925410299999697),-62.3597813
Estación Luro,Estación,Luro,2,IGN/Ministerio de Transporte de la Nación,IGN,-36.64992765400000252),-62.11645
Estación Cuenca,Estación,Cuenca,2,IGN/Ministerio de Transporte de la Nación,IGN,-35.20422175999990344),-62.76831122
Estación Hereford,Estación,Hereford,2,IGN/Ministerio de Transporte de la Nación,IGN,-35.13274872599990317),-62.51223759
Estación Drysdale,Estación,Drysdale,2,IGN/Ministerio de Transporte de la Nación,IGN,-35.30332857900000221),-62.64597322
Estación Carlos Tejedor,Estación,Carlos Tejedor,2,IGN/Ministerio de Transporte de la Nación,IGN,-35.3884212529998976),-62.4220161
Estación Encina,Estación,Encina,2,IGN/Ministerio de Transporte de la Nación,IGN,-35.12772094099999975),-62.39268565
Estación Colonia Seré,Estación,Colonia Seré,2,IGN/Ministerio de Transporte de la Nación,IGN,-35.44020796099989923),-62.72742168
Estación Cerrito,Estación,Cerrito,2,IGN/Ministerio de Transporte de la Nación,IGN,-35.46305112900000012),-62.85277392
Estación Virreyes,Estación,Virreyes,6,IGN/Trenes Argentinos,IGN,-34.4501554949998976),-58.55126116
Estación Victoria,Estación,Victoria,6,IGN/Trenes Argentinos,IGN,-34.45611430299990019),-58.54092874
Estación Punta Chica,Estación,Punta Chica,6,IGN/Trenes Argentinos,IGN,-34.45052566700000085),-58.52400082
Estación Martínez,Estación,Martínez,6,IGN/Trenes Argentinos,IGN,-34.48867701399999675),-58.49644947
Estación Béccar,Estación,Béccar,6,IGN/Trenes Argentinos,IGN,-34.46088433199999912),-58.52650251
Estación Las Barrancas,Estación,Las Barrancas,6,IGN/Trenes Argentinos,IGN,-34.47242346600000218),-58.49314224
Estación Juan Anchorena,Estación,Juan Anchorena,6,IGN/Trenes Argentinos,IGN,-34.48906453899999747),-58.48139045
Estación San Fernando C,Estación,San Fernando C,6,IGN/Trenes Argentinos,IGN,-34.44426541099989691),-58.55887861
Estación Marina Nueva,Estación,Marina Nueva,6,IGN/Trenes Argentinos,IGN,-34.44462513999999942),-58.53906767
Estación San Isidro R,Estación,San Isidro R,6,IGN/Trenes Argentinos,IGN,-34.4653685069999014),-58.50840605
Estación San Isidro C,Estación,San Isidro C,6,IGN/Trenes Argentinos,IGN,-34.47178138799999658),-58.51371073
Estación Acassuso,Estación,Acassuso,6,IGN/Trenes Argentinos,IGN,-34.47991184199999992),-58.50407074
Estación Lezama,Estación,Lezama,6,IGN/Trenes Argentinos,IGN,-35.87384584299999801),-57.8953167
Estación Sevigné,Estación,Sevigné,6,IGN/Ministerio de Transporte de la Nación,IGN,-36.20159877899990164),-57.74473193
Estación Castelli,Estación,Castelli,6,IGN/Trenes Argentinos,IGN,-36.09304139799999689),-57.81049399
Estación Atilio Pessagno,Estación,Atilio Pessagno,2,IGN/Ministerio de Transporte de la Nación,IGN,-35.80391443999999979),-57.78988304
Estación Monasterio,Estación,Monasterio,6,IGN/Ministerio de Transporte de la Nación,IGN,-35.76378070100000173),-57.92522131
Estación Guerrero,Estación,Guerrero,2,IGN/Ministerio de Transporte de la Nación,IGN,-35.97086134799999968),-57.85014509
Estación Dolores,Estación,Dolores,6,IGN/Trenes Argentinos,IGN,-36.30310208399990302),-57.68753778
Estación Parravicini,Estación,Parravicini,6,IGN/Ministerio de Transporte de la Nación,IGN,-36.45739926499989991),-57.75859821
Desvío Km 212,Desvío,Km 212,2,IGN/Ministerio de Transporte de la Nación,IGN,-36.36885733599999782),-57.72442723
Estación La Trinidad,Estación,La Trinidad,2,IGN/Ministerio de Transporte de la Nación,IGN,-34.10009382700000202),-61.1325367
Estación Sarasa,Estación,Sarasa,2,IGN/Ministerio de Transporte de la Nación,IGN,-34.04766610299999741),-61.20068859
Estación El Arbolito,Estación,El Arbolito,2,IGN/Ministerio de Transporte de la Nación,IGN,-33.91341477600000331),-60.94308105
Estación Colón,Estación,Colón,2,IGN/Ministerio de Transporte de la Nación,IGN,-33.88786599899999885),-61.09417441
Estación Pedro Nicolás Escribano,Estación,Pedro Nicolás Escribano,2,IGN/Ministerio de Transporte de la Nación,IGN,-35.56439229800000135),-57.68452407
Estación Don Cipriano,Estación,Don Cipriano,2,IGN/Ministerio de Transporte de la Nación,IGN,-35.49476304499999912),-57.77093988
Estación Ranchos,Estación,Ranchos,2,IGN/Ministerio de Transporte de la Nación,IGN,-35.52120570799999655),-58.31426531
Estación Chascomús,Estación,Chascomús,6,IGN/Trenes Argentinos,IGN,-35.57912401299999772),-57.98268445
Estación Libres del Sud,Estación,Libres del Sud,2,IGN/Ministerio de Transporte de la Nación,IGN,-35.72956653800000026),-57.71989346
Estación Comandante Giribone,Estación,Comandante Giribone,2,IGN/Ministerio de Transporte de la Nación,IGN,-35.61948227499990338),-57.68472993
Estación Vergara,Estación,Vergara,2,IGN/Ministerio de Transporte de la Nación,IGN,-35.38348388299989722),-57.80254907
Estación Las Tahonas,Estación,Las Tahonas,2,IGN/Ministerio de Transporte de la Nación,IGN,-35.35236849300000017),-57.38197921
Estación Gándara,Estación,Gándara,6,IGN/Trenes Argentinos,IGN,-35.44943547500000136),-58.09386937
Estación Adela,Estación,Adela,2,IGN/Ministerio de Transporte de la Nación,IGN,-35.68392211199989816),-57.95409039
Estación Alegre,Estación,Alegre,2,IGN/Ministerio de Transporte de la Nación,IGN,-35.45592546999999684),-58.26754639
Estación Villanueva,Estación,Villanueva,2,IGN/Ministerio de Transporte de la Nación,IGN,-35.67962498600000032),-58.43589736
Estación Calvo,Estación,Calvo,2,IGN/Ministerio de Transporte de la Nación,IGN,-38.76473538399989849),-61.41730564
Estación San Román,Estación,San Román,2,IGN/Ministerio de Transporte de la Nación,IGN,-38.74144938799999949),-61.53868741
Estación Coronel Dorrego,Estación,Coronel Dorrego,2,IGN/Ministerio de Transporte de la Nación,IGN,-38.71368145000000283),-61.29846611
Estación José A. Guisasola,Estación,José A. Guisasola,2,IGN/Ministerio de Transporte de la Nación,IGN,-38.67439215699990029),-61.09218896
Estación Faro,Estación,Faro,2,IGN/Ministerio de Transporte de la Nación,IGN,-38.79786415000000233),-61.06917561
Estación Gil,Estación,Gil,2,IGN/Ministerio de Transporte de la Nación,IGN,-38.79210109499999959),-60.90511413
Estación Zubiaurre,Estación,Zubiaurre,4,IGN/Ministerio de Transporte de la Nación,IGN,-38.76270126699999707),-60.76291032
Estación Oriente,Estación,Oriente,2,IGN/Ministerio de Transporte de la Nación,IGN,-38.74081645199989765),-60.61202474
Estación General Belgrano,Estación,General Belgrano,2,IGN/Ministerio de Transporte de la Nación,IGN,-35.76886460799990175),-58.49477985
Estación Bonnement,Estación,Bonnement,4,IGN/Ministerio de Transporte de la Nación,IGN,-35.71777285299990012),-58.46422155
Estación Villa Moll,Estación,Villa Moll,2,IGN/Ministerio de Transporte de la Nación,IGN,-35.07530137299990258),-59.65035502
Estación La Rica,Estación,La Rica,2,IGN/Ministerio de Transporte de la Nación,IGN,-34.97497509099999746),-59.85648844
Estación Chivilcoy Sud,Estación,Chivilcoy Sud,6,IGN/Trenes Argentinos,IGN,-34.91735273099990167),-59.99625229
Estación Ramón Biaus,Estación,Ramón Biaus,2,IGN/Ministerio de Transporte de la Nación,IGN,-35.08534802500000183),-59.92410319
Estación Moquehuá,Estación,Moquehuá,2,IGN/Ministerio de Transporte de la Nación,IGN,-35.08989952000000301),-59.77449775
Estación Henry Bell,Estación,Henry Bell,2,IGN/Ministerio de Transporte de la Nación,IGN,-35.04480061499990029),-59.95014519
Estación Km 95,Estación,Km 95,2,IGN/Ministerio de Transporte de la Nación,IGN,-34.29562586899989896),-61.4472326
Estación Delgado,Estación,Delgado,2,IGN/Ministerio de Transporte de la Nación,IGN,-34.16761722099990095),-61.24957009
Estación La Beba,Estación,La Beba,2,IGN/Ministerio de Transporte de la Nación,IGN,-34.15471782899989961),-61.01130983
Estación Arenales,Estación,Arenales,2,IGN/Ministerio de Transporte de la Nación,IGN,-34.27022477799989986),-61.29294808
Estación La Pinta,Estación,La Pinta,2,IGN/Ministerio de Transporte de la Nación,IGN,-34.24995541700000246),-61.35891796
Estación Ham,Estación,Ham,2,IGN/Ministerio de Transporte de la Nación,IGN,-34.23299508600000252),-61.24166311
Estación La Angelita,Estación,La Angelita,2,IGN/Ministerio de Transporte de la Nación,IGN,-34.25967629400000192),-60.96878696
Estación Fortín Acha,Estación,Fortín Aca,2,IGN/Ministerio de Transporte de la Nación,IGN,-34.34294657600000278),-61.51959248
Estación Ferré,Estación,Ferré,2,IGN/Ministerio de Transporte de la Nación,IGN,-34.12732278099999661),-61.13326409
Estación Ascensión,Estación,Ascensión,2,IGN/Ministerio de Transporte de la Nación,IGN,-34.24590490500000328),-61.11011919
Estación Arribeños,Estación,Arribeños,2,IGN/Ministerio de Transporte de la Nación,IGN,-34.21069840099990245),-61.35726004
Estación Las Martinetas,Estación,Las Martinetas,2,IGN/Ministerio de Transporte de la Nación,IGN,-37.19658608000000299),-61.12372168
Estación Rocha,Estación,Rocha,2,IGN/Ministerio de Transporte de la Nación,IGN,-37.14630475900000306),-60.97724959
Estación Las Hermanas,Estación,Las Hermanas,2,IGN/Ministerio de Transporte de la Nación,IGN,-37.61676404799990081),-60.87770227
Estación Laprida,Estación,Laprida,6,IGN/Ministerio de Transporte de la Nación,IGN,-37.54875430999990016),-60.78795193
Estación Voluntad,Estación,Voluntad,2,IGN/Ministerio de Transporte de la Nación,IGN,-37.44952703199989941),-60.67574482
Estación Muñoz,Estación,Muñoz,2,IGN/Ministerio de Transporte de la Nación,IGN,-37.07716762099990149),-60.76822304
Estación Durañona,Estación,Durañona,2,IGN/Ministerio de Transporte de la Nación,IGN,-37.25099930999989795),-60.50374776
Estación Santa Luisa,Estación,Santa Luisa,2,IGN/Ministerio de Transporte de la Nación,IGN,-37.1249837439999979),-60.41586522
Estación Santa Elena,Estación,Santa Elena,2,IGN/Ministerio de Transporte de la Nación,IGN,-37.34444678700000253),-60.60519283
Estación Eduardo Costa,Estación,Eduardo Costa,2,IGN/Ministerio de Transporte de la Nación,IGN,-34.81892321999990259),-62.33606003
Desvío Km 357,Desvío,Km 357,2,IGN/Ministerio de Transporte de la Nación,IGN,-34.39376274499989705),-62.03558367
Estación Iriarte,Estación,Iriarte,6,IGN/Trenes Argentinos,IGN,-34.41447569000000328),-61.92872837
Estación Dos Hermanos,Estación,Dos Hermanos,2,IGN/Ministerio de Transporte de la Nación,IGN,-34.47295742499989757),-62.09322555
Estación Juan Bautista Alberdi,Estación,Juan Bautista Alberdi,6,IGN/Trenes Argentinos,IGN,-34.43710248000000007),-61.81190155
Estación Mayor J. Orellano,Estación,Mayor J. Orellano,2,IGN/Ministerio de Transporte de la Nación,IGN,-34.57579961599999763),-62.05128636
Estación Ingeniero Balbín,Estación,Ingeniero Balbín,2,IGN/Ministerio de Transporte de la Nación,IGN,-34.57693260100000288),-62.17123374
Estación Covello,Estación,Covello,2,IGN/Ministerio de Transporte de la Nación,IGN,-36.22238316599990071),-59.72624312
Estación General Alvear,Estación,General Alvear,6,IGN/Ministerio de Transporte de la Nación,IGN,-36.01891033100000072),-60.02213253
Estación Yerbas,Estación,Yerbas,2,IGN/Ministerio de Transporte de la Nación,IGN,-36.18334852999989693),-60.06318034
Estación José María Micheo,Estación,José María Micheo,6,IGN/Ministerio de Transporte de la Nación,IGN,-35.8813705239999976),-59.94620311
Estación San Enrique,Estación,San Enrique,2,IGN/Ministerio de Transporte de la Nación,IGN,-35.78127825899999692),-60.35854463
Estación Emma,Estación,Emma,2,IGN/Ministerio de Transporte de la Nación,IGN,-36.21044038000000143),-60.21829394
Estación San Bernardo,Estación,San Bernardo,2,IGN/Ministerio de Transporte de la Nación,IGN,-36.30879326000000162),-60.44699814
Estación General La Madrid,Estación,General La Madrid,6,IGN/Trenes Argentinos,IGN,-37.25054371999989655),-61.25833162
Estación Lastra,Estación,Lastra,2,IGN/Ministerio de Transporte de la Nación,IGN,-37.41127880499990255),-61.27975735
Estación Líbano,Estación,Líbano,2,IGN/Ministerio de Transporte de la Nación,IGN,-37.5318190610000002),-61.2886501
Estación Quilcó,Estación,Quilcó,2,IGN/Ministerio de Transporte de la Nación,IGN,-37.0913033859999004),-61.19972031
Estación La Colonia,Estación,La Colonia,2,IGN/Ministerio de Transporte de la Nación,IGN,-37.35907023800000104),-61.54200475
Estación Piñeyro,Estación,Piñeyro,2,IGN/Ministerio de Transporte de la Nación,IGN,-37.42236089299999691),-61.73474071
Estación D´Orbigny,Estación,D´Orbigny,2,IGN/Ministerio de Transporte de la Nación,IGN,-37.67662427999989916),-61.70789809
Divisadero de Pinamar,Divisadero,de Pinamar,6,IGN/Trenes Argentinos,IGN,-37.09992630200000008),-56.90283305
Estación Calfucurá,Estación,Calfucurá,2,IGN/Ministerio de Transporte de la Nación,IGN,-37.48624306800000028),-57.43655825
Estación Juancho,Estación,Juancho,2,IGN/Ministerio de Transporte de la Nación,IGN,-37.15325245299990087),-57.08433562
Estación Claudio Molina,Estación,Claudio Molina,2,IGN/Ministerio de Transporte de la Nación,IGN,-38.08944942699999814),-60.34903696
Estación Vásquez,Estación,Vásquez,2,IGN/Ministerio de Transporte de la Nación,IGN,-38.17909016200000138),-60.17405206
Estación Las Vaquerías,Estación,Las Vaquerías,4,IGN/Ministerio de Transporte de la Nación,IGN,-38.20563062699989842),-60.28877733
Estación Gonzales Chaves,Estación,Gonzales Chaves,2,IGN/Ministerio de Transporte de la Nación,IGN,-38.029607562999999),-60.10113654
Estación Pedro P. Lasalle,Estación,Pedro P. Lassalle,2,IGN/Ministerio de Transporte de la Nación,IGN,-37.9854018759999974),-60.58062959
Estación Cascada,Estación,Cascada,2,IGN/Ministerio de Transporte de la Nación,IGN,-37.29056527800000254),-62.29836014
Estación Pasman,Estación,Pasman,2,IGN/Ministerio de Transporte de la Nación,IGN,-37.22598916199999763),-62.16191069
Estación Huanguelén,Estación,Huanguelén,2,IGN/Ministerio de Transporte de la Nación,IGN,-37.06800353300000239),-61.9532027
Estación Guaminí,Estación,Guaminí,2,IGN/Ministerio de Transporte de la Nación,IGN,-37.02023008700000162),-62.41734423
Estación Ombú,Estación,Ombú,2,IGN/Ministerio de Transporte de la Nación,IGN,-37.12982647999999841),-62.02576218
Estación Huanguelén Sud,Estación,Huanguelén Sud,2,IGN/Ministerio de Transporte de la Nación,IGN,-37.06202989799989922),-61.92962284
Estación La Primavera,Estación,La Primavera,2,IGN/Ministerio de Transporte de la Nación,IGN,-37.34410866399999662),-61.93426617
Estación Zentena,Estación,Zentena,2,IGN/Ministerio de Transporte de la Nación,IGN,-37.21955116000000174),-61.94304427
Estación Edmundo B. Perkins,Estación,Edmundo B. Perkins,2,IGN/Ministerio de Transporte de la Nación,IGN,-34.4645608819999012),-61.66683969
Estación Vedia,Estación,Vedia,6,IGN/Trenes Argentinos,IGN,-34.48882678300000038),-61.53845896
Estación Leandro N. Alem,Estación,Leandro N. Alem,6,IGN/Trenes Argentinos,IGN,-34.51674571899999933),-61.39037634
Estación Álvarez Jonte,Estación,Álvarez Jonte,2,IGN/Ministerio de Transporte de la Nación,IGN,-35.32177364199999658),-57.45428862
Estación Magdalena,Estación,Magdalena,2,IGN/Ministerio de Transporte de la Nación,IGN,-35.07327707999999689),-57.51385786
Estación Julio Arditi,Estación,Julio Arditi,2,IGN/Ministerio de Transporte de la Nación,IGN,-35.12841824000000202),-57.64916942
Estación Vieytes,Estación,Vieytes,2,IGN/Ministerio de Transporte de la Nación,IGN,-35.26751972899999998),-57.57523575
Estación Bartolomé Bavio,Estación,Bartolomé Bavio,2,IGN/Ministerio de Transporte de la Nación,IGN,-35.08625164200000057),-57.748024
Estación Atalaya,Estación,Atalaya,2,IGN/Ministerio de Transporte de la Nación,IGN,-35.02207719300000122),-57.53248662
Estación Roberto Payró,Estación,Roberto Payró,2,IGN/Ministerio de Transporte de la Nación,IGN,-35.18138399699999752),-57.65386715
Estación Verónica,Estación,Verónica,2,IGN/Ministerio de Transporte de la Nación,IGN,-35.38678464699999893),-57.33703004
Estación José Ferrari,Estación,José Ferrari,2,IGN/Ministerio de Transporte de la Nación,IGN,-35.29101886000000121),-57.86300155
Estación Empalme Magdalena,Estación,Empalme Magdalena,2,IGN/Ministerio de Transporte de la Nación,IGN,-35.06994033000000144),-57.53436528
Estación Saavedra,Estación,Saavedra,6,IGN/Trenes Argentinos,IGN,-37.76386682999999778),-62.35187183
Estación Arroyo Corto,Estación,Arroyo Corto,6,IGN/Ministerio de Transporte de la Nación,IGN,-37.51584231499990096),-62.31174234
Estación Dufaur,Estación,Dufaur,2,IGN/Ministerio de Transporte de la Nación,IGN,-37.94441202099989852),-62.28816302
Estación Cura Malal,Estación,Cura Malal,2,IGN/Ministerio de Transporte de la Nación,IGN,-37.48621363000000173),-62.1058732
Estación Sierra de la Ventana,Estación,Sierra de la Ventana,2,IGN/Ministerio de Transporte de la Nación,IGN,-38.13851668099989922),-61.79433222
Estación Tornquist,Estación,Tornquist,6,IGN/Trenes Argentinos,IGN,-38.10168439499990001),-62.2295102
Estación Pigüé,Estación,Pigüé,6,IIGN/Trenes Argentinos,IGN,-37.60100982400000191),-62.41157292
Estación Coronel Suárez,Estación,Coronel Suárez,6,IGN/Trenes Argentinos,IGN,-37.46057147900000217),-61.93212701
Estación Otoño,Estación,Otoño,2,IGN/Ministerio de Transporte de la Nación,IGN,-37.00702231799989761),-61.85069019
Estación Ducós,Estación,Ducós,2,IGN/Ministerio de Transporte de la Nación,IGN,-37.45696162499999815),-62.42374407
Estación Bathurst,Estación,Bathurst,2,IGN/Ministerio de Transporte de la Nación,IGN,-37.57583145400000291),-61.81940011
Estación Coronel Suárez,Estación,Coronel Suárez,2,IGN/Ministerio de Transporte de la Nación,IGN,-37.4697633159999981),-61.91523945
Estación Pichincha,Estación,Pichincha,2,IGN/Ministerio de Transporte de la Nación,IGN,-34.57930302599989858),-62.35175097
Estación Drabble,Estación,Drabble,2,IGN/Ministerio de Transporte de la Nación,IGN,-34.91906435300000311),-62.76445641
Estación Condarco,Estación,Condarco,2,IGN/Ministerio de Transporte de la Nación,IGN,-35.27341872400000256),-63.06753478
Estación J. A. Pradere,Estación,J. A. Pradere,2,IGN/Ministerio de Transporte de la Nación,IGN,-35.25404872000000012),-62.92768545
Estación Banderaló,Estación,Banderaló,6,IGN/Ministerio de Transporte de la Nación,IGN,-35.01000847699990004),-63.37455919
Estación Elordi,Estación,Elordi,6,IGN/Ministerio de Transporte de la Nación,IGN,-35.04632214299989812),-63.12175194
Estación Gondra,Estación,Gondra,4,IGN/Ministerio de Transporte de la Nación,IGN,-34.74707606100000135),-63.35916032
Estación Coronel Charlone,Estación,Coronel Charlone,6,IGN/Ministerio de Transporte de la Nación,IGN,-34.67316533799989742),-63.37430198
Estación Emilio V. Bunge,Estación,Emilio V. Bunge,2,IGN/Ministerio de Transporte de la Nación,IGN,-34.77803342699999689),-63.19737843
Estación Los Laureles,Estación,Los Laureles,4,IGN/Ministerio de Transporte de la Nación,IGN,-35.11272815199990305),-62.90802288
Estación Santa Eleodora,Estación,Santa Eleodora,2,IGN/Ministerio de Transporte de la Nación,IGN,-34.69100237600000014),-62.69584779
Estación Blaquier,Estación,Blaquier,2,IGN/Ministerio de Transporte de la Nación,IGN,-34.63445592999990197),-62.47905765
Estación Florentino Ameghino,Estación,Florentino Ameghino,6,IGN/Ministerio de Transporte de la Nación,IGN,-34.84992698100000297),-62.46796142
Estación Volta,Estación,Volta,6,IGN/Ministerio de Transporte de la Nación,IGN,-34.88929762600000117),-62.63617521
Estación Moores,Estación,Moores,2,IGN/Ministerio de Transporte de la Nación,IGN,-34.95358374700000326),-62.9140553
Estación El Día,Estación,El Día,2,IGN/Ministerio de Transporte de la Nación,IGN,-34.73807315900000248),-62.83255359
Estación Piedritas,Estación,Piedritas,2,IGN/Ministerio de Transporte de la Nación,IGN,-34.77203946000000201),-62.9848157
Estación Cañada Seca,Estación,Cañada Seca,2,IGN/Ministerio de Transporte de la Nación,IGN,-34.41425125599990054),-62.96289556
Estación Santa Regina,Estación,Santa Regina,2,IGN/Ministerio de Transporte de la Nación,IGN,-34.54798652699999906),-63.17418071
Estación General Villegas,Estación,General Villegas,2,IGN/Ministerio de Transporte de la Nación,IGN,-35.02891327599999727),-63.01964465
Estación Sansinena,Estación,Sansinena,2,IGN/Ministerio de Transporte de la Nación,IGN,-35.27365293999999807),-63.21703837
Estación Olavarría,Estación,Olavarría,6,IGN/Trenes Argentinos,IGN,-36.89613827999990292),-60.31434031
Estación Sierra Chica,Estación,Sierra Chica,2,IGN/Ministerio de Transporte de la Nación,IGN,-36.83888113799999786),-60.22925135
Estación Iturregui,Estación,Iturregui,2,IGN/Ministerio de Transporte de la Nación,IGN,-36.82521674299989911),-61.12515906
Estación Pourtalé,Estación,Pourtalé,2,IGN/Ministerio de Transporte de la Nación,IGN,-37.01951106900000354),-60.59078616
Empalme Querandíes,Empalme,Querandíes,2,IGN/Ministerio de Transporte de la Nación,IGN,-37.01044216199989734),-60.3934463
Estación Emilio Lamarca,Estación,Emilio Lamarca,2,IGN/Ministerio de Transporte de la Nación,IGN,-40.07131028799989991),-62.6156
Estación Stroeder,Estación,Stroeder,2,IGN/Ministerio de Transporte de la Nación,IGN,-40.18639622500000286),-62.61631409
Estación Caderal Cagliero,Estación,Caderal Cagliero,2,IGN/Ministerio de Transporte de la Nación,IGN,-40.65236918200000105),-62.75200317
Estación José B. Casas,Estación,José B. Casas,2,IGN/Ministerio de Transporte de la Nación,IGN,-40.43466393199999942),-62.54358892
Estación Villalonga,Estación,Villalonga,2,IGN/Ministerio de Transporte de la Nación,IGN,-39.91653801300000026),-62.6147485
Estación Carmen de Patagones,Estación,Carmen de Patagones,2,IGN/Ministerio de Transporte de la Nación,IGN,-40.79153067099999674),-62.9795494
Estación Salto,Estación,Salto,2,IGN/Ministerio de Transporte de la Nación,IGN,-34.29215781700000321),-60.26231546
Estación Salto,Estación,Salto,2,IGN/Ministerio de Transporte de la Nación,IGN,-34.3002807109999992),-60.24469902
Estación La Invencible,Estación,La Invencible,2,IGN/Ministerio de Transporte de la Nación,IGN,-34.26570176500000287),-60.38695934
Estación Hunter,Estación,Hunter,2,IGN/Ministerio de Transporte de la Nación,IGN,-34.24799689000000313),-60.53223263
Estación Inés Indart,Estación,Inés Indart,2,IGN/Ministerio de Transporte de la Nación,IGN,-34.39785676500000022),-60.54198959
Estación Berdier,Estación,Berdier,2,IGN/Ministerio de Transporte de la Nación,IGN,-34.39560872799999913),-60.25705648
Estación Tacuarí,Estación,Tacuarí,2,IGN/Ministerio de Transporte de la Nación,IGN,-34.21135205600000262),-60.30975651
Estación San Fernando R,Estación,San Fernando R,6,IGN/Trenes Argentinos,IGN,-34.43760825799999736),-58.55404549
Estación San Pedro,Estación,San Pedro,6,IGN/Trenes Argentinos,IGN,-33.6943217350000026),-59.68283217
Estación Río Tala,Estación,Río Tala,6,IGN/Ministerio de Transporte de la Nación,IGN,-33.76883713699989897),-59.63487189
Estación Guernica,Estación,Guernica,6,IGN/Trenes Argentinos,IGN,-34.91798989200000136),-58.38070683
Estación González Risos,Estación,González Risos,2,IGN/Ministerio de Transporte de la Nación,IGN,-34.85510677500000298),-59.22626423
Estación Ingeniero Williams,Estación,Ingeniero Williams,2,IGN/Ministerio de Transporte de la Nación,IGN,-34.89436009500000324),-59.37255129
Estación de Bary,Estación,de Bary,2,IGN/Ministerio de Transporte de la Nación,IGN,-36.34042450899990229),-63.26300056
Estación Vivoratá,Estación,Vivoratá,6,IGN/Trenes Argentinos,IGN,-37.66392946599999902),-57.66939132
Estación Coronel Vidal,Estación,Coronel Vidal,6,IGN/Trenes Argentinos,IGN,-37.45451791299999655),-57.72853246
Estación Nahuel Rucá,Estación,Nahuel Rucá,2,IGN/Ministerio de Transporte de la Nación,IGN,-37.58193835600000199),-57.54784878
Desvío Foguista Ghiberti,Desvío,Foguista Ghiberti,2,IGN/Ministerio de Transporte de la Nación,IGN,-37.55849861099989795),-57.69917651
Estación Funke,Estación,Funke,2,IGN/Ministerio de Transporte de la Nación,IGN,-35.46434500299989878),-58.97611529
Estación Carlos Beguerie,Estación,Carlos Beguerie,2,IGN/Ministerio de Transporte de la Nación,IGN,-35.48358199199999774),-59.10201822
Estación Zenón Videla Dorna,Estación,Zenón Videla Dorna,4,IGN/Ministerio de Transporte de la Nación,IGN,-35.54175651999999985),-58.88803042
Estación González Moreno,Estación,González Moreno,2,IGN/Ministerio de Transporte de la Nación,IGN,-35.55827598799989886),-63.38006185
Estación América,Estación,América,2,IGN/Ministerio de Transporte de la Nación,IGN,-35.48572546599999811),-62.97607339
Estación Valentín Gómez,Estación,Valentín Gómez,2,IGN/Ministerio de Transporte de la Nación,IGN,-35.64894495999990198),-63.25674655
Estación Sol de Mayo,Estación,Sol de Mayo,2,IGN/Ministerio de Transporte de la Nación,IGN,-34.26903233799990289),-60.87166639
Estación Guido y Spano,Estación,Guido y Spano,2,IGN/Ministerio de Transporte de la Nación,IGN,-34.23202420300000171),-60.647737
Estación Rojas,Estación,Rojas,2,IGN/Ministerio de Transporte de la Nación,IGN,-34.20171509299999713),-60.72754606
Estación Estela,Estación,Estela,4,IGN/Ministerio de Transporte de la Nación,IGN,-38.11091328299990266),-62.91105495
Estación Chasicó,Estación,Chasicó,6,IGN/Ministerio de Transporte de la Nación,IGN,-38.33749276399989725),-62.64224965
Estación 17 de Agosto,Estación,17 de Agosto,6,IGN/Ministerio de Transporte de la Nación,IGN,-37.912929149),-62.93847861
Estación Villa Iris,Estación,Villa Iris,2,IGN/Ministerio de Transporte de la Nación,IGN,-38.17469028099999662),-63.23723411
Estación Felipe Solá,Estación,Felipe Solá,2,IGN/Ministerio de Transporte de la Nación,IGN,-38.01054216099989702),-62.81647553
Empalme Piedra Ehada,Empalme,Piedra Ehada,2,IGN/Ministerio de Transporte de la Nación,IGN,-38.08216300399990217),-62.77561506
Estación López Lecube,Estación,López Lecube,2,IGN/Ministerio de Transporte de la Nación,IGN,-38.11961555199999907),-62.72694389
Estación Pelicurá,Estación,Pelicurá,2,IGN/Ministerio de Transporte de la Nación,IGN,-38.19461749100000247),-62.69162346
Estación Berraondo,Estación,Berraondo,2,IGN/Ministerio de Transporte de la Nación,IGN,-38.41561238199989958),-62.8189408
Estación San Germán,Estación,San Germán,2,IGN/Ministerio de Transporte de la Nación,IGN,-38.30314516399990055),-62.98318613
Estación Rondeau,Estación,Rondeau,2,IGN/Ministerio de Transporte de la Nación,IGN,-38.23905074299999995),-63.12095466
Estación Rivadeo,Estación,Rivadeo,2,IGN/Ministerio de Transporte de la Nación,IGN,-38.14653195099990057),-63.05228504
Estación Rauch,Estación,Rauch,2,IGN/Ministerio de Transporte de la Nación,IGN,-36.77735956099999726),-59.09762313
Estación Miranda,Estación,Miranda,2,IGN/Ministerio de Transporte de la Nación,IGN,-36.53347339100000113),-59.13379511
Estación Juan Tronconi,Estación,Juan Tronconi,2,IGN/Ministerio de Transporte de la Nación,IGN,-35.51027559599990013),-59.25340256
Estación Juan Atucha,Estación,Juan Atucha,2,IGN/Ministerio de Transporte de la Nación,IGN,-35.54500913599999734),-59.35074705
Estación Santiago Larré,Estación,Santiago Larré,2,IGN/Ministerio de Transporte de la Nación,IGN,-35.58239736899999883),-59.1652013
Estación Álvarez de Toledo,Estación,Álvarez de Toledo,2,IGN/Ministerio de Transporte de la Nación,IGN,-35.6364857579998997),-59.62918566
Estación Saladillo Norte,Estación,Saladillo Norte,2,IGN/Ministerio de Transporte de la Nación,IGN,-35.60737072799999936),-59.79558231
Estación Gobernador Ortiz de Rozas,Estación,Gobernador Ortiz de Rozas,2,IGN/Ministerio de Transporte de la Nación,IGN,-35.62864166199990024),-59.7665423
Estación Saladillo,Estación,Saladillo,6,IGN/Ministerio de Transporte de la Nación,IGN,-35.63558136799999687),-59.7838161
Estación del Carril,Estación,del Carril,6,IGN/Ministerio de Transporte de la Nación,IGN,-35.51009487200000336),-59.51124763
Estación Cazón,Estación,Cazón,6,IGN/Ministerio de Transporte de la Nación,IGN,-35.57703715400000277),-59.66154578
Estación Emiliano Reynoso,Estación,Emiliano Reynoso,4,IGN/Ministerio de Transporte de la Nación,IGN,-35.54928189399989691),-59.87407848
Estación Lucas Monteverde,Estación,Lucas Monteverde,2,IGN/Ministerio de Transporte de la Nación,IGN,-35.48262789699990094),-59.98571066
Estación Blas Duroña,Estación,Blas Duroña,2,IGN/Ministerio de Transporte de la Nación,IGN,-35.48026782800000234),-60.13565787
Estación La Barrancosa,Estación,La Barrancosa,2,IGN/Ministerio de Transporte de la Nación,IGN,-35.73803874299989758),-59.86863349
Estación Esther,Estación,Esther,2,IGN/Ministerio de Transporte de la Nación,IGN,-35.64024021699999878),-59.95339172
Estación Pueblitos,Estación,Pueblitos,2,IGN/Ministerio de Transporte de la Nación,IGN,-35.63738962400000077),-60.10956772
Estación San Benito,Estación,San Benito,4,IGN/Ministerio de Transporte de la Nación,IGN,-35.67007117399990079),-59.8849237
Estación Mercedes Cargas,Estación,Mercedes Cargas,6,IGN/Ministerio de Transporte de la Nación,IGN,-34.65651849499990078),-59.44381616
Estación Gowland,Estación,Gowland,6,IGN/Trenes Argentinos,IGN,-34.64799307999989963),-59.35295789
Estación Mercedes P.,Estación,Mercedes P.,6,IGN/Trenes Argentinos,IGN,-34.65683960699990251),-59.43147247
Estación Mercedes,Estación,Mercedes,6,IGN/Ministerio de Transporte de la Nación,IGN,-34.6577108079998979),-59.43241746
Estación Agote,Estación,Agote,2,IGN/Ministerio de Transporte de la Nación,IGN,-34.64472537500000016),-59.35365565
Estación Altamira,Estación,Altamira,2,IGN/Ministerio de Transporte de la Nación,IGN,-34.66999007599999771),-59.36792365
Estación Mercedes,Estación,Mercedes,2,IGN/Ministerio de Transporte de la Nación,IGN,-34.64480375699999826),-59.42666978
Estación Vaghes,Estación,Vaghes,2,IGN/Ministerio de Transporte de la Nación,IGN,-34.29933813299989964),-59.44456948
Estación San Antonio,Estación,San Antonio,2,IGN/Ministerio de Transporte de la Nación,IGN,-34.25791551899990139),-59.48075387
Estación Duggan,Estación,Duggan,2,IGN/Ministerio de Transporte de la Nación,IGN,-34.2137928849999966),-59.63466456
Estación Km 108,Estación,Km 108,4,IGN/Ministerio de Transporte de la Nación,IGN,-34.43415175199989875),-59.56312417
Estación San Andrés de Giles,Estación,San Andrés de Giles,2,IGN/Ministerio de Transporte de la Nación,IGN,-34.43776484299999652),-59.44063501
Estación Heavy,Estación,Heavy,2,IGN/Ministerio de Transporte de la Nación,IGN,-34.43131811300000322),-59.65870662
Estación Ochandío,Estación,Ochandío,2,IGN/Ministerio de Transporte de la Nación,IGN,-38.35929998699990051),-59.79389704
Estación Santiago Garbarini,Estación,Santiago Garbarini,2,IGN/Ministerio de Transporte de la Nación,IGN,-35.4832991869999006),-60.38258061
Estación 25 de Mayo,Estación,25 de Mayo,6,IGN/Ministerio de Transporte de la Nación,IGN,-35.42447646400000139),-60.16670579
Estación Pedernales,Estación,Pedernales,6,IGN/Ministerio de Transporte de la Nación,IGN,-35.26610180400000161),-59.63112273
Estación Norberto de la Riestra,Estación,Norberto de la Riestra,6,IGN/Ministerio de Transporte de la Nación,IGN,-35.27188288600000021),-59.77483652
Estación Estación Martín Berraondo,Estación,Martín Berraondo,6,IGN/Ministerio de Transporte de la Nación,IGN,-35.31691679699999753),-59.9524234
Estación Islas,Estación,Islas,2,IGN/Ministerio de Transporte de la Nación,IGN,-35.56795822499999815),-60.35758347
Estación Ernestina,Estación,Ernestina,6,IGN/Ministerio de Transporte de la Nación,IGN,-35.26875732199989955),-59.55707204
Estación Mamaguita,Estación,Mamaguita,2,IGN/Ministerio de Transporte de la Nación,IGN,-35.68897777699989859),-60.2251914
Estación Las Pipinas,Estación,Las Pipinas,2,IGN/Ministerio de Transporte de la Nación,IGN,-35.53386387099990174),-57.32490539
Estación Monte Veloz,Estación,Monte Veloz,2,IGN/Ministerio de Transporte de la Nación,IGN,-35.46497749199990324),-57.28283358
Estación Estomba,Estación,Estomba,2,IGN/Ministerio de Transporte de la Nación,IGN,-38.34945114100000296),-61.80302569
Estación Tres Picos,Estación,Tres Picos,2,IGN/Ministerio de Transporte de la Nación,IGN,-38.28918168799999933),-62.20969874
Estación Micaella Cascallares,Estación,Micaella Cascallares,6,IGN/Ministerio de Transporte de la Nación,IGN,-38.49222324399990214),-60.46895536
Estación Barrow,Estación,Barrow,2,IGN/Ministerio de Transporte de la Nación,IGN,-38.3127089769999003),-60.23134506
Estación San Mayol,Estación,San Mayol,2,IGN/Ministerio de Transporte de la Nación,IGN,-38.31638332699999694),-60.02592758
Estación Tres Arroyos,Estación,Tres Arroyos,2,IGN/Ministerio de Transporte de la Nación,IGN,-38.38456173099999802),-60.2723362
Estación Copetonas,Estación,Copetonas,2,IGN/Ministerio de Transporte de la Nación,IGN,-38.72073652299999935),-60.45216368
Estación Lin Calel,Estación,Lin Calel,2,IGN/Ministerio de Transporte de la Nación,IGN,-38.70756728700000338),-60.24190122
Estación San Francisco de Belloq,Estación,San Francisco de Belloq,2,IGN/Ministerio de Transporte de la Nación,IGN,-38.69446022599989732),-60.01253958
