DIA_TRANSPORTE,NOMBRE_EMPRESA,LINEA,AMBA,TIPO_TRANSPORTE,JURISDICCION,PROVINCIA,MUNICIPIO,CANTIDAD,DATO_PRELIMINAR,MES_NUMERO,MES_NOMBRE,DIA_SEMANA,TIPO_DIA,ESTACION
2025-01-01,UNION PLATENSE SRL,BSAS_LINEA_502_SUR,SI,COLECTIVO,MUNICIPAL,BUENOS AIRES,LA PLATA,477,NO,1,Enero,Miércoles,Día de semana,Verano
2025-01-01,MICROEXPRES S.A.,BSAS_LINEA_503_ESTE,SI,COLECTIVO,MUNICIPAL,BUENOS AIRES,LA PLATA,961,NO,1,Enero,Miércoles,Día de semana,Verano
2025-01-01,EXPRESO LA PLATA BUENOS AIRES S.A.,BSAS_LINEA_503E,SI,COLECTIVO,MUNICIPAL,BUENOS AIRES,LA PLATA,2866,NO,1,Enero,Miércoles,Día de semana,Verano
2025-01-01,EMPRESA NUEVE DE JULIO S.A.T.,BSAS_LINEA_508C,SI,COLECTIVO,MUNICIPAL,BUENOS AIRES,LA PLATA,62,NO,1,Enero,Miércoles,Día de semana,Verano
2025-01-01,UNION PLATENSE SRL,BSAS_LINEA_520C,SI,COLECTIVO,MUNICIPAL,BUENOS AIRES,LA PLATA,1081,NO,1,Enero,Miércoles,Día de semana,Verano
2025-01-01,EMPRESA NUEVE DE JULIO S.A.T.,BSAS_LINEA_561B,SI,COLECTIVO,MUNICIPAL,BUENOS AIRES,LA PLATA,115,NO,1,Enero,Miércoles,Día de semana,Verano
2025-01-01,EMPRESA NUEVE DE JULIO S.A.T.,LINEA OESTE,SI,COLECTIVO,MUNICIPAL,BUENOS AIRES,LA PLATA,7776,NO,1,Enero,Miércoles,Día de semana,Verano
2025-01-01,FUERTE BARRAGAN S.A.T.I.C.I.,LINEA_506F_BSAS,SI,COLECTIVO,MUNICIPAL,BUENOS AIRES,LA PLATA,1407,NO,1,Enero,Miércoles,Día de semana,Verano
2025-01-01,UNION PLATENSE SRL,NORTE MUNICIPAL,SI,COLECTIVO,MUNICIPAL,BUENOS AIRES,LA PLATA,728,NO,1,Enero,Miércoles,Día de semana,Verano
2025-01-02,UNION PLATENSE SRL,BSAS_LINEA_502_SUR,SI,COLECTIVO,MUNICIPAL,BUENOS AIRES,LA PLATA,6883,NO,1,Enero,Jueves,Día de semana,Verano
2025-01-02,MICROEXPRES S.A.,BSAS_LINEA_503_ESTE,SI,COLECTIVO,MUNICIPAL,BUENOS AIRES,LA PLATA,4377,NO,1,Enero,Jueves,Día de semana,Verano
2025-01-02,EXPRESO LA PLATA BUENOS AIRES S.A.,BSAS_LINEA_503E,SI,COLECTIVO,MUNICIPAL,BUENOS AIRES,LA PLATA,18394,NO,1,Enero,Jueves,Día de semana,Verano
2025-01-02,EMPRESA NUEVE DE JULIO S.A.T.,BSAS_LINEA_508C,SI,COLECTIVO,MUNICIPAL,BUENOS AIRES,LA PLATA,315,NO,1,Enero,Jueves,Día de semana,Verano
2025-01-02,EXPRESO LA PLATA BUENOS AIRES S.A.,BSAS_LINEA_518,SI,COLECTIVO,MUNICIPAL,BUENOS AIRES,LA PLATA,447,NO,1,Enero,Jueves,Día de semana,Verano
2025-01-02,UNION PLATENSE SRL,BSAS_LINEA_520C,SI,COLECTIVO,MUNICIPAL,BUENOS AIRES,LA PLATA,7928,NO,1,Enero,Jueves,Día de semana,Verano
2025-01-02,EMPRESA NUEVE DE JULIO S.A.T.,BSAS_LINEA_561B,SI,COLECTIVO,MUNICIPAL,BUENOS AIRES,LA PLATA,508,NO,1,Enero,Jueves,Día de semana,Verano
2025-01-02,EMPRESA NUEVE DE JULIO S.A.T.,LINEA OESTE,SI,COLECTIVO,MUNICIPAL,BUENOS AIRES,LA PLATA,36203,NO,1,Enero,Jueves,Día de semana,Verano
2025-01-02,FUERTE BARRAGAN S.A.T.I.C.I.,LINEA_506F_BSAS,SI,COLECTIVO,MUNICIPAL,BUENOS AIRES,LA PLATA,7442,NO,1,Enero,Jueves,Día de semana,Verano
2025-01-02,UNION PLATENSE SRL,NORTE MUNICIPAL,SI,COLECTIVO,MUNICIPAL,BUENOS AIRES,LA PLATA,7704,NO,1,Enero,Jueves,Día de semana,Verano
2025-01-03,UNION PLATENSE SRL,BSAS_LINEA_502_SUR,SI,COLECTIVO,MUNICIPAL,BUENOS AIRES,LA PLATA,8033,NO,1,Enero,Viernes,Día de semana,Verano
2025-01-03,MICROEXPRES S.A.,BSAS_LINEA_503_ESTE,SI,COLECTIVO,MUNICIPAL,BUENOS AIRES,LA PLATA,4814,NO,1,Enero,Viernes,Día de semana,Verano
2025-01-03,EXPRESO LA PLATA BUENOS AIRES S.A.,BSAS_LINEA_503E,SI,COLECTIVO,MUNICIPAL,BUENOS AIRES,LA PLATA,20984,NO,1,Enero,Viernes,Día de semana,Verano
2025-01-03,EMPRESA NUEVE DE JULIO S.A.T.,BSAS_LINEA_508C,SI,COLECTIVO,MUNICIPAL,BUENOS AIRES,LA PLATA,364,NO,1,Enero,Viernes,Día de semana,Verano
2025-01-03,EXPRESO LA PLATA BUENOS AIRES S.A.,BSAS_LINEA_518,SI,COLECTIVO,MUNICIPAL,BUENOS AIRES,LA PLATA,508,NO,1,Enero,Viernes,Día de semana,Verano
2025-01-03,UNION PLATENSE SRL,BSAS_LINEA_520C,SI,COLECTIVO,MUNICIPAL,BUENOS AIRES,LA PLATA,8909,NO,1,Enero,Viernes,Día de semana,Verano
2025-01-03,EMPRESA NUEVE DE JULIO S.A.T.,BSAS_LINEA_561B,SI,COLECTIVO,MUNICIPAL,BUENOS AIRES,LA PLATA,557,NO,1,Enero,Viernes,Día de semana,Verano
2025-01-03,EMPRESA NUEVE DE JULIO S.A.T.,LINEA OESTE,SI,COLECTIVO,MUNICIPAL,BUENOS AIRES,LA PLATA,43275,NO,1,Enero,Viernes,Día de semana,Verano
2025-01-03,FUERTE BARRAGAN S.A.T.I.C.I.,LINEA_506F_BSAS,SI,COLECTIVO,MUNICIPAL,BUENOS AIRES,LA PLATA,8638,NO,1,Enero,Viernes,Día de semana,Verano
2025-01-03,UNION PLATENSE SRL,NORTE MUNICIPAL,SI,COLECTIVO,MUNICIPAL,BUENOS AIRES,LA PLATA,9127,NO,1,Enero,Viernes,Día de semana,Verano
2025-01-04,UNION PLATENSE SRL,BSAS_LINEA_502_SUR,SI,COLECTIVO,MUNICIPAL,BUENOS AIRES,LA PLATA,4244,NO,1,Enero,Sábado,Fin de semana,Verano
2025-01-04,MICROEXPRES S.A.,BSAS_LINEA_503_ESTE,SI,COLECTIVO,MUNICIPAL,BUENOS AIRES,LA PLATA,3549,NO,1,Enero,Sábado,Fin de semana,Verano
2025-01-04,EXPRESO LA PLATA BUENOS AIRES S.A.,BSAS_LINEA_503E,SI,COLECTIVO,MUNICIPAL,BUENOS AIRES,LA PLATA,14385,NO,1,Enero,Sábado,Fin de semana,Verano
2025-01-04,EMPRESA NUEVE DE JULIO S.A.T.,BSAS_LINEA_508C,SI,COLECTIVO,MUNICIPAL,BUENOS AIRES,LA PLATA,344,NO,1,Enero,Sábado,Fin de semana,Verano
2025-01-04,EXPRESO LA PLATA BUENOS AIRES S.A.,BSAS_LINEA_518,SI,COLECTIVO,MUNICIPAL,BUENOS AIRES,LA PLATA,349,NO,1,Enero,Sábado,Fin de semana,Verano
2025-01-04,UNION PLATENSE SRL,BSAS_LINEA_520C,SI,COLECTIVO,MUNICIPAL,BUENOS AIRES,LA PLATA,4896,NO,1,Enero,Sábado,Fin de semana,Verano
2025-01-04,EMPRESA NUEVE DE JULIO S.A.T.,BSAS_LINEA_561B,SI,COLECTIVO,MUNICIPAL,BUENOS AIRES,LA PLATA,394,NO,1,Enero,Sábado,Fin de semana,Verano
2025-01-04,EMPRESA NUEVE DE JULIO S.A.T.,LINEA OESTE,SI,COLECTIVO,MUNICIPAL,BUENOS AIRES,LA PLATA,27067,NO,1,Enero,Sábado,Fin de semana,Verano
2025-01-04,FUERTE BARRAGAN S.A.T.I.C.I.,LINEA_506F_BSAS,SI,COLECTIVO,MUNICIPAL,BUENOS AIRES,LA PLATA,5122,NO,1,Enero,Sábado,Fin de semana,Verano
2025-01-04,UNION PLATENSE SRL,NORTE MUNICIPAL,SI,COLECTIVO,MUNICIPAL,BUENOS AIRES,LA PLATA,4687,NO,1,Enero,Sábado,Fin de semana,Verano
2025-01-05,UNION PLATENSE SRL,BSAS_LINEA_502_SUR,SI,COLECTIVO,MUNICIPAL,BUENOS AIRES,LA PLATA,1226,NO,1,Enero,Domingo,Fin de semana,Verano
2025-01-05,MICROEXPRES S.A.,BSAS_LINEA_503_ESTE,SI,COLECTIVO,MUNICIPAL,BUENOS AIRES,LA PLATA,2187,NO,1,Enero,Domingo,Fin de semana,Verano
2025-01-05,EXPRESO LA PLATA BUENOS AIRES S.A.,BSAS_LINEA_503E,SI,COLECTIVO,MUNICIPAL,BUENOS AIRES,LA PLATA,9004,NO,1,Enero,Domingo,Fin de semana,Verano
2025-01-05,EMPRESA NUEVE DE JULIO S.A.T.,BSAS_LINEA_508C,SI,COLECTIVO,MUNICIPAL,BUENOS AIRES,LA PLATA,200,NO,1,Enero,Domingo,Fin de semana,Verano
2025-01-05,EXPRESO LA PLATA BUENOS AIRES S.A.,BSAS_LINEA_518,SI,COLECTIVO,MUNICIPAL,BUENOS AIRES,LA PLATA,125,NO,1,Enero,Domingo,Fin de semana,Verano
2025-01-05,UNION PLATENSE SRL,BSAS_LINEA_520C,SI,COLECTIVO,MUNICIPAL,BUENOS AIRES,LA PLATA,2586,NO,1,Enero,Domingo,Fin de semana,Verano
2025-01-05,EMPRESA NUEVE DE JULIO S.A.T.,BSAS_LINEA_561B,SI,COLECTIVO,MUNICIPAL,BUENOS AIRES,LA PLATA,285,NO,1,Enero,Domingo,Fin de semana,Verano
2025-01-05,EMPRESA NUEVE DE JULIO S.A.T.,LINEA OESTE,SI,COLECTIVO,MUNICIPAL,BUENOS AIRES,LA PLATA,16024,NO,1,Enero,Domingo,Fin de semana,Verano
2025-01-05,FUERTE BARRAGAN S.A.T.I.C.I.,LINEA_506F_BSAS,SI,COLECTIVO,MUNICIPAL,BUENOS AIRES,LA PLATA,3242,NO,1,Enero,Domingo,Fin de semana,Verano
2025-01-05,UNION PLATENSE SRL,NORTE MUNICIPAL,SI,COLECTIVO,MUNICIPAL,BUENOS AIRES,LA PLATA,2195,NO,1,Enero,Domingo,Fin de semana,Verano
2025-01-06,UNION PLATENSE SRL,BSAS_LINEA_502_SUR,SI,COLECTIVO,MUNICIPAL,BUENOS AIRES,LA PLATA,7915,NO,1,Enero,Lunes,Día de semana,Verano
2025-01-06,MICROEXPRES S.A.,BSAS_LINEA_503_ESTE,SI,COLECTIVO,MUNICIPAL,BUENOS AIRES,LA PLATA,4890,NO,1,Enero,Lunes,Día de semana,Verano
2025-01-06,EXPRESO LA PLATA BUENOS AIRES S.A.,BSAS_LINEA_503E,SI,COLECTIVO,MUNICIPAL,BUENOS AIRES,LA PLATA,20733,NO,1,Enero,Lunes,Día de semana,Verano
2025-01-06,EMPRESA NUEVE DE JULIO S.A.T.,BSAS_LINEA_508C,SI,COLECTIVO,MUNICIPAL,BUENOS AIRES,LA PLATA,503,NO,1,Enero,Lunes,Día de semana,Verano
2025-01-06,EXPRESO LA PLATA BUENOS AIRES S.A.,BSAS_LINEA_518,SI,COLECTIVO,MUNICIPAL,BUENOS AIRES,LA PLATA,461,NO,1,Enero,Lunes,Día de semana,Verano
2025-01-06,UNION PLATENSE SRL,BSAS_LINEA_520C,SI,COLECTIVO,MUNICIPAL,BUENOS AIRES,LA PLATA,9008,NO,1,Enero,Lunes,Día de semana,Verano
2025-01-06,EMPRESA NUEVE DE JULIO S.A.T.,BSAS_LINEA_561B,SI,COLECTIVO,MUNICIPAL,BUENOS AIRES,LA PLATA,601,NO,1,Enero,Lunes,Día de semana,Verano
2025-01-06,EMPRESA NUEVE DE JULIO S.A.T.,LINEA OESTE,SI,COLECTIVO,MUNICIPAL,BUENOS AIRES,LA PLATA,43380,NO,1,Enero,Lunes,Día de semana,Verano
2025-01-06,FUERTE BARRAGAN S.A.T.I.C.I.,LINEA_506F_BSAS,SI,COLECTIVO,MUNICIPAL,BUENOS AIRES,LA PLATA,8652,NO,1,Enero,Lunes,Día de semana,Verano
2025-01-06,UNION PLATENSE SRL,NORTE MUNICIPAL,SI,COLECTIVO,MUNICIPAL,BUENOS AIRES,LA PLATA,9180,NO,1,Enero,Lunes,Día de semana,Verano
2025-01-07,UNION PLATENSE SRL,BSAS_LINEA_502_SUR,SI,COLECTIVO,MUNICIPAL,BUENOS AIRES,LA PLATA,7726,NO,1,Enero,Martes,Día de semana,Verano
2025-01-07,MICROEXPRES S.A.,BSAS_LINEA_503_ESTE,SI,COLECTIVO,MUNICIPAL,BUENOS AIRES,LA PLATA,5031,NO,1,Enero,Martes,Día de semana,Verano
2025-01-07,EXPRESO LA PLATA BUENOS AIRES S.A.,BSAS_LINEA_503E,SI,COLECTIVO,MUNICIPAL,BUENOS AIRES,LA PLATA,20083,NO,1,Enero,Martes,Día de semana,Verano
2025-01-07,EMPRESA NUEVE DE JULIO S.A.T.,BSAS_LINEA_508C,SI,COLECTIVO,MUNICIPAL,BUENOS AIRES,LA PLATA,478,NO,1,Enero,Martes,Día de semana,Verano
2025-01-07,EXPRESO LA PLATA BUENOS AIRES S.A.,BSAS_LINEA_518,SI,COLECTIVO,MUNICIPAL,BUENOS AIRES,LA PLATA,526,NO,1,Enero,Martes,Día de semana,Verano
2025-01-07,UNION PLATENSE SRL,BSAS_LINEA_520C,SI,COLECTIVO,MUNICIPAL,BUENOS AIRES,LA PLATA,8864,NO,1,Enero,Martes,Día de semana,Verano
2025-01-07,EMPRESA NUEVE DE JULIO S.A.T.,BSAS_LINEA_561B,SI,COLECTIVO,MUNICIPAL,BUENOS AIRES,LA PLATA,571,NO,1,Enero,Martes,Día de semana,Verano
2025-01-07,EMPRESA NUEVE DE JULIO S.A.T.,LINEA OESTE,SI,COLECTIVO,MUNICIPAL,BUENOS AIRES,LA PLATA,41687,NO,1,Enero,Martes,Día de semana,Verano
2025-01-07,FUERTE BARRAGAN S.A.T.I.C.I.,LINEA_506F_BSAS,SI,COLECTIVO,MUNICIPAL,BUENOS AIRES,LA PLATA,8348,NO,1,Enero,Martes,Día de semana,Verano
2025-01-07,UNION PLATENSE SRL,NORTE MUNICIPAL,SI,COLECTIVO,MUNICIPAL,BUENOS AIRES,LA PLATA,8797,NO,1,Enero,Martes,Día de semana,Verano
2025-01-08,UNION PLATENSE SRL,BSAS_LINEA_502_SUR,SI,COLECTIVO,MUNICIPAL,BUENOS AIRES,LA PLATA,8322,NO,1,Enero,Miércoles,Día de semana,Verano
2025-01-08,MICROEXPRES S.A.,BSAS_LINEA_503_ESTE,SI,COLECTIVO,MUNICIPAL,BUENOS AIRES,LA PLATA,4777,NO,1,Enero,Miércoles,Día de semana,Verano
2025-01-08,EXPRESO LA PLATA BUENOS AIRES S.A.,BSAS_LINEA_503E,SI,COLECTIVO,MUNICIPAL,BUENOS AIRES,LA PLATA,20326,NO,1,Enero,Miércoles,Día de semana,Verano
2025-01-08,EMPRESA NUEVE DE JULIO S.A.T.,BSAS_LINEA_508C,SI,COLECTIVO,MUNICIPAL,BUENOS AIRES,LA PLATA,420,NO,1,Enero,Miércoles,Día de semana,Verano
2025-01-08,EXPRESO LA PLATA BUENOS AIRES S.A.,BSAS_LINEA_518,SI,COLECTIVO,MUNICIPAL,BUENOS AIRES,LA PLATA,547,NO,1,Enero,Miércoles,Día de semana,Verano
2025-01-08,UNION PLATENSE SRL,BSAS_LINEA_520C,SI,COLECTIVO,MUNICIPAL,BUENOS AIRES,LA PLATA,8747,NO,1,Enero,Miércoles,Día de semana,Verano
2025-01-08,EMPRESA NUEVE DE JULIO S.A.T.,BSAS_LINEA_561B,SI,COLECTIVO,MUNICIPAL,BUENOS AIRES,LA PLATA,583,NO,1,Enero,Miércoles,Día de semana,Verano
2025-01-08,EMPRESA NUEVE DE JULIO S.A.T.,LINEA OESTE,SI,COLECTIVO,MUNICIPAL,BUENOS AIRES,LA PLATA,42456,NO,1,Enero,Miércoles,Día de semana,Verano
2025-01-08,FUERTE BARRAGAN S.A.T.I.C.I.,LINEA_506F_BSAS,SI,COLECTIVO,MUNICIPAL,BUENOS AIRES,LA PLATA,8401,NO,1,Enero,Miércoles,Día de semana,Verano
2025-01-08,UNION PLATENSE SRL,NORTE MUNICIPAL,SI,COLECTIVO,MUNICIPAL,BUENOS AIRES,LA PLATA,8913,NO,1,Enero,Miércoles,Día de semana,Verano
2025-01-09,UNION PLATENSE SRL,BSAS_LINEA_502_SUR,SI,COLECTIVO,MUNICIPAL,BUENOS AIRES,LA PLATA,7364,NO,1,Enero,Jueves,Día de semana,Verano
2025-01-09,MICROEXPRES S.A.,BSAS_LINEA_503_ESTE,SI,COLECTIVO,MUNICIPAL,BUENOS AIRES,LA PLATA,4807,NO,1,Enero,Jueves,Día de semana,Verano
2025-01-09,EXPRESO LA PLATA BUENOS AIRES S.A.,BSAS_LINEA_503E,SI,COLECTIVO,MUNICIPAL,BUENOS AIRES,LA PLATA,22550,NO,1,Enero,Jueves,Día de semana,Verano
2025-01-09,EMPRESA NUEVE DE JULIO S.A.T.,BSAS_LINEA_508C,SI,COLECTIVO,MUNICIPAL,BUENOS AIRES,LA PLATA,388,NO,1,Enero,Jueves,Día de semana,Verano
2025-01-09,EXPRESO LA PLATA BUENOS AIRES S.A.,BSAS_LINEA_518,SI,COLECTIVO,MUNICIPAL,BUENOS AIRES,LA PLATA,543,NO,1,Enero,Jueves,Día de semana,Verano
2025-01-09,UNION PLATENSE SRL,BSAS_LINEA_520C,SI,COLECTIVO,MUNICIPAL,BUENOS AIRES,LA PLATA,9176,NO,1,Enero,Jueves,Día de semana,Verano
2025-01-09,EMPRESA NUEVE DE JULIO S.A.T.,BSAS_LINEA_561B,SI,COLECTIVO,MUNICIPAL,BUENOS AIRES,LA PLATA,537,NO,1,Enero,Jueves,Día de semana,Verano
2025-01-09,EMPRESA NUEVE DE JULIO S.A.T.,LINEA OESTE,SI,COLECTIVO,MUNICIPAL,BUENOS AIRES,LA PLATA,41352,NO,1,Enero,Jueves,Día de semana,Verano
2025-01-09,FUERTE BARRAGAN S.A.T.I.C.I.,LINEA_506F_BSAS,SI,COLECTIVO,MUNICIPAL,BUENOS AIRES,LA PLATA,8161,NO,1,Enero,Jueves,Día de semana,Verano
2025-01-09,UNION PLATENSE SRL,NORTE MUNICIPAL,SI,COLECTIVO,MUNICIPAL,BUENOS AIRES,LA PLATA,8927,NO,1,Enero,Jueves,Día de semana,Verano
2025-01-10,UNION PLATENSE SRL,BSAS_LINEA_502_SUR,SI,COLECTIVO,MUNICIPAL,BUENOS AIRES,LA PLATA,8232,NO,1,Enero,Viernes,Día de semana,Verano
2025-01-10,MICROEXPRES S.A.,BSAS_LINEA_503_ESTE,SI,COLECTIVO,MUNICIPAL,BUENOS AIRES,LA PLATA,4719,NO,1,Enero,Viernes,Día de semana,Verano
2025-01-10,EXPRESO LA PLATA BUENOS AIRES S.A.,BSAS_LINEA_503E,SI,COLECTIVO,MUNICIPAL,BUENOS AIRES,LA PLATA,20202,NO,1,Enero,Viernes,Día de semana,Verano
2025-01-10,EMPRESA NUEVE DE JULIO S.A.T.,BSAS_LINEA_508C,SI,COLECTIVO,MUNICIPAL,BUENOS AIRES,LA PLATA,388,NO,1,Enero,Viernes,Día de semana,Verano
2025-01-10,EXPRESO LA PLATA BUENOS AIRES S.A.,BSAS_LINEA_518,SI,COLECTIVO,MUNICIPAL,BUENOS AIRES,LA PLATA,521,NO,1,Enero,Viernes,Día de semana,Verano
2025-01-10,UNION PLATENSE SRL,BSAS_LINEA_520C,SI,COLECTIVO,MUNICIPAL,BUENOS AIRES,LA PLATA,9275,NO,1,Enero,Viernes,Día de semana,Verano
2025-01-10,EMPRESA NUEVE DE JULIO S.A.T.,BSAS_LINEA_561B,SI,COLECTIVO,MUNICIPAL,BUENOS AIRES,LA PLATA,531,NO,1,Enero,Viernes,Día de semana,Verano
2025-01-10,EMPRESA NUEVE DE JULIO S.A.T.,LINEA OESTE,SI,COLECTIVO,MUNICIPAL,BUENOS AIRES,LA PLATA,42826,NO,1,Enero,Viernes,Día de semana,Verano
2025-01-10,FUERTE BARRAGAN S.A.T.I.C.I.,LINEA_506F_BSAS,SI,COLECTIVO,MUNICIPAL,BUENOS AIRES,LA PLATA,8403,NO,1,Enero,Viernes,Día de semana,Verano
2025-01-10,UNION PLATENSE SRL,NORTE MUNICIPAL,SI,COLECTIVO,MUNICIPAL,BUENOS AIRES,LA PLATA,8879,NO,1,Enero,Viernes,Día de semana,Verano
2025-01-11,UNION PLATENSE SRL,BSAS_LINEA_502_SUR,SI,COLECTIVO,MUNICIPAL,BUENOS AIRES,LA PLATA,4043,NO,1,Enero,Sábado,Fin de semana,Verano
2025-01-11,MICROEXPRES S.A.,BSAS_LINEA_503_ESTE,SI,COLECTIVO,MUNICIPAL,BUENOS AIRES,LA PLATA,3332,NO,1,Enero,Sábado,Fin de semana,Verano
2025-01-11,EXPRESO LA PLATA BUENOS AIRES S.A.,BSAS_LINEA_503E,SI,COLECTIVO,MUNICIPAL,BUENOS AIRES,LA PLATA,14131,NO,1,Enero,Sábado,Fin de semana,Verano
2025-01-11,EMPRESA NUEVE DE JULIO S.A.T.,BSAS_LINEA_508C,SI,COLECTIVO,MUNICIPAL,BUENOS AIRES,LA PLATA,314,NO,1,Enero,Sábado,Fin de semana,Verano
2025-01-11,EXPRESO LA PLATA BUENOS AIRES S.A.,BSAS_LINEA_518,SI,COLECTIVO,MUNICIPAL,BUENOS AIRES,LA PLATA,372,NO,1,Enero,Sábado,Fin de semana,Verano
2025-01-11,UNION PLATENSE SRL,BSAS_LINEA_520C,SI,COLECTIVO,MUNICIPAL,BUENOS AIRES,LA PLATA,5081,NO,1,Enero,Sábado,Fin de semana,Verano
2025-01-11,EMPRESA NUEVE DE JULIO S.A.T.,BSAS_LINEA_561B,SI,COLECTIVO,MUNICIPAL,BUENOS AIRES,LA PLATA,390,NO,1,Enero,Sábado,Fin de semana,Verano
2025-01-11,EMPRESA NUEVE DE JULIO S.A.T.,LINEA OESTE,SI,COLECTIVO,MUNICIPAL,BUENOS AIRES,LA PLATA,32213,NO,1,Enero,Sábado,Fin de semana,Verano
2025-01-11,FUERTE BARRAGAN S.A.T.I.C.I.,LINEA_506F_BSAS,SI,COLECTIVO,MUNICIPAL,BUENOS AIRES,LA PLATA,4712,NO,1,Enero,Sábado,Fin de semana,Verano
2025-01-11,UNION PLATENSE SRL,NORTE MUNICIPAL,SI,COLECTIVO,MUNICIPAL,BUENOS AIRES,LA PLATA,4256,NO,1,Enero,Sábado,Fin de semana,Verano
2025-01-12,UNION PLATENSE SRL,BSAS_LINEA_502_SUR,SI,COLECTIVO,MUNICIPAL,BUENOS AIRES,LA PLATA,1338,NO,1,Enero,Domingo,Fin de semana,Verano
2025-01-12,MICROEXPRES S.A.,BSAS_LINEA_503_ESTE,SI,COLECTIVO,MUNICIPAL,BUENOS AIRES,LA PLATA,1901,NO,1,Enero,Domingo,Fin de semana,Verano
2025-01-12,EXPRESO LA PLATA BUENOS AIRES S.A.,BSAS_LINEA_503E,SI,COLECTIVO,MUNICIPAL,BUENOS AIRES,LA PLATA,10982,NO,1,Enero,Domingo,Fin de semana,Verano
2025-01-12,EMPRESA NUEVE DE JULIO S.A.T.,BSAS_LINEA_508C,SI,COLECTIVO,MUNICIPAL,BUENOS AIRES,LA PLATA,258,NO,1,Enero,Domingo,Fin de semana,Verano
2025-01-12,EXPRESO LA PLATA BUENOS AIRES S.A.,BSAS_LINEA_518,SI,COLECTIVO,MUNICIPAL,BUENOS AIRES,LA PLATA,86,NO,1,Enero,Domingo,Fin de semana,Verano
2025-01-12,UNION PLATENSE SRL,BSAS_LINEA_520C,SI,COLECTIVO,MUNICIPAL,BUENOS AIRES,LA PLATA,2493,NO,1,Enero,Domingo,Fin de semana,Verano
2025-01-12,EMPRESA NUEVE DE JULIO S.A.T.,BSAS_LINEA_561B,SI,COLECTIVO,MUNICIPAL,BUENOS AIRES,LA PLATA,294,NO,1,Enero,Domingo,Fin de semana,Verano
2025-01-12,EMPRESA NUEVE DE JULIO S.A.T.,LINEA OESTE,SI,COLECTIVO,MUNICIPAL,BUENOS AIRES,LA PLATA,15802,NO,1,Enero,Domingo,Fin de semana,Verano
2025-01-12,FUERTE BARRAGAN S.A.T.I.C.I.,LINEA_506F_BSAS,SI,COLECTIVO,MUNICIPAL,BUENOS AIRES,LA PLATA,3070,NO,1,Enero,Domingo,Fin de semana,Verano
2025-01-12,UNION PLATENSE SRL,NORTE MUNICIPAL,SI,COLECTIVO,MUNICIPAL,BUENOS AIRES,LA PLATA,2203,NO,1,Enero,Domingo,Fin de semana,Verano
2025-01-13,UNION PLATENSE SRL,BSAS_LINEA_502_SUR,SI,COLECTIVO,MUNICIPAL,BUENOS AIRES,LA PLATA,7048,NO,1,Enero,Lunes,Día de semana,Verano
2025-01-13,MICROEXPRES S.A.,BSAS_LINEA_503_ESTE,SI,COLECTIVO,MUNICIPAL,BUENOS AIRES,LA PLATA,4698,NO,1,Enero,Lunes,Día de semana,Verano
2025-01-13,EXPRESO LA PLATA BUENOS AIRES S.A.,BSAS_LINEA_503E,SI,COLECTIVO,MUNICIPAL,BUENOS AIRES,LA PLATA,18204,NO,1,Enero,Lunes,Día de semana,Verano
2025-01-13,EMPRESA NUEVE DE JULIO S.A.T.,BSAS_LINEA_508C,SI,COLECTIVO,MUNICIPAL,BUENOS AIRES,LA PLATA,346,NO,1,Enero,Lunes,Día de semana,Verano
2025-01-13,EXPRESO LA PLATA BUENOS AIRES S.A.,BSAS_LINEA_518,SI,COLECTIVO,MUNICIPAL,BUENOS AIRES,LA PLATA,479,NO,1,Enero,Lunes,Día de semana,Verano
2025-01-13,UNION PLATENSE SRL,BSAS_LINEA_520C,SI,COLECTIVO,MUNICIPAL,BUENOS AIRES,LA PLATA,8978,NO,1,Enero,Lunes,Día de semana,Verano
2025-01-13,EMPRESA NUEVE DE JULIO S.A.T.,BSAS_LINEA_561B,SI,COLECTIVO,MUNICIPAL,BUENOS AIRES,LA PLATA,513,NO,1,Enero,Lunes,Día de semana,Verano
2025-01-13,EMPRESA NUEVE DE JULIO S.A.T.,LINEA OESTE,SI,COLECTIVO,MUNICIPAL,BUENOS AIRES,LA PLATA,39958,NO,1,Enero,Lunes,Día de semana,Verano
2025-01-13,FUERTE BARRAGAN S.A.T.I.C.I.,LINEA_506F_BSAS,SI,COLECTIVO,MUNICIPAL,BUENOS AIRES,LA PLATA,7715,NO,1,Enero,Lunes,Día de semana,Verano
2025-01-13,UNION PLATENSE SRL,NORTE MUNICIPAL,SI,COLECTIVO,MUNICIPAL,BUENOS AIRES,LA PLATA,8362,NO,1,Enero,Lunes,Día de semana,Verano
2025-01-14,UNION PLATENSE SRL,BSAS_LINEA_502_SUR,SI,COLECTIVO,MUNICIPAL,BUENOS AIRES,LA PLATA,7649,NO,1,Enero,Martes,Día de semana,Verano
2025-01-14,MICROEXPRES S.A.,BSAS_LINEA_503_ESTE,SI,COLECTIVO,MUNICIPAL,BUENOS AIRES,LA PLATA,4678,NO,1,Enero,Martes,Día de semana,Verano
2025-01-14,EXPRESO LA PLATA BUENOS AIRES S.A.,BSAS_LINEA_503E,SI,COLECTIVO,MUNICIPAL,BUENOS AIRES,LA PLATA,19038,NO,1,Enero,Martes,Día de semana,Verano
2025-01-14,EMPRESA NUEVE DE JULIO S.A.T.,BSAS_LINEA_508C,SI,COLECTIVO,MUNICIPAL,BUENOS AIRES,LA PLATA,386,NO,1,Enero,Martes,Día de semana,Verano
2025-01-14,EXPRESO LA PLATA BUENOS AIRES S.A.,BSAS_LINEA_518,SI,COLECTIVO,MUNICIPAL,BUENOS AIRES,LA PLATA,503,NO,1,Enero,Martes,Día de semana,Verano
2025-01-14,UNION PLATENSE SRL,BSAS_LINEA_520C,SI,COLECTIVO,MUNICIPAL,BUENOS AIRES,LA PLATA,8566,NO,1,Enero,Martes,Día de semana,Verano
2025-01-14,EMPRESA NUEVE DE JULIO S.A.T.,BSAS_LINEA_561B,SI,COLECTIVO,MUNICIPAL,BUENOS AIRES,LA PLATA,540,NO,1,Enero,Martes,Día de semana,Verano
2025-01-14,EMPRESA NUEVE DE JULIO S.A.T.,LINEA OESTE,SI,COLECTIVO,MUNICIPAL,BUENOS AIRES,LA PLATA,38972,NO,1,Enero,Martes,Día de semana,Verano
2025-01-14,FUERTE BARRAGAN S.A.T.I.C.I.,LINEA_506F_BSAS,SI,COLECTIVO,MUNICIPAL,BUENOS AIRES,LA PLATA,7928,NO,1,Enero,Martes,Día de semana,Verano
2025-01-14,UNION PLATENSE SRL,NORTE MUNICIPAL,SI,COLECTIVO,MUNICIPAL,BUENOS AIRES,LA PLATA,8330,NO,1,Enero,Martes,Día de semana,Verano
2025-01-15,UNION PLATENSE SRL,BSAS_LINEA_502_SUR,SI,COLECTIVO,MUNICIPAL,BUENOS AIRES,LA PLATA,7350,NO,1,Enero,Miércoles,Día de semana,Verano
2025-01-15,MICROEXPRES S.A.,BSAS_LINEA_503_ESTE,SI,COLECTIVO,MUNICIPAL,BUENOS AIRES,LA PLATA,4524,NO,1,Enero,Miércoles,Día de semana,Verano
2025-01-15,EXPRESO LA PLATA BUENOS AIRES S.A.,BSAS_LINEA_503E,SI,COLECTIVO,MUNICIPAL,BUENOS AIRES,LA PLATA,18138,NO,1,Enero,Miércoles,Día de semana,Verano
2025-01-15,EMPRESA NUEVE DE JULIO S.A.T.,BSAS_LINEA_508C,SI,COLECTIVO,MUNICIPAL,BUENOS AIRES,LA PLATA,354,NO,1,Enero,Miércoles,Día de semana,Verano
2025-01-15,EXPRESO LA PLATA BUENOS AIRES S.A.,BSAS_LINEA_518,SI,COLECTIVO,MUNICIPAL,BUENOS AIRES,LA PLATA,527,NO,1,Enero,Miércoles,Día de semana,Verano
2025-01-15,UNION PLATENSE SRL,BSAS_LINEA_520C,SI,COLECTIVO,MUNICIPAL,BUENOS AIRES,LA PLATA,8656,NO,1,Enero,Miércoles,Día de semana,Verano
2025-01-15,EMPRESA NUEVE DE JULIO S.A.T.,BSAS_LINEA_561B,SI,COLECTIVO,MUNICIPAL,BUENOS AIRES,LA PLATA,539,NO,1,Enero,Miércoles,Día de semana,Verano
2025-01-15,EMPRESA NUEVE DE JULIO S.A.T.,LINEA OESTE,SI,COLECTIVO,MUNICIPAL,BUENOS AIRES,LA PLATA,39631,NO,1,Enero,Miércoles,Día de semana,Verano
2025-01-15,FUERTE BARRAGAN S.A.T.I.C.I.,LINEA_506F_BSAS,SI,COLECTIVO,MUNICIPAL,BUENOS AIRES,LA PLATA,7734,NO,1,Enero,Miércoles,Día de semana,Verano
2025-01-15,UNION PLATENSE SRL,NORTE MUNICIPAL,SI,COLECTIVO,MUNICIPAL,BUENOS AIRES,LA PLATA,8213,NO,1,Enero,Miércoles,Día de semana,Verano
2025-01-16,UNION PLATENSE SRL,BSAS_LINEA_502_SUR,SI,COLECTIVO,MUNICIPAL,BUENOS AIRES,LA PLATA,6933,NO,1,Enero,Jueves,Día de semana,Verano
2025-01-16,MICROEXPRES S.A.,BSAS_LINEA_503_ESTE,SI,COLECTIVO,MUNICIPAL,BUENOS AIRES,LA PLATA,4168,NO,1,Enero,Jueves,Día de semana,Verano
2025-01-16,EXPRESO LA PLATA BUENOS AIRES S.A.,BSAS_LINEA_503E,SI,COLECTIVO,MUNICIPAL,BUENOS AIRES,LA PLATA,17938,NO,1,Enero,Jueves,Día de semana,Verano
2025-01-16,EMPRESA NUEVE DE JULIO S.A.T.,BSAS_LINEA_508C,SI,COLECTIVO,MUNICIPAL,BUENOS AIRES,LA PLATA,292,NO,1,Enero,Jueves,Día de semana,Verano
2025-01-16,EXPRESO LA PLATA BUENOS AIRES S.A.,BSAS_LINEA_518,SI,COLECTIVO,MUNICIPAL,BUENOS AIRES,LA PLATA,460,NO,1,Enero,Jueves,Día de semana,Verano
2025-01-16,UNION PLATENSE SRL,BSAS_LINEA_520C,SI,COLECTIVO,MUNICIPAL,BUENOS AIRES,LA PLATA,8088,NO,1,Enero,Jueves,Día de semana,Verano
2025-01-16,EMPRESA NUEVE DE JULIO S.A.T.,BSAS_LINEA_561B,SI,COLECTIVO,MUNICIPAL,BUENOS AIRES,LA PLATA,515,NO,1,Enero,Jueves,Día de semana,Verano
2025-01-16,EMPRESA NUEVE DE JULIO S.A.T.,LINEA OESTE,SI,COLECTIVO,MUNICIPAL,BUENOS AIRES,LA PLATA,36438,NO,1,Enero,Jueves,Día de semana,Verano
2025-01-16,FUERTE BARRAGAN S.A.T.I.C.I.,LINEA_506F_BSAS,SI,COLECTIVO,MUNICIPAL,BUENOS AIRES,LA PLATA,7193,NO,1,Enero,Jueves,Día de semana,Verano
2025-01-16,UNION PLATENSE SRL,NORTE MUNICIPAL,SI,COLECTIVO,MUNICIPAL,BUENOS AIRES,LA PLATA,7637,NO,1,Enero,Jueves,Día de semana,Verano
2025-01-17,UNION PLATENSE SRL,BSAS_LINEA_502_SUR,SI,COLECTIVO,MUNICIPAL,BUENOS AIRES,LA PLATA,7394,NO,1,Enero,Viernes,Día de semana,Verano
2025-01-17,MICROEXPRES S.A.,BSAS_LINEA_503_ESTE,SI,COLECTIVO,MUNICIPAL,BUENOS AIRES,LA PLATA,4577,NO,1,Enero,Viernes,Día de semana,Verano
2025-01-17,EXPRESO LA PLATA BUENOS AIRES S.A.,BSAS_LINEA_503E,SI,COLECTIVO,MUNICIPAL,BUENOS AIRES,LA PLATA,19279,NO,1,Enero,Viernes,Día de semana,Verano
2025-01-17,EMPRESA NUEVE DE JULIO S.A.T.,BSAS_LINEA_508C,SI,COLECTIVO,MUNICIPAL,BUENOS AIRES,LA PLATA,408,NO,1,Enero,Viernes,Día de semana,Verano
2025-01-17,EXPRESO LA PLATA BUENOS AIRES S.A.,BSAS_LINEA_518,SI,COLECTIVO,MUNICIPAL,BUENOS AIRES,LA PLATA,459,NO,1,Enero,Viernes,Día de semana,Verano
2025-01-17,UNION PLATENSE SRL,BSAS_LINEA_520C,SI,COLECTIVO,MUNICIPAL,BUENOS AIRES,LA PLATA,8263,NO,1,Enero,Viernes,Día de semana,Verano
2025-01-17,EMPRESA NUEVE DE JULIO S.A.T.,BSAS_LINEA_561B,SI,COLECTIVO,MUNICIPAL,BUENOS AIRES,LA PLATA,538,NO,1,Enero,Viernes,Día de semana,Verano
2025-01-17,EMPRESA NUEVE DE JULIO S.A.T.,LINEA OESTE,SI,COLECTIVO,MUNICIPAL,BUENOS AIRES,LA PLATA,39765,NO,1,Enero,Viernes,Día de semana,Verano
2025-01-17,FUERTE BARRAGAN S.A.T.I.C.I.,LINEA_506F_BSAS,SI,COLECTIVO,MUNICIPAL,BUENOS AIRES,LA PLATA,7853,NO,1,Enero,Viernes,Día de semana,Verano
2025-01-17,UNION PLATENSE SRL,NORTE MUNICIPAL,SI,COLECTIVO,MUNICIPAL,BUENOS AIRES,LA PLATA,8109,NO,1,Enero,Viernes,Día de semana,Verano
2025-01-18,UNION PLATENSE SRL,BSAS_LINEA_502_SUR,SI,COLECTIVO,MUNICIPAL,BUENOS AIRES,LA PLATA,3920,NO,1,Enero,Sábado,Fin de semana,Verano
2025-01-18,MICROEXPRES S.A.,BSAS_LINEA_503_ESTE,SI,COLECTIVO,MUNICIPAL,BUENOS AIRES,LA PLATA,3122,NO,1,Enero,Sábado,Fin de semana,Verano
2025-01-18,EXPRESO LA PLATA BUENOS AIRES S.A.,BSAS_LINEA_503E,SI,COLECTIVO,MUNICIPAL,BUENOS AIRES,LA PLATA,13296,NO,1,Enero,Sábado,Fin de semana,Verano
2025-01-18,EMPRESA NUEVE DE JULIO S.A.T.,BSAS_LINEA_508C,SI,COLECTIVO,MUNICIPAL,BUENOS AIRES,LA PLATA,301,NO,1,Enero,Sábado,Fin de semana,Verano
2025-01-18,EXPRESO LA PLATA BUENOS AIRES S.A.,BSAS_LINEA_518,SI,COLECTIVO,MUNICIPAL,BUENOS AIRES,LA PLATA,325,NO,1,Enero,Sábado,Fin de semana,Verano
2025-01-18,UNION PLATENSE SRL,BSAS_LINEA_520C,SI,COLECTIVO,MUNICIPAL,BUENOS AIRES,LA PLATA,4539,NO,1,Enero,Sábado,Fin de semana,Verano
2025-01-18,EMPRESA NUEVE DE JULIO S.A.T.,BSAS_LINEA_561B,SI,COLECTIVO,MUNICIPAL,BUENOS AIRES,LA PLATA,436,NO,1,Enero,Sábado,Fin de semana,Verano
2025-01-18,EMPRESA NUEVE DE JULIO S.A.T.,LINEA OESTE,SI,COLECTIVO,MUNICIPAL,BUENOS AIRES,LA PLATA,25697,NO,1,Enero,Sábado,Fin de semana,Verano
2025-01-18,FUERTE BARRAGAN S.A.T.I.C.I.,LINEA_506F_BSAS,SI,COLECTIVO,MUNICIPAL,BUENOS AIRES,LA PLATA,4475,NO,1,Enero,Sábado,Fin de semana,Verano
2025-01-18,UNION PLATENSE SRL,NORTE MUNICIPAL,SI,COLECTIVO,MUNICIPAL,BUENOS AIRES,LA PLATA,3634,NO,1,Enero,Sábado,Fin de semana,Verano
2025-01-19,UNION PLATENSE SRL,BSAS_LINEA_502_SUR,SI,COLECTIVO,MUNICIPAL,BUENOS AIRES,LA PLATA,810,NO,1,Enero,Domingo,Fin de semana,Verano
2025-01-19,MICROEXPRES S.A.,BSAS_LINEA_503_ESTE,SI,COLECTIVO,MUNICIPAL,BUENOS AIRES,LA PLATA,1142,NO,1,Enero,Domingo,Fin de semana,Verano
2025-01-19,EXPRESO LA PLATA BUENOS AIRES S.A.,BSAS_LINEA_503E,SI,COLECTIVO,MUNICIPAL,BUENOS AIRES,LA PLATA,6301,NO,1,Enero,Domingo,Fin de semana,Verano
2025-01-19,EMPRESA NUEVE DE JULIO S.A.T.,BSAS_LINEA_508C,SI,COLECTIVO,MUNICIPAL,BUENOS AIRES,LA PLATA,159,NO,1,Enero,Domingo,Fin de semana,Verano
2025-01-19,EXPRESO LA PLATA BUENOS AIRES S.A.,BSAS_LINEA_518,SI,COLECTIVO,MUNICIPAL,BUENOS AIRES,LA PLATA,78,NO,1,Enero,Domingo,Fin de semana,Verano
2025-01-19,UNION PLATENSE SRL,BSAS_LINEA_520C,SI,COLECTIVO,MUNICIPAL,BUENOS AIRES,LA PLATA,1688,NO,1,Enero,Domingo,Fin de semana,Verano
2025-01-19,EMPRESA NUEVE DE JULIO S.A.T.,BSAS_LINEA_561B,SI,COLECTIVO,MUNICIPAL,BUENOS AIRES,LA PLATA,191,NO,1,Enero,Domingo,Fin de semana,Verano
2025-01-19,EMPRESA NUEVE DE JULIO S.A.T.,LINEA OESTE,SI,COLECTIVO,MUNICIPAL,BUENOS AIRES,LA PLATA,10330,NO,1,Enero,Domingo,Fin de semana,Verano
2025-01-19,FUERTE BARRAGAN S.A.T.I.C.I.,LINEA_506F_BSAS,SI,COLECTIVO,MUNICIPAL,BUENOS AIRES,LA PLATA,2051,NO,1,Enero,Domingo,Fin de semana,Verano
2025-01-19,UNION PLATENSE SRL,NORTE MUNICIPAL,SI,COLECTIVO,MUNICIPAL,BUENOS AIRES,LA PLATA,1328,NO,1,Enero,Domingo,Fin de semana,Verano
2025-01-20,UNION PLATENSE SRL,BSAS_LINEA_502_SUR,SI,COLECTIVO,MUNICIPAL,BUENOS AIRES,LA PLATA,7878,NO,1,Enero,Lunes,Día de semana,Verano
2025-01-20,MICROEXPRES S.A.,BSAS_LINEA_503_ESTE,SI,COLECTIVO,MUNICIPAL,BUENOS AIRES,LA PLATA,4781,NO,1,Enero,Lunes,Día de semana,Verano
2025-01-20,EXPRESO LA PLATA BUENOS AIRES S.A.,BSAS_LINEA_503E,SI,COLECTIVO,MUNICIPAL,BUENOS AIRES,LA PLATA,19950,NO,1,Enero,Lunes,Día de semana,Verano
2025-01-20,EMPRESA NUEVE DE JULIO S.A.T.,BSAS_LINEA_508C,SI,COLECTIVO,MUNICIPAL,BUENOS AIRES,LA PLATA,367,NO,1,Enero,Lunes,Día de semana,Verano
2025-01-20,EXPRESO LA PLATA BUENOS AIRES S.A.,BSAS_LINEA_518,SI,COLECTIVO,MUNICIPAL,BUENOS AIRES,LA PLATA,555,NO,1,Enero,Lunes,Día de semana,Verano
2025-01-20,UNION PLATENSE SRL,BSAS_LINEA_520C,SI,COLECTIVO,MUNICIPAL,BUENOS AIRES,LA PLATA,9118,NO,1,Enero,Lunes,Día de semana,Verano
2025-01-20,EMPRESA NUEVE DE JULIO S.A.T.,BSAS_LINEA_561B,SI,COLECTIVO,MUNICIPAL,BUENOS AIRES,LA PLATA,626,NO,1,Enero,Lunes,Día de semana,Verano
2025-01-20,EMPRESA NUEVE DE JULIO S.A.T.,LINEA OESTE,SI,COLECTIVO,MUNICIPAL,BUENOS AIRES,LA PLATA,40951,NO,1,Enero,Lunes,Día de semana,Verano
2025-01-20,FUERTE BARRAGAN S.A.T.I.C.I.,LINEA_506F_BSAS,SI,COLECTIVO,MUNICIPAL,BUENOS AIRES,LA PLATA,8020,NO,1,Enero,Lunes,Día de semana,Verano
2025-01-20,UNION PLATENSE SRL,NORTE MUNICIPAL,SI,COLECTIVO,MUNICIPAL,BUENOS AIRES,LA PLATA,8549,NO,1,Enero,Lunes,Día de semana,Verano
2025-01-21,UNION PLATENSE SRL,BSAS_LINEA_502_SUR,SI,COLECTIVO,MUNICIPAL,BUENOS AIRES,LA PLATA,7999,NO,1,Enero,Martes,Día de semana,Verano
2025-01-21,MICROEXPRES S.A.,BSAS_LINEA_503_ESTE,SI,COLECTIVO,MUNICIPAL,BUENOS AIRES,LA PLATA,4702,NO,1,Enero,Martes,Día de semana,Verano
2025-01-21,EXPRESO LA PLATA BUENOS AIRES S.A.,BSAS_LINEA_503E,SI,COLECTIVO,MUNICIPAL,BUENOS AIRES,LA PLATA,19931,NO,1,Enero,Martes,Día de semana,Verano
2025-01-21,EMPRESA NUEVE DE JULIO S.A.T.,BSAS_LINEA_508C,SI,COLECTIVO,MUNICIPAL,BUENOS AIRES,LA PLATA,522,NO,1,Enero,Martes,Día de semana,Verano
2025-01-21,EXPRESO LA PLATA BUENOS AIRES S.A.,BSAS_LINEA_518,SI,COLECTIVO,MUNICIPAL,BUENOS AIRES,LA PLATA,568,NO,1,Enero,Martes,Día de semana,Verano
2025-01-21,UNION PLATENSE SRL,BSAS_LINEA_520C,SI,COLECTIVO,MUNICIPAL,BUENOS AIRES,LA PLATA,9114,NO,1,Enero,Martes,Día de semana,Verano
2025-01-21,EMPRESA NUEVE DE JULIO S.A.T.,BSAS_LINEA_561B,SI,COLECTIVO,MUNICIPAL,BUENOS AIRES,LA PLATA,461,NO,1,Enero,Martes,Día de semana,Verano
2025-01-21,EMPRESA NUEVE DE JULIO S.A.T.,LINEA OESTE,SI,COLECTIVO,MUNICIPAL,BUENOS AIRES,LA PLATA,42021,NO,1,Enero,Martes,Día de semana,Verano
2025-01-21,FUERTE BARRAGAN S.A.T.I.C.I.,LINEA_506F_BSAS,SI,COLECTIVO,MUNICIPAL,BUENOS AIRES,LA PLATA,8289,NO,1,Enero,Martes,Día de semana,Verano
2025-01-21,UNION PLATENSE SRL,NORTE MUNICIPAL,SI,COLECTIVO,MUNICIPAL,BUENOS AIRES,LA PLATA,9103,NO,1,Enero,Martes,Día de semana,Verano
2025-01-22,UNION PLATENSE SRL,BSAS_LINEA_502_SUR,SI,COLECTIVO,MUNICIPAL,BUENOS AIRES,LA PLATA,7699,NO,1,Enero,Miércoles,Día de semana,Verano
2025-01-22,MICROEXPRES S.A.,BSAS_LINEA_503_ESTE,SI,COLECTIVO,MUNICIPAL,BUENOS AIRES,LA PLATA,4612,NO,1,Enero,Miércoles,Día de semana,Verano
2025-01-22,EXPRESO LA PLATA BUENOS AIRES S.A.,BSAS_LINEA_503E,SI,COLECTIVO,MUNICIPAL,BUENOS AIRES,LA PLATA,19418,NO,1,Enero,Miércoles,Día de semana,Verano
2025-01-22,EMPRESA NUEVE DE JULIO S.A.T.,BSAS_LINEA_508C,SI,COLECTIVO,MUNICIPAL,BUENOS AIRES,LA PLATA,453,NO,1,Enero,Miércoles,Día de semana,Verano
2025-01-22,EXPRESO LA PLATA BUENOS AIRES S.A.,BSAS_LINEA_518,SI,COLECTIVO,MUNICIPAL,BUENOS AIRES,LA PLATA,523,NO,1,Enero,Miércoles,Día de semana,Verano
2025-01-22,UNION PLATENSE SRL,BSAS_LINEA_520C,SI,COLECTIVO,MUNICIPAL,BUENOS AIRES,LA PLATA,8754,NO,1,Enero,Miércoles,Día de semana,Verano
2025-01-22,EMPRESA NUEVE DE JULIO S.A.T.,BSAS_LINEA_561B,SI,COLECTIVO,MUNICIPAL,BUENOS AIRES,LA PLATA,583,NO,1,Enero,Miércoles,Día de semana,Verano
2025-01-22,EMPRESA NUEVE DE JULIO S.A.T.,LINEA OESTE,SI,COLECTIVO,MUNICIPAL,BUENOS AIRES,LA PLATA,40689,NO,1,Enero,Miércoles,Día de semana,Verano
2025-01-22,FUERTE BARRAGAN S.A.T.I.C.I.,LINEA_506F_BSAS,SI,COLECTIVO,MUNICIPAL,BUENOS AIRES,LA PLATA,7927,NO,1,Enero,Miércoles,Día de semana,Verano
2025-01-22,UNION PLATENSE SRL,NORTE MUNICIPAL,SI,COLECTIVO,MUNICIPAL,BUENOS AIRES,LA PLATA,8257,NO,1,Enero,Miércoles,Día de semana,Verano
2025-01-23,UNION PLATENSE SRL,BSAS_LINEA_502_SUR,SI,COLECTIVO,MUNICIPAL,BUENOS AIRES,LA PLATA,7162,NO,1,Enero,Jueves,Día de semana,Verano
2025-01-23,MICROEXPRES S.A.,BSAS_LINEA_503_ESTE,SI,COLECTIVO,MUNICIPAL,BUENOS AIRES,LA PLATA,4397,NO,1,Enero,Jueves,Día de semana,Verano
2025-01-23,EXPRESO LA PLATA BUENOS AIRES S.A.,BSAS_LINEA_503E,SI,COLECTIVO,MUNICIPAL,BUENOS AIRES,LA PLATA,18761,NO,1,Enero,Jueves,Día de semana,Verano
2025-01-23,EMPRESA NUEVE DE JULIO S.A.T.,BSAS_LINEA_508C,SI,COLECTIVO,MUNICIPAL,BUENOS AIRES,LA PLATA,369,NO,1,Enero,Jueves,Día de semana,Verano
2025-01-23,EXPRESO LA PLATA BUENOS AIRES S.A.,BSAS_LINEA_518,SI,COLECTIVO,MUNICIPAL,BUENOS AIRES,LA PLATA,513,NO,1,Enero,Jueves,Día de semana,Verano
2025-01-23,UNION PLATENSE SRL,BSAS_LINEA_520C,SI,COLECTIVO,MUNICIPAL,BUENOS AIRES,LA PLATA,8028,NO,1,Enero,Jueves,Día de semana,Verano
2025-01-23,EMPRESA NUEVE DE JULIO S.A.T.,BSAS_LINEA_561B,SI,COLECTIVO,MUNICIPAL,BUENOS AIRES,LA PLATA,571,NO,1,Enero,Jueves,Día de semana,Verano
2025-01-23,EMPRESA NUEVE DE JULIO S.A.T.,LINEA OESTE,SI,COLECTIVO,MUNICIPAL,BUENOS AIRES,LA PLATA,38000,NO,1,Enero,Jueves,Día de semana,Verano
2025-01-23,FUERTE BARRAGAN S.A.T.I.C.I.,LINEA_506F_BSAS,SI,COLECTIVO,MUNICIPAL,BUENOS AIRES,LA PLATA,7441,NO,1,Enero,Jueves,Día de semana,Verano
2025-01-23,UNION PLATENSE SRL,NORTE MUNICIPAL,SI,COLECTIVO,MUNICIPAL,BUENOS AIRES,LA PLATA,7664,NO,1,Enero,Jueves,Día de semana,Verano
2025-01-24,UNION PLATENSE SRL,BSAS_LINEA_502_SUR,SI,COLECTIVO,MUNICIPAL,BUENOS AIRES,LA PLATA,7064,NO,1,Enero,Viernes,Día de semana,Verano
2025-01-24,MICROEXPRES S.A.,BSAS_LINEA_503_ESTE,SI,COLECTIVO,MUNICIPAL,BUENOS AIRES,LA PLATA,4428,NO,1,Enero,Viernes,Día de semana,Verano
2025-01-24,EXPRESO LA PLATA BUENOS AIRES S.A.,BSAS_LINEA_503E,SI,COLECTIVO,MUNICIPAL,BUENOS AIRES,LA PLATA,18644,NO,1,Enero,Viernes,Día de semana,Verano
2025-01-24,EMPRESA NUEVE DE JULIO S.A.T.,BSAS_LINEA_508C,SI,COLECTIVO,MUNICIPAL,BUENOS AIRES,LA PLATA,350,NO,1,Enero,Viernes,Día de semana,Verano
2025-01-24,EXPRESO LA PLATA BUENOS AIRES S.A.,BSAS_LINEA_518,SI,COLECTIVO,MUNICIPAL,BUENOS AIRES,LA PLATA,462,NO,1,Enero,Viernes,Día de semana,Verano
2025-01-24,UNION PLATENSE SRL,BSAS_LINEA_520C,SI,COLECTIVO,MUNICIPAL,BUENOS AIRES,LA PLATA,8278,NO,1,Enero,Viernes,Día de semana,Verano
2025-01-24,EMPRESA NUEVE DE JULIO S.A.T.,BSAS_LINEA_561B,SI,COLECTIVO,MUNICIPAL,BUENOS AIRES,LA PLATA,505,NO,1,Enero,Viernes,Día de semana,Verano
2025-01-24,EMPRESA NUEVE DE JULIO S.A.T.,LINEA OESTE,SI,COLECTIVO,MUNICIPAL,BUENOS AIRES,LA PLATA,39550,NO,1,Enero,Viernes,Día de semana,Verano
2025-01-24,FUERTE BARRAGAN S.A.T.I.C.I.,LINEA_506F_BSAS,SI,COLECTIVO,MUNICIPAL,BUENOS AIRES,LA PLATA,7412,NO,1,Enero,Viernes,Día de semana,Verano
2025-01-24,UNION PLATENSE SRL,NORTE MUNICIPAL,SI,COLECTIVO,MUNICIPAL,BUENOS AIRES,LA PLATA,7922,NO,1,Enero,Viernes,Día de semana,Verano
2025-01-25,UNION PLATENSE SRL,BSAS_LINEA_502_SUR,SI,COLECTIVO,MUNICIPAL,BUENOS AIRES,LA PLATA,4025,NO,1,Enero,Sábado,Fin de semana,Verano
2025-01-25,MICROEXPRES S.A.,BSAS_LINEA_503_ESTE,SI,COLECTIVO,MUNICIPAL,BUENOS AIRES,LA PLATA,3257,NO,1,Enero,Sábado,Fin de semana,Verano
2025-01-25,EXPRESO LA PLATA BUENOS AIRES S.A.,BSAS_LINEA_503E,SI,COLECTIVO,MUNICIPAL,BUENOS AIRES,LA PLATA,14140,NO,1,Enero,Sábado,Fin de semana,Verano
2025-01-25,EMPRESA NUEVE DE JULIO S.A.T.,BSAS_LINEA_508C,SI,COLECTIVO,MUNICIPAL,BUENOS AIRES,LA PLATA,311,NO,1,Enero,Sábado,Fin de semana,Verano
2025-01-25,EXPRESO LA PLATA BUENOS AIRES S.A.,BSAS_LINEA_518,SI,COLECTIVO,MUNICIPAL,BUENOS AIRES,LA PLATA,344,NO,1,Enero,Sábado,Fin de semana,Verano
2025-01-25,UNION PLATENSE SRL,BSAS_LINEA_520C,SI,COLECTIVO,MUNICIPAL,BUENOS AIRES,LA PLATA,4893,NO,1,Enero,Sábado,Fin de semana,Verano
2025-01-25,EMPRESA NUEVE DE JULIO S.A.T.,BSAS_LINEA_561B,SI,COLECTIVO,MUNICIPAL,BUENOS AIRES,LA PLATA,421,NO,1,Enero,Sábado,Fin de semana,Verano
2025-01-25,EMPRESA NUEVE DE JULIO S.A.T.,LINEA OESTE,SI,COLECTIVO,MUNICIPAL,BUENOS AIRES,LA PLATA,26534,NO,1,Enero,Sábado,Fin de semana,Verano
2025-01-25,FUERTE BARRAGAN S.A.T.I.C.I.,LINEA_506F_BSAS,SI,COLECTIVO,MUNICIPAL,BUENOS AIRES,LA PLATA,4760,NO,1,Enero,Sábado,Fin de semana,Verano
2025-01-25,UNION PLATENSE SRL,NORTE MUNICIPAL,SI,COLECTIVO,MUNICIPAL,BUENOS AIRES,LA PLATA,4058,NO,1,Enero,Sábado,Fin de semana,Verano
2025-01-26,UNION PLATENSE SRL,BSAS_LINEA_502_SUR,SI,COLECTIVO,MUNICIPAL,BUENOS AIRES,LA PLATA,1232,NO,1,Enero,Domingo,Fin de semana,Verano
2025-01-26,MICROEXPRES S.A.,BSAS_LINEA_503_ESTE,SI,COLECTIVO,MUNICIPAL,BUENOS AIRES,LA PLATA,1911,NO,1,Enero,Domingo,Fin de semana,Verano
2025-01-26,EXPRESO LA PLATA BUENOS AIRES S.A.,BSAS_LINEA_503E,SI,COLECTIVO,MUNICIPAL,BUENOS AIRES,LA PLATA,9012,NO,1,Enero,Domingo,Fin de semana,Verano
2025-01-26,EMPRESA NUEVE DE JULIO S.A.T.,BSAS_LINEA_508C,SI,COLECTIVO,MUNICIPAL,BUENOS AIRES,LA PLATA,304,NO,1,Enero,Domingo,Fin de semana,Verano
2025-01-26,EXPRESO LA PLATA BUENOS AIRES S.A.,BSAS_LINEA_518,SI,COLECTIVO,MUNICIPAL,BUENOS AIRES,LA PLATA,89,NO,1,Enero,Domingo,Fin de semana,Verano
2025-01-26,UNION PLATENSE SRL,BSAS_LINEA_520C,SI,COLECTIVO,MUNICIPAL,BUENOS AIRES,LA PLATA,2403,NO,1,Enero,Domingo,Fin de semana,Verano
2025-01-26,EMPRESA NUEVE DE JULIO S.A.T.,BSAS_LINEA_561B,SI,COLECTIVO,MUNICIPAL,BUENOS AIRES,LA PLATA,265,NO,1,Enero,Domingo,Fin de semana,Verano
2025-01-26,EMPRESA NUEVE DE JULIO S.A.T.,LINEA OESTE,SI,COLECTIVO,MUNICIPAL,BUENOS AIRES,LA PLATA,16070,NO,1,Enero,Domingo,Fin de semana,Verano
2025-01-26,FUERTE BARRAGAN S.A.T.I.C.I.,LINEA_506F_BSAS,SI,COLECTIVO,MUNICIPAL,BUENOS AIRES,LA PLATA,3411,NO,1,Enero,Domingo,Fin de semana,Verano
2025-01-26,UNION PLATENSE SRL,NORTE MUNICIPAL,SI,COLECTIVO,MUNICIPAL,BUENOS AIRES,LA PLATA,2118,NO,1,Enero,Domingo,Fin de semana,Verano
2025-01-27,UNION PLATENSE SRL,BSAS_LINEA_502_SUR,SI,COLECTIVO,MUNICIPAL,BUENOS AIRES,LA PLATA,7381,NO,1,Enero,Lunes,Día de semana,Verano
2025-01-27,MICROEXPRES S.A.,BSAS_LINEA_503_ESTE,SI,COLECTIVO,MUNICIPAL,BUENOS AIRES,LA PLATA,4673,NO,1,Enero,Lunes,Día de semana,Verano
2025-01-27,EXPRESO LA PLATA BUENOS AIRES S.A.,BSAS_LINEA_503E,SI,COLECTIVO,MUNICIPAL,BUENOS AIRES,LA PLATA,18786,NO,1,Enero,Lunes,Día de semana,Verano
2025-01-27,EMPRESA NUEVE DE JULIO S.A.T.,BSAS_LINEA_508C,SI,COLECTIVO,MUNICIPAL,BUENOS AIRES,LA PLATA,357,NO,1,Enero,Lunes,Día de semana,Verano
2025-01-27,EXPRESO LA PLATA BUENOS AIRES S.A.,BSAS_LINEA_518,SI,COLECTIVO,MUNICIPAL,BUENOS AIRES,LA PLATA,516,NO,1,Enero,Lunes,Día de semana,Verano
2025-01-27,UNION PLATENSE SRL,BSAS_LINEA_520C,SI,COLECTIVO,MUNICIPAL,BUENOS AIRES,LA PLATA,8523,NO,1,Enero,Lunes,Día de semana,Verano
2025-01-27,EMPRESA NUEVE DE JULIO S.A.T.,BSAS_LINEA_561B,SI,COLECTIVO,MUNICIPAL,BUENOS AIRES,LA PLATA,567,NO,1,Enero,Lunes,Día de semana,Verano
2025-01-27,EMPRESA NUEVE DE JULIO S.A.T.,LINEA OESTE,SI,COLECTIVO,MUNICIPAL,BUENOS AIRES,LA PLATA,38750,NO,1,Enero,Lunes,Día de semana,Verano
2025-01-27,FUERTE BARRAGAN S.A.T.I.C.I.,LINEA_506F_BSAS,SI,COLECTIVO,MUNICIPAL,BUENOS AIRES,LA PLATA,7474,NO,1,Enero,Lunes,Día de semana,Verano
2025-01-27,UNION PLATENSE SRL,NORTE MUNICIPAL,SI,COLECTIVO,MUNICIPAL,BUENOS AIRES,LA PLATA,7955,NO,1,Enero,Lunes,Día de semana,Verano
2025-01-28,UNION PLATENSE SRL,BSAS_LINEA_502_SUR,SI,COLECTIVO,MUNICIPAL,BUENOS AIRES,LA PLATA,7222,NO,1,Enero,Martes,Día de semana,Verano
2025-01-28,MICROEXPRES S.A.,BSAS_LINEA_503_ESTE,SI,COLECTIVO,MUNICIPAL,BUENOS AIRES,LA PLATA,4731,NO,1,Enero,Martes,Día de semana,Verano
2025-01-28,EXPRESO LA PLATA BUENOS AIRES S.A.,BSAS_LINEA_503E,SI,COLECTIVO,MUNICIPAL,BUENOS AIRES,LA PLATA,19127,NO,1,Enero,Martes,Día de semana,Verano
2025-01-28,EMPRESA NUEVE DE JULIO S.A.T.,BSAS_LINEA_508C,SI,COLECTIVO,MUNICIPAL,BUENOS AIRES,LA PLATA,364,NO,1,Enero,Martes,Día de semana,Verano
2025-01-28,EXPRESO LA PLATA BUENOS AIRES S.A.,BSAS_LINEA_518,SI,COLECTIVO,MUNICIPAL,BUENOS AIRES,LA PLATA,568,NO,1,Enero,Martes,Día de semana,Verano
2025-01-28,UNION PLATENSE SRL,BSAS_LINEA_520C,SI,COLECTIVO,MUNICIPAL,BUENOS AIRES,LA PLATA,8540,NO,1,Enero,Martes,Día de semana,Verano
2025-01-28,EMPRESA NUEVE DE JULIO S.A.T.,BSAS_LINEA_561B,SI,COLECTIVO,MUNICIPAL,BUENOS AIRES,LA PLATA,498,NO,1,Enero,Martes,Día de semana,Verano
2025-01-28,EMPRESA NUEVE DE JULIO S.A.T.,LINEA OESTE,SI,COLECTIVO,MUNICIPAL,BUENOS AIRES,LA PLATA,39290,NO,1,Enero,Martes,Día de semana,Verano
2025-01-28,FUERTE BARRAGAN S.A.T.I.C.I.,LINEA_506F_BSAS,SI,COLECTIVO,MUNICIPAL,BUENOS AIRES,LA PLATA,7800,NO,1,Enero,Martes,Día de semana,Verano
2025-01-28,UNION PLATENSE SRL,NORTE MUNICIPAL,SI,COLECTIVO,MUNICIPAL,BUENOS AIRES,LA PLATA,8264,NO,1,Enero,Martes,Día de semana,Verano
2025-01-29,UNION PLATENSE SRL,BSAS_LINEA_502_SUR,SI,COLECTIVO,MUNICIPAL,BUENOS AIRES,LA PLATA,7781,NO,1,Enero,Miércoles,Día de semana,Verano
2025-01-29,MICROEXPRES S.A.,BSAS_LINEA_503_ESTE,SI,COLECTIVO,MUNICIPAL,BUENOS AIRES,LA PLATA,4801,NO,1,Enero,Miércoles,Día de semana,Verano
2025-01-29,EXPRESO LA PLATA BUENOS AIRES S.A.,BSAS_LINEA_503E,SI,COLECTIVO,MUNICIPAL,BUENOS AIRES,LA PLATA,19593,NO,1,Enero,Miércoles,Día de semana,Verano
2025-01-29,EMPRESA NUEVE DE JULIO S.A.T.,BSAS_LINEA_508C,SI,COLECTIVO,MUNICIPAL,BUENOS AIRES,LA PLATA,415,NO,1,Enero,Miércoles,Día de semana,Verano
2025-01-29,EXPRESO LA PLATA BUENOS AIRES S.A.,BSAS_LINEA_518,SI,COLECTIVO,MUNICIPAL,BUENOS AIRES,LA PLATA,563,NO,1,Enero,Miércoles,Día de semana,Verano
2025-01-29,UNION PLATENSE SRL,BSAS_LINEA_520C,SI,COLECTIVO,MUNICIPAL,BUENOS AIRES,LA PLATA,8849,NO,1,Enero,Miércoles,Día de semana,Verano
2025-01-29,EMPRESA NUEVE DE JULIO S.A.T.,BSAS_LINEA_561B,SI,COLECTIVO,MUNICIPAL,BUENOS AIRES,LA PLATA,573,NO,1,Enero,Miércoles,Día de semana,Verano
2025-01-29,EMPRESA NUEVE DE JULIO S.A.T.,LINEA OESTE,SI,COLECTIVO,MUNICIPAL,BUENOS AIRES,LA PLATA,42695,NO,1,Enero,Miércoles,Día de semana,Verano
2025-01-29,FUERTE BARRAGAN S.A.T.I.C.I.,LINEA_506F_BSAS,SI,COLECTIVO,MUNICIPAL,BUENOS AIRES,LA PLATA,8168,NO,1,Enero,Miércoles,Día de semana,Verano
2025-01-29,UNION PLATENSE SRL,NORTE MUNICIPAL,SI,COLECTIVO,MUNICIPAL,BUENOS AIRES,LA PLATA,8312,NO,1,Enero,Miércoles,Día de semana,Verano
2025-01-30,UNION PLATENSE SRL,BSAS_LINEA_502_SUR,SI,COLECTIVO,MUNICIPAL,BUENOS AIRES,LA PLATA,8607,NO,1,Enero,Jueves,Día de semana,Verano
2025-01-30,MICROEXPRES S.A.,BSAS_LINEA_503_ESTE,SI,COLECTIVO,MUNICIPAL,BUENOS AIRES,LA PLATA,5548,NO,1,Enero,Jueves,Día de semana,Verano
2025-01-30,EXPRESO LA PLATA BUENOS AIRES S.A.,BSAS_LINEA_503E,SI,COLECTIVO,MUNICIPAL,BUENOS AIRES,LA PLATA,21491,NO,1,Enero,Jueves,Día de semana,Verano
2025-01-30,EMPRESA NUEVE DE JULIO S.A.T.,BSAS_LINEA_508C,SI,COLECTIVO,MUNICIPAL,BUENOS AIRES,LA PLATA,423,NO,1,Enero,Jueves,Día de semana,Verano
2025-01-30,EXPRESO LA PLATA BUENOS AIRES S.A.,BSAS_LINEA_518,SI,COLECTIVO,MUNICIPAL,BUENOS AIRES,LA PLATA,513,NO,1,Enero,Jueves,Día de semana,Verano
2025-01-30,UNION PLATENSE SRL,BSAS_LINEA_520C,SI,COLECTIVO,MUNICIPAL,BUENOS AIRES,LA PLATA,8566,NO,1,Enero,Jueves,Día de semana,Verano
2025-01-30,EMPRESA NUEVE DE JULIO S.A.T.,BSAS_LINEA_561B,SI,COLECTIVO,MUNICIPAL,BUENOS AIRES,LA PLATA,524,NO,1,Enero,Jueves,Día de semana,Verano
2025-01-30,EMPRESA NUEVE DE JULIO S.A.T.,LINEA OESTE,SI,COLECTIVO,MUNICIPAL,BUENOS AIRES,LA PLATA,38896,NO,1,Enero,Jueves,Día de semana,Verano
2025-01-30,FUERTE BARRAGAN S.A.T.I.C.I.,LINEA_506F_BSAS,SI,COLECTIVO,MUNICIPAL,BUENOS AIRES,LA PLATA,7977,NO,1,Enero,Jueves,Día de semana,Verano
2025-01-30,UNION PLATENSE SRL,NORTE MUNICIPAL,SI,COLECTIVO,MUNICIPAL,BUENOS AIRES,LA PLATA,8159,NO,1,Enero,Jueves,Día de semana,Verano
2025-01-31,UNION PLATENSE SRL,BSAS_LINEA_502_SUR,SI,COLECTIVO,MUNICIPAL,BUENOS AIRES,LA PLATA,6993,NO,1,Enero,Viernes,Día de semana,Verano
2025-01-31,MICROEXPRES S.A.,BSAS_LINEA_503_ESTE,SI,COLECTIVO,MUNICIPAL,BUENOS AIRES,LA PLATA,4581,NO,1,Enero,Viernes,Día de semana,Verano
2025-01-31,EXPRESO LA PLATA BUENOS AIRES S.A.,BSAS_LINEA_503E,SI,COLECTIVO,MUNICIPAL,BUENOS AIRES,LA PLATA,19447,NO,1,Enero,Viernes,Día de semana,Verano
2025-01-31,EMPRESA NUEVE DE JULIO S.A.T.,BSAS_LINEA_508C,SI,COLECTIVO,MUNICIPAL,BUENOS AIRES,LA PLATA,444,NO,1,Enero,Viernes,Día de semana,Verano
2025-01-31,EXPRESO LA PLATA BUENOS AIRES S.A.,BSAS_LINEA_518,SI,COLECTIVO,MUNICIPAL,BUENOS AIRES,LA PLATA,629,NO,1,Enero,Viernes,Día de semana,Verano
2025-01-31,UNION PLATENSE SRL,BSAS_LINEA_520C,SI,COLECTIVO,MUNICIPAL,BUENOS AIRES,LA PLATA,8811,NO,1,Enero,Viernes,Día de semana,Verano
2025-01-31,EMPRESA NUEVE DE JULIO S.A.T.,BSAS_LINEA_561B,SI,COLECTIVO,MUNICIPAL,BUENOS AIRES,LA PLATA,562,NO,1,Enero,Viernes,Día de semana,Verano
2025-01-31,EMPRESA NUEVE DE JULIO S.A.T.,LINEA OESTE,SI,COLECTIVO,MUNICIPAL,BUENOS AIRES,LA PLATA,41264,NO,1,Enero,Viernes,Día de semana,Verano
2025-01-31,FUERTE BARRAGAN S.A.T.I.C.I.,LINEA_506F_BSAS,SI,COLECTIVO,MUNICIPAL,BUENOS AIRES,LA PLATA,8282,NO,1,Enero,Viernes,Día de semana,Verano
2025-01-31,UNION PLATENSE SRL,NORTE MUNICIPAL,SI,COLECTIVO,MUNICIPAL,BUENOS AIRES,LA PLATA,8291,NO,1,Enero,Viernes,Día de semana,Verano
2025-02-01,UNION PLATENSE SRL,BSAS_LINEA_502_SUR,SI,COLECTIVO,MUNICIPAL,BUENOS AIRES,LA PLATA,3622,NO,2,Febrero,Sábado,Fin de semana,Verano
2025-02-01,MICROEXPRES S.A.,BSAS_LINEA_503_ESTE,SI,COLECTIVO,MUNICIPAL,BUENOS AIRES,LA PLATA,3255,NO,2,Febrero,Sábado,Fin de semana,Verano
2025-02-01,EXPRESO LA PLATA BUENOS AIRES S.A.,BSAS_LINEA_503E,SI,COLECTIVO,MUNICIPAL,BUENOS AIRES,LA PLATA,13856,NO,2,Febrero,Sábado,Fin de semana,Verano
2025-02-01,EMPRESA NUEVE DE JULIO S.A.T.,BSAS_LINEA_508C,SI,COLECTIVO,MUNICIPAL,BUENOS AIRES,LA PLATA,337,NO,2,Febrero,Sábado,Fin de semana,Verano
2025-02-01,EXPRESO LA PLATA BUENOS AIRES S.A.,BSAS_LINEA_518,SI,COLECTIVO,MUNICIPAL,BUENOS AIRES,LA PLATA,276,NO,2,Febrero,Sábado,Fin de semana,Verano
2025-02-01,UNION PLATENSE SRL,BSAS_LINEA_520C,SI,COLECTIVO,MUNICIPAL,BUENOS AIRES,LA PLATA,4710,NO,2,Febrero,Sábado,Fin de semana,Verano
2025-02-01,EMPRESA NUEVE DE JULIO S.A.T.,BSAS_LINEA_561B,SI,COLECTIVO,MUNICIPAL,BUENOS AIRES,LA PLATA,382,NO,2,Febrero,Sábado,Fin de semana,Verano
2025-02-01,EMPRESA NUEVE DE JULIO S.A.T.,LINEA OESTE,SI,COLECTIVO,MUNICIPAL,BUENOS AIRES,LA PLATA,25338,NO,2,Febrero,Sábado,Fin de semana,Verano
2025-02-01,FUERTE BARRAGAN S.A.T.I.C.I.,LINEA_506F_BSAS,SI,COLECTIVO,MUNICIPAL,BUENOS AIRES,LA PLATA,4945,NO,2,Febrero,Sábado,Fin de semana,Verano
2025-02-01,UNION PLATENSE SRL,NORTE MUNICIPAL,SI,COLECTIVO,MUNICIPAL,BUENOS AIRES,LA PLATA,3995,NO,2,Febrero,Sábado,Fin de semana,Verano
2025-02-02,UNION PLATENSE SRL,BSAS_LINEA_502_SUR,SI,COLECTIVO,MUNICIPAL,BUENOS AIRES,LA PLATA,1019,NO,2,Febrero,Domingo,Fin de semana,Verano
2025-02-02,MICROEXPRES S.A.,BSAS_LINEA_503_ESTE,SI,COLECTIVO,MUNICIPAL,BUENOS AIRES,LA PLATA,1837,NO,2,Febrero,Domingo,Fin de semana,Verano
2025-02-02,EXPRESO LA PLATA BUENOS AIRES S.A.,BSAS_LINEA_503E,SI,COLECTIVO,MUNICIPAL,BUENOS AIRES,LA PLATA,8301,NO,2,Febrero,Domingo,Fin de semana,Verano
2025-02-02,EMPRESA NUEVE DE JULIO S.A.T.,BSAS_LINEA_508C,SI,COLECTIVO,MUNICIPAL,BUENOS AIRES,LA PLATA,164,NO,2,Febrero,Domingo,Fin de semana,Verano
2025-02-02,EXPRESO LA PLATA BUENOS AIRES S.A.,BSAS_LINEA_518,SI,COLECTIVO,MUNICIPAL,BUENOS AIRES,LA PLATA,90,NO,2,Febrero,Domingo,Fin de semana,Verano
2025-02-02,UNION PLATENSE SRL,BSAS_LINEA_520C,SI,COLECTIVO,MUNICIPAL,BUENOS AIRES,LA PLATA,2192,NO,2,Febrero,Domingo,Fin de semana,Verano
2025-02-02,EMPRESA NUEVE DE JULIO S.A.T.,BSAS_LINEA_561B,SI,COLECTIVO,MUNICIPAL,BUENOS AIRES,LA PLATA,261,NO,2,Febrero,Domingo,Fin de semana,Verano
2025-02-02,EMPRESA NUEVE DE JULIO S.A.T.,LINEA OESTE,SI,COLECTIVO,MUNICIPAL,BUENOS AIRES,LA PLATA,14872,NO,2,Febrero,Domingo,Fin de semana,Verano
2025-02-02,FUERTE BARRAGAN S.A.T.I.C.I.,LINEA_506F_BSAS,SI,COLECTIVO,MUNICIPAL,BUENOS AIRES,LA PLATA,3386,NO,2,Febrero,Domingo,Fin de semana,Verano
2025-02-02,UNION PLATENSE SRL,NORTE MUNICIPAL,SI,COLECTIVO,MUNICIPAL,BUENOS AIRES,LA PLATA,1832,NO,2,Febrero,Domingo,Fin de semana,Verano
2025-02-03,UNION PLATENSE SRL,BSAS_LINEA_502_SUR,SI,COLECTIVO,MUNICIPAL,BUENOS AIRES,LA PLATA,7880,NO,2,Febrero,Lunes,Día de semana,Verano
2025-02-03,MICROEXPRES S.A.,BSAS_LINEA_503_ESTE,SI,COLECTIVO,MUNICIPAL,BUENOS AIRES,LA PLATA,4600,NO,2,Febrero,Lunes,Día de semana,Verano
2025-02-03,EXPRESO LA PLATA BUENOS AIRES S.A.,BSAS_LINEA_503E,SI,COLECTIVO,MUNICIPAL,BUENOS AIRES,LA PLATA,19857,NO,2,Febrero,Lunes,Día de semana,Verano
2025-02-03,EMPRESA NUEVE DE JULIO S.A.T.,BSAS_LINEA_508C,SI,COLECTIVO,MUNICIPAL,BUENOS AIRES,LA PLATA,493,NO,2,Febrero,Lunes,Día de semana,Verano
2025-02-03,EXPRESO LA PLATA BUENOS AIRES S.A.,BSAS_LINEA_518,SI,COLECTIVO,MUNICIPAL,BUENOS AIRES,LA PLATA,511,NO,2,Febrero,Lunes,Día de semana,Verano
2025-02-03,UNION PLATENSE SRL,BSAS_LINEA_520C,SI,COLECTIVO,MUNICIPAL,BUENOS AIRES,LA PLATA,9294,NO,2,Febrero,Lunes,Día de semana,Verano
2025-02-03,EMPRESA NUEVE DE JULIO S.A.T.,BSAS_LINEA_561B,SI,COLECTIVO,MUNICIPAL,BUENOS AIRES,LA PLATA,590,NO,2,Febrero,Lunes,Día de semana,Verano
2025-02-03,EMPRESA NUEVE DE JULIO S.A.T.,LINEA OESTE,SI,COLECTIVO,MUNICIPAL,BUENOS AIRES,LA PLATA,40493,NO,2,Febrero,Lunes,Día de semana,Verano
2025-02-03,FUERTE BARRAGAN S.A.T.I.C.I.,LINEA_506F_BSAS,SI,COLECTIVO,MUNICIPAL,BUENOS AIRES,LA PLATA,7819,NO,2,Febrero,Lunes,Día de semana,Verano
2025-02-03,UNION PLATENSE SRL,NORTE MUNICIPAL,SI,COLECTIVO,MUNICIPAL,BUENOS AIRES,LA PLATA,8487,NO,2,Febrero,Lunes,Día de semana,Verano
2025-02-04,UNION PLATENSE SRL,BSAS_LINEA_502_SUR,SI,COLECTIVO,MUNICIPAL,BUENOS AIRES,LA PLATA,8008,NO,2,Febrero,Martes,Día de semana,Verano
2025-02-04,MICROEXPRES S.A.,BSAS_LINEA_503_ESTE,SI,COLECTIVO,MUNICIPAL,BUENOS AIRES,LA PLATA,4681,NO,2,Febrero,Martes,Día de semana,Verano
2025-02-04,EXPRESO LA PLATA BUENOS AIRES S.A.,BSAS_LINEA_503E,SI,COLECTIVO,MUNICIPAL,BUENOS AIRES,LA PLATA,19899,NO,2,Febrero,Martes,Día de semana,Verano
2025-02-04,EMPRESA NUEVE DE JULIO S.A.T.,BSAS_LINEA_508C,SI,COLECTIVO,MUNICIPAL,BUENOS AIRES,LA PLATA,440,NO,2,Febrero,Martes,Día de semana,Verano
2025-02-04,EXPRESO LA PLATA BUENOS AIRES S.A.,BSAS_LINEA_518,SI,COLECTIVO,MUNICIPAL,BUENOS AIRES,LA PLATA,559,NO,2,Febrero,Martes,Día de semana,Verano
2025-02-04,UNION PLATENSE SRL,BSAS_LINEA_520C,SI,COLECTIVO,MUNICIPAL,BUENOS AIRES,LA PLATA,9572,NO,2,Febrero,Martes,Día de semana,Verano
2025-02-04,EMPRESA NUEVE DE JULIO S.A.T.,BSAS_LINEA_561B,SI,COLECTIVO,MUNICIPAL,BUENOS AIRES,LA PLATA,548,NO,2,Febrero,Martes,Día de semana,Verano
2025-02-04,EMPRESA NUEVE DE JULIO S.A.T.,LINEA OESTE,SI,COLECTIVO,MUNICIPAL,BUENOS AIRES,LA PLATA,41729,NO,2,Febrero,Martes,Día de semana,Verano
2025-02-04,FUERTE BARRAGAN S.A.T.I.C.I.,LINEA_506F_BSAS,SI,COLECTIVO,MUNICIPAL,BUENOS AIRES,LA PLATA,7621,NO,2,Febrero,Martes,Día de semana,Verano
2025-02-04,UNION PLATENSE SRL,NORTE MUNICIPAL,SI,COLECTIVO,MUNICIPAL,BUENOS AIRES,LA PLATA,9047,NO,2,Febrero,Martes,Día de semana,Verano
2025-02-05,UNION PLATENSE SRL,BSAS_LINEA_502_SUR,SI,COLECTIVO,MUNICIPAL,BUENOS AIRES,LA PLATA,6021,NO,2,Febrero,Miércoles,Día de semana,Verano
2025-02-05,MICROEXPRES S.A.,BSAS_LINEA_503_ESTE,SI,COLECTIVO,MUNICIPAL,BUENOS AIRES,LA PLATA,3375,NO,2,Febrero,Miércoles,Día de semana,Verano
2025-02-05,EXPRESO LA PLATA BUENOS AIRES S.A.,BSAS_LINEA_503E,SI,COLECTIVO,MUNICIPAL,BUENOS AIRES,LA PLATA,14068,NO,2,Febrero,Miércoles,Día de semana,Verano
2025-02-05,EMPRESA NUEVE DE JULIO S.A.T.,BSAS_LINEA_508C,SI,COLECTIVO,MUNICIPAL,BUENOS AIRES,LA PLATA,230,NO,2,Febrero,Miércoles,Día de semana,Verano
2025-02-05,EXPRESO LA PLATA BUENOS AIRES S.A.,BSAS_LINEA_518,SI,COLECTIVO,MUNICIPAL,BUENOS AIRES,LA PLATA,393,NO,2,Febrero,Miércoles,Día de semana,Verano
2025-02-05,UNION PLATENSE SRL,BSAS_LINEA_520C,SI,COLECTIVO,MUNICIPAL,BUENOS AIRES,LA PLATA,6784,NO,2,Febrero,Miércoles,Día de semana,Verano
2025-02-05,EMPRESA NUEVE DE JULIO S.A.T.,BSAS_LINEA_561B,SI,COLECTIVO,MUNICIPAL,BUENOS AIRES,LA PLATA,355,NO,2,Febrero,Miércoles,Día de semana,Verano
2025-02-05,EMPRESA NUEVE DE JULIO S.A.T.,LINEA OESTE,SI,COLECTIVO,MUNICIPAL,BUENOS AIRES,LA PLATA,28089,NO,2,Febrero,Miércoles,Día de semana,Verano
2025-02-05,FUERTE BARRAGAN S.A.T.I.C.I.,LINEA_506F_BSAS,SI,COLECTIVO,MUNICIPAL,BUENOS AIRES,LA PLATA,5488,NO,2,Febrero,Miércoles,Día de semana,Verano
2025-02-05,UNION PLATENSE SRL,NORTE MUNICIPAL,SI,COLECTIVO,MUNICIPAL,BUENOS AIRES,LA PLATA,6400,NO,2,Febrero,Miércoles,Día de semana,Verano
2025-02-06,UNION PLATENSE SRL,BSAS_LINEA_502_SUR,SI,COLECTIVO,MUNICIPAL,BUENOS AIRES,LA PLATA,9751,NO,2,Febrero,Jueves,Día de semana,Verano
2025-02-06,MICROEXPRES S.A.,BSAS_LINEA_503_ESTE,SI,COLECTIVO,MUNICIPAL,BUENOS AIRES,LA PLATA,5703,NO,2,Febrero,Jueves,Día de semana,Verano
2025-02-06,EXPRESO LA PLATA BUENOS AIRES S.A.,BSAS_LINEA_503E,SI,COLECTIVO,MUNICIPAL,BUENOS AIRES,LA PLATA,23126,NO,2,Febrero,Jueves,Día de semana,Verano
2025-02-06,EMPRESA NUEVE DE JULIO S.A.T.,BSAS_LINEA_508C,SI,COLECTIVO,MUNICIPAL,BUENOS AIRES,LA PLATA,618,NO,2,Febrero,Jueves,Día de semana,Verano
2025-02-06,EXPRESO LA PLATA BUENOS AIRES S.A.,BSAS_LINEA_518,SI,COLECTIVO,MUNICIPAL,BUENOS AIRES,LA PLATA,720,NO,2,Febrero,Jueves,Día de semana,Verano
2025-02-06,UNION PLATENSE SRL,BSAS_LINEA_520C,SI,COLECTIVO,MUNICIPAL,BUENOS AIRES,LA PLATA,11016,NO,2,Febrero,Jueves,Día de semana,Verano
2025-02-06,EMPRESA NUEVE DE JULIO S.A.T.,BSAS_LINEA_561B,SI,COLECTIVO,MUNICIPAL,BUENOS AIRES,LA PLATA,685,NO,2,Febrero,Jueves,Día de semana,Verano
2025-02-06,EMPRESA NUEVE DE JULIO S.A.T.,LINEA OESTE,SI,COLECTIVO,MUNICIPAL,BUENOS AIRES,LA PLATA,48818,NO,2,Febrero,Jueves,Día de semana,Verano
2025-02-06,FUERTE BARRAGAN S.A.T.I.C.I.,LINEA_506F_BSAS,SI,COLECTIVO,MUNICIPAL,BUENOS AIRES,LA PLATA,10110,NO,2,Febrero,Jueves,Día de semana,Verano
2025-02-06,UNION PLATENSE SRL,NORTE MUNICIPAL,SI,COLECTIVO,MUNICIPAL,BUENOS AIRES,LA PLATA,10828,NO,2,Febrero,Jueves,Día de semana,Verano
2025-02-07,UNION PLATENSE SRL,BSAS_LINEA_502_SUR,SI,COLECTIVO,MUNICIPAL,BUENOS AIRES,LA PLATA,9589,NO,2,Febrero,Viernes,Día de semana,Verano
2025-02-07,MICROEXPRES S.A.,BSAS_LINEA_503_ESTE,SI,COLECTIVO,MUNICIPAL,BUENOS AIRES,LA PLATA,5492,NO,2,Febrero,Viernes,Día de semana,Verano
2025-02-07,EXPRESO LA PLATA BUENOS AIRES S.A.,BSAS_LINEA_503E,SI,COLECTIVO,MUNICIPAL,BUENOS AIRES,LA PLATA,23294,NO,2,Febrero,Viernes,Día de semana,Verano
2025-02-07,EMPRESA NUEVE DE JULIO S.A.T.,BSAS_LINEA_508C,SI,COLECTIVO,MUNICIPAL,BUENOS AIRES,LA PLATA,563,NO,2,Febrero,Viernes,Día de semana,Verano
2025-02-07,EXPRESO LA PLATA BUENOS AIRES S.A.,BSAS_LINEA_518,SI,COLECTIVO,MUNICIPAL,BUENOS AIRES,LA PLATA,720,NO,2,Febrero,Viernes,Día de semana,Verano
2025-02-07,UNION PLATENSE SRL,BSAS_LINEA_520C,SI,COLECTIVO,MUNICIPAL,BUENOS AIRES,LA PLATA,10620,NO,2,Febrero,Viernes,Día de semana,Verano
2025-02-07,EMPRESA NUEVE DE JULIO S.A.T.,BSAS_LINEA_561B,SI,COLECTIVO,MUNICIPAL,BUENOS AIRES,LA PLATA,695,NO,2,Febrero,Viernes,Día de semana,Verano
2025-02-07,EMPRESA NUEVE DE JULIO S.A.T.,LINEA OESTE,SI,COLECTIVO,MUNICIPAL,BUENOS AIRES,LA PLATA,48817,NO,2,Febrero,Viernes,Día de semana,Verano
2025-02-07,FUERTE BARRAGAN S.A.T.I.C.I.,LINEA_506F_BSAS,SI,COLECTIVO,MUNICIPAL,BUENOS AIRES,LA PLATA,8290,NO,2,Febrero,Viernes,Día de semana,Verano
2025-02-07,UNION PLATENSE SRL,NORTE MUNICIPAL,SI,COLECTIVO,MUNICIPAL,BUENOS AIRES,LA PLATA,10232,NO,2,Febrero,Viernes,Día de semana,Verano
2025-02-08,UNION PLATENSE SRL,BSAS_LINEA_502_SUR,SI,COLECTIVO,MUNICIPAL,BUENOS AIRES,LA PLATA,4267,NO,2,Febrero,Sábado,Fin de semana,Verano
2025-02-08,MICROEXPRES S.A.,BSAS_LINEA_503_ESTE,SI,COLECTIVO,MUNICIPAL,BUENOS AIRES,LA PLATA,3552,NO,2,Febrero,Sábado,Fin de semana,Verano
2025-02-08,EXPRESO LA PLATA BUENOS AIRES S.A.,BSAS_LINEA_503E,SI,COLECTIVO,MUNICIPAL,BUENOS AIRES,LA PLATA,14932,NO,2,Febrero,Sábado,Fin de semana,Verano
2025-02-08,EMPRESA NUEVE DE JULIO S.A.T.,BSAS_LINEA_508C,SI,COLECTIVO,MUNICIPAL,BUENOS AIRES,LA PLATA,406,NO,2,Febrero,Sábado,Fin de semana,Verano
2025-02-08,EXPRESO LA PLATA BUENOS AIRES S.A.,BSAS_LINEA_518,SI,COLECTIVO,MUNICIPAL,BUENOS AIRES,LA PLATA,341,NO,2,Febrero,Sábado,Fin de semana,Verano
2025-02-08,UNION PLATENSE SRL,BSAS_LINEA_520C,SI,COLECTIVO,MUNICIPAL,BUENOS AIRES,LA PLATA,5270,NO,2,Febrero,Sábado,Fin de semana,Verano
2025-02-08,EMPRESA NUEVE DE JULIO S.A.T.,BSAS_LINEA_561B,SI,COLECTIVO,MUNICIPAL,BUENOS AIRES,LA PLATA,552,NO,2,Febrero,Sábado,Fin de semana,Verano
2025-02-08,EMPRESA NUEVE DE JULIO S.A.T.,LINEA OESTE,SI,COLECTIVO,MUNICIPAL,BUENOS AIRES,LA PLATA,28352,NO,2,Febrero,Sábado,Fin de semana,Verano
2025-02-08,FUERTE BARRAGAN S.A.T.I.C.I.,LINEA_506F_BSAS,SI,COLECTIVO,MUNICIPAL,BUENOS AIRES,LA PLATA,5794,NO,2,Febrero,Sábado,Fin de semana,Verano
2025-02-08,UNION PLATENSE SRL,NORTE MUNICIPAL,SI,COLECTIVO,MUNICIPAL,BUENOS AIRES,LA PLATA,4864,NO,2,Febrero,Sábado,Fin de semana,Verano
2025-02-09,UNION PLATENSE SRL,BSAS_LINEA_502_SUR,SI,COLECTIVO,MUNICIPAL,BUENOS AIRES,LA PLATA,1179,NO,2,Febrero,Domingo,Fin de semana,Verano
2025-02-09,MICROEXPRES S.A.,BSAS_LINEA_503_ESTE,SI,COLECTIVO,MUNICIPAL,BUENOS AIRES,LA PLATA,1842,NO,2,Febrero,Domingo,Fin de semana,Verano
2025-02-09,EXPRESO LA PLATA BUENOS AIRES S.A.,BSAS_LINEA_503E,SI,COLECTIVO,MUNICIPAL,BUENOS AIRES,LA PLATA,7752,NO,2,Febrero,Domingo,Fin de semana,Verano
2025-02-09,EMPRESA NUEVE DE JULIO S.A.T.,BSAS_LINEA_508C,SI,COLECTIVO,MUNICIPAL,BUENOS AIRES,LA PLATA,197,NO,2,Febrero,Domingo,Fin de semana,Verano
2025-02-09,UNION PLATENSE SRL,BSAS_LINEA_520C,SI,COLECTIVO,MUNICIPAL,BUENOS AIRES,LA PLATA,2543,NO,2,Febrero,Domingo,Fin de semana,Verano
2025-02-09,EMPRESA NUEVE DE JULIO S.A.T.,BSAS_LINEA_561B,SI,COLECTIVO,MUNICIPAL,BUENOS AIRES,LA PLATA,237,NO,2,Febrero,Domingo,Fin de semana,Verano
2025-02-09,EMPRESA NUEVE DE JULIO S.A.T.,LINEA OESTE,SI,COLECTIVO,MUNICIPAL,BUENOS AIRES,LA PLATA,14556,NO,2,Febrero,Domingo,Fin de semana,Verano
2025-02-09,FUERTE BARRAGAN S.A.T.I.C.I.,LINEA_506F_BSAS,SI,COLECTIVO,MUNICIPAL,BUENOS AIRES,LA PLATA,2809,NO,2,Febrero,Domingo,Fin de semana,Verano
2025-02-09,UNION PLATENSE SRL,NORTE MUNICIPAL,SI,COLECTIVO,MUNICIPAL,BUENOS AIRES,LA PLATA,2488,NO,2,Febrero,Domingo,Fin de semana,Verano
2025-02-10,UNION PLATENSE SRL,BSAS_LINEA_502_SUR,SI,COLECTIVO,MUNICIPAL,BUENOS AIRES,LA PLATA,9027,NO,2,Febrero,Lunes,Día de semana,Verano
2025-02-10,MICROEXPRES S.A.,BSAS_LINEA_503_ESTE,SI,COLECTIVO,MUNICIPAL,BUENOS AIRES,LA PLATA,5069,NO,2,Febrero,Lunes,Día de semana,Verano
2025-02-10,EXPRESO LA PLATA BUENOS AIRES S.A.,BSAS_LINEA_503E,SI,COLECTIVO,MUNICIPAL,BUENOS AIRES,LA PLATA,21523,NO,2,Febrero,Lunes,Día de semana,Verano
2025-02-10,EMPRESA NUEVE DE JULIO S.A.T.,BSAS_LINEA_508C,SI,COLECTIVO,MUNICIPAL,BUENOS AIRES,LA PLATA,451,NO,2,Febrero,Lunes,Día de semana,Verano
2025-02-10,EXPRESO LA PLATA BUENOS AIRES S.A.,BSAS_LINEA_518,SI,COLECTIVO,MUNICIPAL,BUENOS AIRES,LA PLATA,608,NO,2,Febrero,Lunes,Día de semana,Verano
2025-02-10,UNION PLATENSE SRL,BSAS_LINEA_520C,SI,COLECTIVO,MUNICIPAL,BUENOS AIRES,LA PLATA,10214,NO,2,Febrero,Lunes,Día de semana,Verano
2025-02-10,EMPRESA NUEVE DE JULIO S.A.T.,BSAS_LINEA_561B,SI,COLECTIVO,MUNICIPAL,BUENOS AIRES,LA PLATA,711,NO,2,Febrero,Lunes,Día de semana,Verano
2025-02-10,EMPRESA NUEVE DE JULIO S.A.T.,LINEA OESTE,SI,COLECTIVO,MUNICIPAL,BUENOS AIRES,LA PLATA,45909,NO,2,Febrero,Lunes,Día de semana,Verano
2025-02-10,FUERTE BARRAGAN S.A.T.I.C.I.,LINEA_506F_BSAS,SI,COLECTIVO,MUNICIPAL,BUENOS AIRES,LA PLATA,8299,NO,2,Febrero,Lunes,Día de semana,Verano
2025-02-10,UNION PLATENSE SRL,NORTE MUNICIPAL,SI,COLECTIVO,MUNICIPAL,BUENOS AIRES,LA PLATA,9435,NO,2,Febrero,Lunes,Día de semana,Verano
2025-02-11,UNION PLATENSE SRL,BSAS_LINEA_502_SUR,SI,COLECTIVO,MUNICIPAL,BUENOS AIRES,LA PLATA,7699,NO,2,Febrero,Martes,Día de semana,Verano
2025-02-11,MICROEXPRES S.A.,BSAS_LINEA_503_ESTE,SI,COLECTIVO,MUNICIPAL,BUENOS AIRES,LA PLATA,4472,NO,2,Febrero,Martes,Día de semana,Verano
2025-02-11,EXPRESO LA PLATA BUENOS AIRES S.A.,BSAS_LINEA_503E,SI,COLECTIVO,MUNICIPAL,BUENOS AIRES,LA PLATA,18137,NO,2,Febrero,Martes,Día de semana,Verano
2025-02-11,EMPRESA NUEVE DE JULIO S.A.T.,BSAS_LINEA_508C,SI,COLECTIVO,MUNICIPAL,BUENOS AIRES,LA PLATA,368,NO,2,Febrero,Martes,Día de semana,Verano
2025-02-11,EXPRESO LA PLATA BUENOS AIRES S.A.,BSAS_LINEA_518,SI,COLECTIVO,MUNICIPAL,BUENOS AIRES,LA PLATA,527,NO,2,Febrero,Martes,Día de semana,Verano
2025-02-11,UNION PLATENSE SRL,BSAS_LINEA_520C,SI,COLECTIVO,MUNICIPAL,BUENOS AIRES,LA PLATA,8712,NO,2,Febrero,Martes,Día de semana,Verano
2025-02-11,EMPRESA NUEVE DE JULIO S.A.T.,BSAS_LINEA_561B,SI,COLECTIVO,MUNICIPAL,BUENOS AIRES,LA PLATA,577,NO,2,Febrero,Martes,Día de semana,Verano
2025-02-11,EMPRESA NUEVE DE JULIO S.A.T.,LINEA OESTE,SI,COLECTIVO,MUNICIPAL,BUENOS AIRES,LA PLATA,36871,NO,2,Febrero,Martes,Día de semana,Verano
2025-02-11,FUERTE BARRAGAN S.A.T.I.C.I.,LINEA_506F_BSAS,SI,COLECTIVO,MUNICIPAL,BUENOS AIRES,LA PLATA,7234,NO,2,Febrero,Martes,Día de semana,Verano
2025-02-11,UNION PLATENSE SRL,NORTE MUNICIPAL,SI,COLECTIVO,MUNICIPAL,BUENOS AIRES,LA PLATA,8418,NO,2,Febrero,Martes,Día de semana,Verano
2025-02-12,UNION PLATENSE SRL,BSAS_LINEA_502_SUR,SI,COLECTIVO,MUNICIPAL,BUENOS AIRES,LA PLATA,10250,NO,2,Febrero,Miércoles,Día de semana,Verano
2025-02-12,MICROEXPRES S.A.,BSAS_LINEA_503_ESTE,SI,COLECTIVO,MUNICIPAL,BUENOS AIRES,LA PLATA,6021,NO,2,Febrero,Miércoles,Día de semana,Verano
2025-02-12,EXPRESO LA PLATA BUENOS AIRES S.A.,BSAS_LINEA_503E,SI,COLECTIVO,MUNICIPAL,BUENOS AIRES,LA PLATA,24298,NO,2,Febrero,Miércoles,Día de semana,Verano
2025-02-12,EMPRESA NUEVE DE JULIO S.A.T.,BSAS_LINEA_508C,SI,COLECTIVO,MUNICIPAL,BUENOS AIRES,LA PLATA,553,NO,2,Febrero,Miércoles,Día de semana,Verano
2025-02-12,EXPRESO LA PLATA BUENOS AIRES S.A.,BSAS_LINEA_518,SI,COLECTIVO,MUNICIPAL,BUENOS AIRES,LA PLATA,640,NO,2,Febrero,Miércoles,Día de semana,Verano
2025-02-12,UNION PLATENSE SRL,BSAS_LINEA_520C,SI,COLECTIVO,MUNICIPAL,BUENOS AIRES,LA PLATA,11666,NO,2,Febrero,Miércoles,Día de semana,Verano
2025-02-12,EMPRESA NUEVE DE JULIO S.A.T.,BSAS_LINEA_561B,SI,COLECTIVO,MUNICIPAL,BUENOS AIRES,LA PLATA,678,NO,2,Febrero,Miércoles,Día de semana,Verano
2025-02-12,EMPRESA NUEVE DE JULIO S.A.T.,LINEA OESTE,SI,COLECTIVO,MUNICIPAL,BUENOS AIRES,LA PLATA,52661,NO,2,Febrero,Miércoles,Día de semana,Verano
2025-02-12,FUERTE BARRAGAN S.A.T.I.C.I.,LINEA_506F_BSAS,SI,COLECTIVO,MUNICIPAL,BUENOS AIRES,LA PLATA,10117,NO,2,Febrero,Miércoles,Día de semana,Verano
2025-02-12,UNION PLATENSE SRL,NORTE MUNICIPAL,SI,COLECTIVO,MUNICIPAL,BUENOS AIRES,LA PLATA,11276,NO,2,Febrero,Miércoles,Día de semana,Verano
2025-02-13,UNION PLATENSE SRL,BSAS_LINEA_502_SUR,SI,COLECTIVO,MUNICIPAL,BUENOS AIRES,LA PLATA,10015,NO,2,Febrero,Jueves,Día de semana,Verano
2025-02-13,MICROEXPRES S.A.,BSAS_LINEA_503_ESTE,SI,COLECTIVO,MUNICIPAL,BUENOS AIRES,LA PLATA,5900,NO,2,Febrero,Jueves,Día de semana,Verano
2025-02-13,EXPRESO LA PLATA BUENOS AIRES S.A.,BSAS_LINEA_503E,SI,COLECTIVO,MUNICIPAL,BUENOS AIRES,LA PLATA,24554,NO,2,Febrero,Jueves,Día de semana,Verano
2025-02-13,EMPRESA NUEVE DE JULIO S.A.T.,BSAS_LINEA_508C,SI,COLECTIVO,MUNICIPAL,BUENOS AIRES,LA PLATA,480,NO,2,Febrero,Jueves,Día de semana,Verano
2025-02-13,EXPRESO LA PLATA BUENOS AIRES S.A.,BSAS_LINEA_518,SI,COLECTIVO,MUNICIPAL,BUENOS AIRES,LA PLATA,697,NO,2,Febrero,Jueves,Día de semana,Verano
2025-02-13,UNION PLATENSE SRL,BSAS_LINEA_520C,SI,COLECTIVO,MUNICIPAL,BUENOS AIRES,LA PLATA,10656,NO,2,Febrero,Jueves,Día de semana,Verano
2025-02-13,EMPRESA NUEVE DE JULIO S.A.T.,BSAS_LINEA_561B,SI,COLECTIVO,MUNICIPAL,BUENOS AIRES,LA PLATA,710,NO,2,Febrero,Jueves,Día de semana,Verano
2025-02-13,EMPRESA NUEVE DE JULIO S.A.T.,LINEA OESTE,SI,COLECTIVO,MUNICIPAL,BUENOS AIRES,LA PLATA,49746,NO,2,Febrero,Jueves,Día de semana,Verano
2025-02-13,FUERTE BARRAGAN S.A.T.I.C.I.,LINEA_506F_BSAS,SI,COLECTIVO,MUNICIPAL,BUENOS AIRES,LA PLATA,10046,NO,2,Febrero,Jueves,Día de semana,Verano
2025-02-13,UNION PLATENSE SRL,NORTE MUNICIPAL,SI,COLECTIVO,MUNICIPAL,BUENOS AIRES,LA PLATA,11074,NO,2,Febrero,Jueves,Día de semana,Verano
2025-02-14,UNION PLATENSE SRL,BSAS_LINEA_502_SUR,SI,COLECTIVO,MUNICIPAL,BUENOS AIRES,LA PLATA,9756,NO,2,Febrero,Viernes,Día de semana,Verano
2025-02-14,MICROEXPRES S.A.,BSAS_LINEA_503_ESTE,SI,COLECTIVO,MUNICIPAL,BUENOS AIRES,LA PLATA,5793,NO,2,Febrero,Viernes,Día de semana,Verano
2025-02-14,EXPRESO LA PLATA BUENOS AIRES S.A.,BSAS_LINEA_503E,SI,COLECTIVO,MUNICIPAL,BUENOS AIRES,LA PLATA,23772,NO,2,Febrero,Viernes,Día de semana,Verano
2025-02-14,EMPRESA NUEVE DE JULIO S.A.T.,BSAS_LINEA_508C,SI,COLECTIVO,MUNICIPAL,BUENOS AIRES,LA PLATA,502,NO,2,Febrero,Viernes,Día de semana,Verano
2025-02-14,EXPRESO LA PLATA BUENOS AIRES S.A.,BSAS_LINEA_518,SI,COLECTIVO,MUNICIPAL,BUENOS AIRES,LA PLATA,721,NO,2,Febrero,Viernes,Día de semana,Verano
2025-02-14,UNION PLATENSE SRL,BSAS_LINEA_520C,SI,COLECTIVO,MUNICIPAL,BUENOS AIRES,LA PLATA,11168,NO,2,Febrero,Viernes,Día de semana,Verano
2025-02-14,EMPRESA NUEVE DE JULIO S.A.T.,BSAS_LINEA_561B,SI,COLECTIVO,MUNICIPAL,BUENOS AIRES,LA PLATA,650,NO,2,Febrero,Viernes,Día de semana,Verano
2025-02-14,EMPRESA NUEVE DE JULIO S.A.T.,LINEA OESTE,SI,COLECTIVO,MUNICIPAL,BUENOS AIRES,LA PLATA,50185,NO,2,Febrero,Viernes,Día de semana,Verano
2025-02-14,FUERTE BARRAGAN S.A.T.I.C.I.,LINEA_506F_BSAS,SI,COLECTIVO,MUNICIPAL,BUENOS AIRES,LA PLATA,9933,NO,2,Febrero,Viernes,Día de semana,Verano
2025-02-14,UNION PLATENSE SRL,NORTE MUNICIPAL,SI,COLECTIVO,MUNICIPAL,BUENOS AIRES,LA PLATA,11017,NO,2,Febrero,Viernes,Día de semana,Verano
2025-02-15,UNION PLATENSE SRL,BSAS_LINEA_502_SUR,SI,COLECTIVO,MUNICIPAL,BUENOS AIRES,LA PLATA,4816,NO,2,Febrero,Sábado,Fin de semana,Verano
2025-02-15,MICROEXPRES S.A.,BSAS_LINEA_503_ESTE,SI,COLECTIVO,MUNICIPAL,BUENOS AIRES,LA PLATA,3881,NO,2,Febrero,Sábado,Fin de semana,Verano
2025-02-15,EXPRESO LA PLATA BUENOS AIRES S.A.,BSAS_LINEA_503E,SI,COLECTIVO,MUNICIPAL,BUENOS AIRES,LA PLATA,15618,NO,2,Febrero,Sábado,Fin de semana,Verano
2025-02-15,EMPRESA NUEVE DE JULIO S.A.T.,BSAS_LINEA_508C,SI,COLECTIVO,MUNICIPAL,BUENOS AIRES,LA PLATA,400,NO,2,Febrero,Sábado,Fin de semana,Verano
2025-02-15,EXPRESO LA PLATA BUENOS AIRES S.A.,BSAS_LINEA_518,SI,COLECTIVO,MUNICIPAL,BUENOS AIRES,LA PLATA,325,NO,2,Febrero,Sábado,Fin de semana,Verano
2025-02-15,UNION PLATENSE SRL,BSAS_LINEA_520C,SI,COLECTIVO,MUNICIPAL,BUENOS AIRES,LA PLATA,5718,NO,2,Febrero,Sábado,Fin de semana,Verano
2025-02-15,EMPRESA NUEVE DE JULIO S.A.T.,BSAS_LINEA_561B,SI,COLECTIVO,MUNICIPAL,BUENOS AIRES,LA PLATA,450,NO,2,Febrero,Sábado,Fin de semana,Verano
2025-02-15,EMPRESA NUEVE DE JULIO S.A.T.,LINEA OESTE,SI,COLECTIVO,MUNICIPAL,BUENOS AIRES,LA PLATA,29891,NO,2,Febrero,Sábado,Fin de semana,Verano
2025-02-15,FUERTE BARRAGAN S.A.T.I.C.I.,LINEA_506F_BSAS,SI,COLECTIVO,MUNICIPAL,BUENOS AIRES,LA PLATA,5339,NO,2,Febrero,Sábado,Fin de semana,Verano
2025-02-15,UNION PLATENSE SRL,NORTE MUNICIPAL,SI,COLECTIVO,MUNICIPAL,BUENOS AIRES,LA PLATA,4141,NO,2,Febrero,Sábado,Fin de semana,Verano
2025-02-16,UNION PLATENSE SRL,BSAS_LINEA_502_SUR,SI,COLECTIVO,MUNICIPAL,BUENOS AIRES,LA PLATA,1490,NO,2,Febrero,Domingo,Fin de semana,Verano
2025-02-16,MICROEXPRES S.A.,BSAS_LINEA_503_ESTE,SI,COLECTIVO,MUNICIPAL,BUENOS AIRES,LA PLATA,2090,NO,2,Febrero,Domingo,Fin de semana,Verano
2025-02-16,EXPRESO LA PLATA BUENOS AIRES S.A.,BSAS_LINEA_503E,SI,COLECTIVO,MUNICIPAL,BUENOS AIRES,LA PLATA,9454,NO,2,Febrero,Domingo,Fin de semana,Verano
2025-02-16,EMPRESA NUEVE DE JULIO S.A.T.,BSAS_LINEA_508C,SI,COLECTIVO,MUNICIPAL,BUENOS AIRES,LA PLATA,263,NO,2,Febrero,Domingo,Fin de semana,Verano
2025-02-16,EXPRESO LA PLATA BUENOS AIRES S.A.,BSAS_LINEA_518,SI,COLECTIVO,MUNICIPAL,BUENOS AIRES,LA PLATA,98,NO,2,Febrero,Domingo,Fin de semana,Verano
2025-02-16,UNION PLATENSE SRL,BSAS_LINEA_520C,SI,COLECTIVO,MUNICIPAL,BUENOS AIRES,LA PLATA,2687,NO,2,Febrero,Domingo,Fin de semana,Verano
2025-02-16,EMPRESA NUEVE DE JULIO S.A.T.,BSAS_LINEA_561B,SI,COLECTIVO,MUNICIPAL,BUENOS AIRES,LA PLATA,272,NO,2,Febrero,Domingo,Fin de semana,Verano
2025-02-16,EMPRESA NUEVE DE JULIO S.A.T.,LINEA OESTE,SI,COLECTIVO,MUNICIPAL,BUENOS AIRES,LA PLATA,16823,NO,2,Febrero,Domingo,Fin de semana,Verano
2025-02-16,FUERTE BARRAGAN S.A.T.I.C.I.,LINEA_506F_BSAS,SI,COLECTIVO,MUNICIPAL,BUENOS AIRES,LA PLATA,3519,NO,2,Febrero,Domingo,Fin de semana,Verano
2025-02-16,UNION PLATENSE SRL,NORTE MUNICIPAL,SI,COLECTIVO,MUNICIPAL,BUENOS AIRES,LA PLATA,2089,NO,2,Febrero,Domingo,Fin de semana,Verano
2025-02-17,UNION PLATENSE SRL,BSAS_LINEA_502_SUR,SI,COLECTIVO,MUNICIPAL,BUENOS AIRES,LA PLATA,10744,NO,2,Febrero,Lunes,Día de semana,Verano
2025-02-17,MICROEXPRES S.A.,BSAS_LINEA_503_ESTE,SI,COLECTIVO,MUNICIPAL,BUENOS AIRES,LA PLATA,5985,NO,2,Febrero,Lunes,Día de semana,Verano
2025-02-17,EXPRESO LA PLATA BUENOS AIRES S.A.,BSAS_LINEA_503E,SI,COLECTIVO,MUNICIPAL,BUENOS AIRES,LA PLATA,26640,NO,2,Febrero,Lunes,Día de semana,Verano
2025-02-17,EMPRESA NUEVE DE JULIO S.A.T.,BSAS_LINEA_508C,SI,COLECTIVO,MUNICIPAL,BUENOS AIRES,LA PLATA,533,NO,2,Febrero,Lunes,Día de semana,Verano
2025-02-17,EXPRESO LA PLATA BUENOS AIRES S.A.,BSAS_LINEA_518,SI,COLECTIVO,MUNICIPAL,BUENOS AIRES,LA PLATA,660,NO,2,Febrero,Lunes,Día de semana,Verano
2025-02-17,UNION PLATENSE SRL,BSAS_LINEA_520C,SI,COLECTIVO,MUNICIPAL,BUENOS AIRES,LA PLATA,11501,NO,2,Febrero,Lunes,Día de semana,Verano
2025-02-17,EMPRESA NUEVE DE JULIO S.A.T.,BSAS_LINEA_561B,SI,COLECTIVO,MUNICIPAL,BUENOS AIRES,LA PLATA,746,NO,2,Febrero,Lunes,Día de semana,Verano
2025-02-17,EMPRESA NUEVE DE JULIO S.A.T.,LINEA OESTE,SI,COLECTIVO,MUNICIPAL,BUENOS AIRES,LA PLATA,52777,NO,2,Febrero,Lunes,Día de semana,Verano
2025-02-17,FUERTE BARRAGAN S.A.T.I.C.I.,LINEA_506F_BSAS,SI,COLECTIVO,MUNICIPAL,BUENOS AIRES,LA PLATA,10312,NO,2,Febrero,Lunes,Día de semana,Verano
2025-02-17,UNION PLATENSE SRL,NORTE MUNICIPAL,SI,COLECTIVO,MUNICIPAL,BUENOS AIRES,LA PLATA,11050,NO,2,Febrero,Lunes,Día de semana,Verano
2025-02-18,UNION PLATENSE SRL,BSAS_LINEA_502_SUR,SI,COLECTIVO,MUNICIPAL,BUENOS AIRES,LA PLATA,11207,NO,2,Febrero,Martes,Día de semana,Verano
2025-02-18,MICROEXPRES S.A.,BSAS_LINEA_503_ESTE,SI,COLECTIVO,MUNICIPAL,BUENOS AIRES,LA PLATA,5955,NO,2,Febrero,Martes,Día de semana,Verano
2025-02-18,EXPRESO LA PLATA BUENOS AIRES S.A.,BSAS_LINEA_503E,SI,COLECTIVO,MUNICIPAL,BUENOS AIRES,LA PLATA,27023,NO,2,Febrero,Martes,Día de semana,Verano
2025-02-18,EMPRESA NUEVE DE JULIO S.A.T.,BSAS_LINEA_508C,SI,COLECTIVO,MUNICIPAL,BUENOS AIRES,LA PLATA,561,NO,2,Febrero,Martes,Día de semana,Verano
2025-02-18,EXPRESO LA PLATA BUENOS AIRES S.A.,BSAS_LINEA_518,SI,COLECTIVO,MUNICIPAL,BUENOS AIRES,LA PLATA,745,NO,2,Febrero,Martes,Día de semana,Verano
2025-02-18,UNION PLATENSE SRL,BSAS_LINEA_520C,SI,COLECTIVO,MUNICIPAL,BUENOS AIRES,LA PLATA,11622,NO,2,Febrero,Martes,Día de semana,Verano
2025-02-18,EMPRESA NUEVE DE JULIO S.A.T.,BSAS_LINEA_561B,SI,COLECTIVO,MUNICIPAL,BUENOS AIRES,LA PLATA,864,NO,2,Febrero,Martes,Día de semana,Verano
2025-02-18,EMPRESA NUEVE DE JULIO S.A.T.,LINEA OESTE,SI,COLECTIVO,MUNICIPAL,BUENOS AIRES,LA PLATA,55440,NO,2,Febrero,Martes,Día de semana,Verano
2025-02-18,FUERTE BARRAGAN S.A.T.I.C.I.,LINEA_506F_BSAS,SI,COLECTIVO,MUNICIPAL,BUENOS AIRES,LA PLATA,10292,NO,2,Febrero,Martes,Día de semana,Verano
2025-02-18,UNION PLATENSE SRL,NORTE MUNICIPAL,SI,COLECTIVO,MUNICIPAL,BUENOS AIRES,LA PLATA,12039,NO,2,Febrero,Martes,Día de semana,Verano
2025-02-19,UNION PLATENSE SRL,BSAS_LINEA_502_SUR,SI,COLECTIVO,MUNICIPAL,BUENOS AIRES,LA PLATA,11075,NO,2,Febrero,Miércoles,Día de semana,Verano
2025-02-19,MICROEXPRES S.A.,BSAS_LINEA_503_ESTE,SI,COLECTIVO,MUNICIPAL,BUENOS AIRES,LA PLATA,6126,NO,2,Febrero,Miércoles,Día de semana,Verano
2025-02-19,EXPRESO LA PLATA BUENOS AIRES S.A.,BSAS_LINEA_503E,SI,COLECTIVO,MUNICIPAL,BUENOS AIRES,LA PLATA,27753,NO,2,Febrero,Miércoles,Día de semana,Verano
2025-02-19,EMPRESA NUEVE DE JULIO S.A.T.,BSAS_LINEA_508C,SI,COLECTIVO,MUNICIPAL,BUENOS AIRES,LA PLATA,573,NO,2,Febrero,Miércoles,Día de semana,Verano
2025-02-19,EXPRESO LA PLATA BUENOS AIRES S.A.,BSAS_LINEA_518,SI,COLECTIVO,MUNICIPAL,BUENOS AIRES,LA PLATA,744,NO,2,Febrero,Miércoles,Día de semana,Verano
2025-02-19,UNION PLATENSE SRL,BSAS_LINEA_520C,SI,COLECTIVO,MUNICIPAL,BUENOS AIRES,LA PLATA,11605,NO,2,Febrero,Miércoles,Día de semana,Verano
2025-02-19,EMPRESA NUEVE DE JULIO S.A.T.,BSAS_LINEA_561B,SI,COLECTIVO,MUNICIPAL,BUENOS AIRES,LA PLATA,668,NO,2,Febrero,Miércoles,Día de semana,Verano
2025-02-19,EMPRESA NUEVE DE JULIO S.A.T.,LINEA OESTE,SI,COLECTIVO,MUNICIPAL,BUENOS AIRES,LA PLATA,55284,NO,2,Febrero,Miércoles,Día de semana,Verano
2025-02-19,FUERTE BARRAGAN S.A.T.I.C.I.,LINEA_506F_BSAS,SI,COLECTIVO,MUNICIPAL,BUENOS AIRES,LA PLATA,10364,NO,2,Febrero,Miércoles,Día de semana,Verano
2025-02-19,UNION PLATENSE SRL,NORTE MUNICIPAL,SI,COLECTIVO,MUNICIPAL,BUENOS AIRES,LA PLATA,11913,NO,2,Febrero,Miércoles,Día de semana,Verano
2025-02-20,UNION PLATENSE SRL,BSAS_LINEA_502_SUR,SI,COLECTIVO,MUNICIPAL,BUENOS AIRES,LA PLATA,10865,NO,2,Febrero,Jueves,Día de semana,Verano
2025-02-20,MICROEXPRES S.A.,BSAS_LINEA_503_ESTE,SI,COLECTIVO,MUNICIPAL,BUENOS AIRES,LA PLATA,5890,NO,2,Febrero,Jueves,Día de semana,Verano
2025-02-20,EXPRESO LA PLATA BUENOS AIRES S.A.,BSAS_LINEA_503E,SI,COLECTIVO,MUNICIPAL,BUENOS AIRES,LA PLATA,26995,NO,2,Febrero,Jueves,Día de semana,Verano
2025-02-20,EMPRESA NUEVE DE JULIO S.A.T.,BSAS_LINEA_508C,SI,COLECTIVO,MUNICIPAL,BUENOS AIRES,LA PLATA,504,NO,2,Febrero,Jueves,Día de semana,Verano
2025-02-20,EXPRESO LA PLATA BUENOS AIRES S.A.,BSAS_LINEA_518,SI,COLECTIVO,MUNICIPAL,BUENOS AIRES,LA PLATA,675,NO,2,Febrero,Jueves,Día de semana,Verano
2025-02-20,UNION PLATENSE SRL,BSAS_LINEA_520C,SI,COLECTIVO,MUNICIPAL,BUENOS AIRES,LA PLATA,11558,NO,2,Febrero,Jueves,Día de semana,Verano
2025-02-20,EMPRESA NUEVE DE JULIO S.A.T.,BSAS_LINEA_561B,SI,COLECTIVO,MUNICIPAL,BUENOS AIRES,LA PLATA,625,NO,2,Febrero,Jueves,Día de semana,Verano
2025-02-20,EMPRESA NUEVE DE JULIO S.A.T.,LINEA OESTE,SI,COLECTIVO,MUNICIPAL,BUENOS AIRES,LA PLATA,53217,NO,2,Febrero,Jueves,Día de semana,Verano
2025-02-20,FUERTE BARRAGAN S.A.T.I.C.I.,LINEA_506F_BSAS,SI,COLECTIVO,MUNICIPAL,BUENOS AIRES,LA PLATA,10352,NO,2,Febrero,Jueves,Día de semana,Verano
2025-02-20,UNION PLATENSE SRL,NORTE MUNICIPAL,SI,COLECTIVO,MUNICIPAL,BUENOS AIRES,LA PLATA,11450,NO,2,Febrero,Jueves,Día de semana,Verano
2025-02-21,UNION PLATENSE SRL,BSAS_LINEA_502_SUR,SI,COLECTIVO,MUNICIPAL,BUENOS AIRES,LA PLATA,10629,NO,2,Febrero,Viernes,Día de semana,Verano
2025-02-21,MICROEXPRES S.A.,BSAS_LINEA_503_ESTE,SI,COLECTIVO,MUNICIPAL,BUENOS AIRES,LA PLATA,5747,NO,2,Febrero,Viernes,Día de semana,Verano
2025-02-21,EXPRESO LA PLATA BUENOS AIRES S.A.,BSAS_LINEA_503E,SI,COLECTIVO,MUNICIPAL,BUENOS AIRES,LA PLATA,26840,NO,2,Febrero,Viernes,Día de semana,Verano
2025-02-21,EMPRESA NUEVE DE JULIO S.A.T.,BSAS_LINEA_508C,SI,COLECTIVO,MUNICIPAL,BUENOS AIRES,LA PLATA,616,NO,2,Febrero,Viernes,Día de semana,Verano
2025-02-21,EXPRESO LA PLATA BUENOS AIRES S.A.,BSAS_LINEA_518,SI,COLECTIVO,MUNICIPAL,BUENOS AIRES,LA PLATA,683,NO,2,Febrero,Viernes,Día de semana,Verano
2025-02-21,UNION PLATENSE SRL,BSAS_LINEA_520C,SI,COLECTIVO,MUNICIPAL,BUENOS AIRES,LA PLATA,11018,NO,2,Febrero,Viernes,Día de semana,Verano
2025-02-21,EMPRESA NUEVE DE JULIO S.A.T.,BSAS_LINEA_561B,SI,COLECTIVO,MUNICIPAL,BUENOS AIRES,LA PLATA,640,NO,2,Febrero,Viernes,Día de semana,Verano
2025-02-21,EMPRESA NUEVE DE JULIO S.A.T.,LINEA OESTE,SI,COLECTIVO,MUNICIPAL,BUENOS AIRES,LA PLATA,52814,NO,2,Febrero,Viernes,Día de semana,Verano
2025-02-21,FUERTE BARRAGAN S.A.T.I.C.I.,LINEA_506F_BSAS,SI,COLECTIVO,MUNICIPAL,BUENOS AIRES,LA PLATA,9597,NO,2,Febrero,Viernes,Día de semana,Verano
2025-02-21,UNION PLATENSE SRL,NORTE MUNICIPAL,SI,COLECTIVO,MUNICIPAL,BUENOS AIRES,LA PLATA,11064,NO,2,Febrero,Viernes,Día de semana,Verano
2025-02-22,UNION PLATENSE SRL,BSAS_LINEA_502_SUR,SI,COLECTIVO,MUNICIPAL,BUENOS AIRES,LA PLATA,3646,NO,2,Febrero,Sábado,Fin de semana,Verano
2025-02-22,MICROEXPRES S.A.,BSAS_LINEA_503_ESTE,SI,COLECTIVO,MUNICIPAL,BUENOS AIRES,LA PLATA,3451,NO,2,Febrero,Sábado,Fin de semana,Verano
2025-02-22,EXPRESO LA PLATA BUENOS AIRES S.A.,BSAS_LINEA_503E,SI,COLECTIVO,MUNICIPAL,BUENOS AIRES,LA PLATA,14571,NO,2,Febrero,Sábado,Fin de semana,Verano
2025-02-22,EMPRESA NUEVE DE JULIO S.A.T.,BSAS_LINEA_508C,SI,COLECTIVO,MUNICIPAL,BUENOS AIRES,LA PLATA,334,NO,2,Febrero,Sábado,Fin de semana,Verano
2025-02-22,EXPRESO LA PLATA BUENOS AIRES S.A.,BSAS_LINEA_518,SI,COLECTIVO,MUNICIPAL,BUENOS AIRES,LA PLATA,345,NO,2,Febrero,Sábado,Fin de semana,Verano
2025-02-22,UNION PLATENSE SRL,BSAS_LINEA_520C,SI,COLECTIVO,MUNICIPAL,BUENOS AIRES,LA PLATA,5156,NO,2,Febrero,Sábado,Fin de semana,Verano
2025-02-22,EMPRESA NUEVE DE JULIO S.A.T.,BSAS_LINEA_561B,SI,COLECTIVO,MUNICIPAL,BUENOS AIRES,LA PLATA,411,NO,2,Febrero,Sábado,Fin de semana,Verano
2025-02-22,EMPRESA NUEVE DE JULIO S.A.T.,LINEA OESTE,SI,COLECTIVO,MUNICIPAL,BUENOS AIRES,LA PLATA,26751,NO,2,Febrero,Sábado,Fin de semana,Verano
2025-02-22,FUERTE BARRAGAN S.A.T.I.C.I.,LINEA_506F_BSAS,SI,COLECTIVO,MUNICIPAL,BUENOS AIRES,LA PLATA,4482,NO,2,Febrero,Sábado,Fin de semana,Verano
2025-02-22,UNION PLATENSE SRL,NORTE MUNICIPAL,SI,COLECTIVO,MUNICIPAL,BUENOS AIRES,LA PLATA,3886,NO,2,Febrero,Sábado,Fin de semana,Verano
2025-02-23,UNION PLATENSE SRL,BSAS_LINEA_502_SUR,SI,COLECTIVO,MUNICIPAL,BUENOS AIRES,LA PLATA,1296,NO,2,Febrero,Domingo,Fin de semana,Verano
2025-02-23,MICROEXPRES S.A.,BSAS_LINEA_503_ESTE,SI,COLECTIVO,MUNICIPAL,BUENOS AIRES,LA PLATA,2062,NO,2,Febrero,Domingo,Fin de semana,Verano
2025-02-23,EXPRESO LA PLATA BUENOS AIRES S.A.,BSAS_LINEA_503E,SI,COLECTIVO,MUNICIPAL,BUENOS AIRES,LA PLATA,8963,NO,2,Febrero,Domingo,Fin de semana,Verano
2025-02-23,EMPRESA NUEVE DE JULIO S.A.T.,BSAS_LINEA_508C,SI,COLECTIVO,MUNICIPAL,BUENOS AIRES,LA PLATA,226,NO,2,Febrero,Domingo,Fin de semana,Verano
2025-02-23,EXPRESO LA PLATA BUENOS AIRES S.A.,BSAS_LINEA_518,SI,COLECTIVO,MUNICIPAL,BUENOS AIRES,LA PLATA,109,NO,2,Febrero,Domingo,Fin de semana,Verano
2025-02-23,UNION PLATENSE SRL,BSAS_LINEA_520C,SI,COLECTIVO,MUNICIPAL,BUENOS AIRES,LA PLATA,2664,NO,2,Febrero,Domingo,Fin de semana,Verano
2025-02-23,EMPRESA NUEVE DE JULIO S.A.T.,BSAS_LINEA_561B,SI,COLECTIVO,MUNICIPAL,BUENOS AIRES,LA PLATA,268,NO,2,Febrero,Domingo,Fin de semana,Verano
2025-02-23,EMPRESA NUEVE DE JULIO S.A.T.,LINEA OESTE,SI,COLECTIVO,MUNICIPAL,BUENOS AIRES,LA PLATA,15024,NO,2,Febrero,Domingo,Fin de semana,Verano
2025-02-23,FUERTE BARRAGAN S.A.T.I.C.I.,LINEA_506F_BSAS,SI,COLECTIVO,MUNICIPAL,BUENOS AIRES,LA PLATA,3209,NO,2,Febrero,Domingo,Fin de semana,Verano
2025-02-23,UNION PLATENSE SRL,NORTE MUNICIPAL,SI,COLECTIVO,MUNICIPAL,BUENOS AIRES,LA PLATA,1965,NO,2,Febrero,Domingo,Fin de semana,Verano
2025-02-24,UNION PLATENSE SRL,BSAS_LINEA_502_SUR,SI,COLECTIVO,MUNICIPAL,BUENOS AIRES,LA PLATA,9242,NO,2,Febrero,Lunes,Día de semana,Verano
2025-02-24,MICROEXPRES S.A.,BSAS_LINEA_503_ESTE,SI,COLECTIVO,MUNICIPAL,BUENOS AIRES,LA PLATA,5248,NO,2,Febrero,Lunes,Día de semana,Verano
2025-02-24,EXPRESO LA PLATA BUENOS AIRES S.A.,BSAS_LINEA_503E,SI,COLECTIVO,MUNICIPAL,BUENOS AIRES,LA PLATA,23461,NO,2,Febrero,Lunes,Día de semana,Verano
2025-02-24,EMPRESA NUEVE DE JULIO S.A.T.,BSAS_LINEA_508C,SI,COLECTIVO,MUNICIPAL,BUENOS AIRES,LA PLATA,416,NO,2,Febrero,Lunes,Día de semana,Verano
2025-02-24,EXPRESO LA PLATA BUENOS AIRES S.A.,BSAS_LINEA_518,SI,COLECTIVO,MUNICIPAL,BUENOS AIRES,LA PLATA,536,NO,2,Febrero,Lunes,Día de semana,Verano
2025-02-24,UNION PLATENSE SRL,BSAS_LINEA_520C,SI,COLECTIVO,MUNICIPAL,BUENOS AIRES,LA PLATA,9926,NO,2,Febrero,Lunes,Día de semana,Verano
2025-02-24,EMPRESA NUEVE DE JULIO S.A.T.,BSAS_LINEA_561B,SI,COLECTIVO,MUNICIPAL,BUENOS AIRES,LA PLATA,513,NO,2,Febrero,Lunes,Día de semana,Verano
2025-02-24,EMPRESA NUEVE DE JULIO S.A.T.,LINEA OESTE,SI,COLECTIVO,MUNICIPAL,BUENOS AIRES,LA PLATA,44599,NO,2,Febrero,Lunes,Día de semana,Verano
2025-02-24,FUERTE BARRAGAN S.A.T.I.C.I.,LINEA_506F_BSAS,SI,COLECTIVO,MUNICIPAL,BUENOS AIRES,LA PLATA,8164,NO,2,Febrero,Lunes,Día de semana,Verano
2025-02-24,UNION PLATENSE SRL,NORTE MUNICIPAL,SI,COLECTIVO,MUNICIPAL,BUENOS AIRES,LA PLATA,9880,NO,2,Febrero,Lunes,Día de semana,Verano
2025-02-25,UNION PLATENSE SRL,BSAS_LINEA_502_SUR,SI,COLECTIVO,MUNICIPAL,BUENOS AIRES,LA PLATA,10556,NO,2,Febrero,Martes,Día de semana,Verano
2025-02-25,MICROEXPRES S.A.,BSAS_LINEA_503_ESTE,SI,COLECTIVO,MUNICIPAL,BUENOS AIRES,LA PLATA,5747,NO,2,Febrero,Martes,Día de semana,Verano
2025-02-25,EXPRESO LA PLATA BUENOS AIRES S.A.,BSAS_LINEA_503E,SI,COLECTIVO,MUNICIPAL,BUENOS AIRES,LA PLATA,26092,NO,2,Febrero,Martes,Día de semana,Verano
2025-02-25,EMPRESA NUEVE DE JULIO S.A.T.,BSAS_LINEA_508C,SI,COLECTIVO,MUNICIPAL,BUENOS AIRES,LA PLATA,567,NO,2,Febrero,Martes,Día de semana,Verano
2025-02-25,EXPRESO LA PLATA BUENOS AIRES S.A.,BSAS_LINEA_518,SI,COLECTIVO,MUNICIPAL,BUENOS AIRES,LA PLATA,605,NO,2,Febrero,Martes,Día de semana,Verano
2025-02-25,UNION PLATENSE SRL,BSAS_LINEA_520C,SI,COLECTIVO,MUNICIPAL,BUENOS AIRES,LA PLATA,11047,NO,2,Febrero,Martes,Día de semana,Verano
2025-02-25,EMPRESA NUEVE DE JULIO S.A.T.,BSAS_LINEA_561B,SI,COLECTIVO,MUNICIPAL,BUENOS AIRES,LA PLATA,595,NO,2,Febrero,Martes,Día de semana,Verano
2025-02-25,EMPRESA NUEVE DE JULIO S.A.T.,LINEA OESTE,SI,COLECTIVO,MUNICIPAL,BUENOS AIRES,LA PLATA,51674,NO,2,Febrero,Martes,Día de semana,Verano
2025-02-25,FUERTE BARRAGAN S.A.T.I.C.I.,LINEA_506F_BSAS,SI,COLECTIVO,MUNICIPAL,BUENOS AIRES,LA PLATA,10164,NO,2,Febrero,Martes,Día de semana,Verano
2025-02-25,UNION PLATENSE SRL,NORTE MUNICIPAL,SI,COLECTIVO,MUNICIPAL,BUENOS AIRES,LA PLATA,11091,NO,2,Febrero,Martes,Día de semana,Verano
2025-02-26,UNION PLATENSE SRL,BSAS_LINEA_502_SUR,SI,COLECTIVO,MUNICIPAL,BUENOS AIRES,LA PLATA,10501,NO,2,Febrero,Miércoles,Día de semana,Verano
2025-02-26,MICROEXPRES S.A.,BSAS_LINEA_503_ESTE,SI,COLECTIVO,MUNICIPAL,BUENOS AIRES,LA PLATA,5435,NO,2,Febrero,Miércoles,Día de semana,Verano
2025-02-26,EXPRESO LA PLATA BUENOS AIRES S.A.,BSAS_LINEA_503E,SI,COLECTIVO,MUNICIPAL,BUENOS AIRES,LA PLATA,26202,NO,2,Febrero,Miércoles,Día de semana,Verano
2025-02-26,EMPRESA NUEVE DE JULIO S.A.T.,BSAS_LINEA_508C,SI,COLECTIVO,MUNICIPAL,BUENOS AIRES,LA PLATA,475,NO,2,Febrero,Miércoles,Día de semana,Verano
2025-02-26,EXPRESO LA PLATA BUENOS AIRES S.A.,BSAS_LINEA_518,SI,COLECTIVO,MUNICIPAL,BUENOS AIRES,LA PLATA,650,NO,2,Febrero,Miércoles,Día de semana,Verano
2025-02-26,UNION PLATENSE SRL,BSAS_LINEA_520C,SI,COLECTIVO,MUNICIPAL,BUENOS AIRES,LA PLATA,11058,NO,2,Febrero,Miércoles,Día de semana,Verano
2025-02-26,EMPRESA NUEVE DE JULIO S.A.T.,BSAS_LINEA_561B,SI,COLECTIVO,MUNICIPAL,BUENOS AIRES,LA PLATA,619,NO,2,Febrero,Miércoles,Día de semana,Verano
2025-02-26,EMPRESA NUEVE DE JULIO S.A.T.,LINEA OESTE,SI,COLECTIVO,MUNICIPAL,BUENOS AIRES,LA PLATA,51137,NO,2,Febrero,Miércoles,Día de semana,Verano
2025-02-26,FUERTE BARRAGAN S.A.T.I.C.I.,LINEA_506F_BSAS,SI,COLECTIVO,MUNICIPAL,BUENOS AIRES,LA PLATA,9154,NO,2,Febrero,Miércoles,Día de semana,Verano
2025-02-26,UNION PLATENSE SRL,NORTE MUNICIPAL,SI,COLECTIVO,MUNICIPAL,BUENOS AIRES,LA PLATA,11072,NO,2,Febrero,Miércoles,Día de semana,Verano
2025-02-27,UNION PLATENSE SRL,BSAS_LINEA_502_SUR,SI,COLECTIVO,MUNICIPAL,BUENOS AIRES,LA PLATA,10565,NO,2,Febrero,Jueves,Día de semana,Verano
2025-02-27,MICROEXPRES S.A.,BSAS_LINEA_503_ESTE,SI,COLECTIVO,MUNICIPAL,BUENOS AIRES,LA PLATA,5945,NO,2,Febrero,Jueves,Día de semana,Verano
2025-02-27,EXPRESO LA PLATA BUENOS AIRES S.A.,BSAS_LINEA_503E,SI,COLECTIVO,MUNICIPAL,BUENOS AIRES,LA PLATA,27077,NO,2,Febrero,Jueves,Día de semana,Verano
2025-02-27,EMPRESA NUEVE DE JULIO S.A.T.,BSAS_LINEA_508C,SI,COLECTIVO,MUNICIPAL,BUENOS AIRES,LA PLATA,526,NO,2,Febrero,Jueves,Día de semana,Verano
2025-02-27,EXPRESO LA PLATA BUENOS AIRES S.A.,BSAS_LINEA_518,SI,COLECTIVO,MUNICIPAL,BUENOS AIRES,LA PLATA,638,NO,2,Febrero,Jueves,Día de semana,Verano
2025-02-27,UNION PLATENSE SRL,BSAS_LINEA_520C,SI,COLECTIVO,MUNICIPAL,BUENOS AIRES,LA PLATA,11265,NO,2,Febrero,Jueves,Día de semana,Verano
2025-02-27,EMPRESA NUEVE DE JULIO S.A.T.,BSAS_LINEA_561B,SI,COLECTIVO,MUNICIPAL,BUENOS AIRES,LA PLATA,658,NO,2,Febrero,Jueves,Día de semana,Verano
2025-02-27,EMPRESA NUEVE DE JULIO S.A.T.,LINEA OESTE,SI,COLECTIVO,MUNICIPAL,BUENOS AIRES,LA PLATA,52804,NO,2,Febrero,Jueves,Día de semana,Verano
2025-02-27,FUERTE BARRAGAN S.A.T.I.C.I.,LINEA_506F_BSAS,SI,COLECTIVO,MUNICIPAL,BUENOS AIRES,LA PLATA,9883,NO,2,Febrero,Jueves,Día de semana,Verano
2025-02-27,UNION PLATENSE SRL,NORTE MUNICIPAL,SI,COLECTIVO,MUNICIPAL,BUENOS AIRES,LA PLATA,11515,NO,2,Febrero,Jueves,Día de semana,Verano
2025-02-28,UNION PLATENSE SRL,BSAS_LINEA_502_SUR,SI,COLECTIVO,MUNICIPAL,BUENOS AIRES,LA PLATA,9426,NO,2,Febrero,Viernes,Día de semana,Verano
2025-02-28,MICROEXPRES S.A.,BSAS_LINEA_503_ESTE,SI,COLECTIVO,MUNICIPAL,BUENOS AIRES,LA PLATA,5334,NO,2,Febrero,Viernes,Día de semana,Verano
2025-02-28,EXPRESO LA PLATA BUENOS AIRES S.A.,BSAS_LINEA_503E,SI,COLECTIVO,MUNICIPAL,BUENOS AIRES,LA PLATA,23714,NO,2,Febrero,Viernes,Día de semana,Verano
2025-02-28,EMPRESA NUEVE DE JULIO S.A.T.,BSAS_LINEA_508C,SI,COLECTIVO,MUNICIPAL,BUENOS AIRES,LA PLATA,433,NO,2,Febrero,Viernes,Día de semana,Verano
2025-02-28,EXPRESO LA PLATA BUENOS AIRES S.A.,BSAS_LINEA_518,SI,COLECTIVO,MUNICIPAL,BUENOS AIRES,LA PLATA,584,NO,2,Febrero,Viernes,Día de semana,Verano
2025-02-28,UNION PLATENSE SRL,BSAS_LINEA_520C,SI,COLECTIVO,MUNICIPAL,BUENOS AIRES,LA PLATA,10365,NO,2,Febrero,Viernes,Día de semana,Verano
2025-02-28,EMPRESA NUEVE DE JULIO S.A.T.,BSAS_LINEA_561B,SI,COLECTIVO,MUNICIPAL,BUENOS AIRES,LA PLATA,558,NO,2,Febrero,Viernes,Día de semana,Verano
2025-02-28,EMPRESA NUEVE DE JULIO S.A.T.,LINEA OESTE,SI,COLECTIVO,MUNICIPAL,BUENOS AIRES,LA PLATA,49055,NO,2,Febrero,Viernes,Día de semana,Verano
2025-02-28,FUERTE BARRAGAN S.A.T.I.C.I.,LINEA_506F_BSAS,SI,COLECTIVO,MUNICIPAL,BUENOS AIRES,LA PLATA,8861,NO,2,Febrero,Viernes,Día de semana,Verano
2025-02-28,UNION PLATENSE SRL,NORTE MUNICIPAL,SI,COLECTIVO,MUNICIPAL,BUENOS AIRES,LA PLATA,10251,NO,2,Febrero,Viernes,Día de semana,Verano
2025-03-01,UNION PLATENSE SRL,BSAS_LINEA_502_SUR,SI,COLECTIVO,MUNICIPAL,BUENOS AIRES,LA PLATA,4669,NO,3,Marzo,Sábado,Fin de semana,Verano
2025-03-01,MICROEXPRES S.A.,BSAS_LINEA_503_ESTE,SI,COLECTIVO,MUNICIPAL,BUENOS AIRES,LA PLATA,3719,NO,3,Marzo,Sábado,Fin de semana,Verano
2025-03-01,EXPRESO LA PLATA BUENOS AIRES S.A.,BSAS_LINEA_503E,SI,COLECTIVO,MUNICIPAL,BUENOS AIRES,LA PLATA,15091,NO,3,Marzo,Sábado,Fin de semana,Verano
2025-03-01,EMPRESA NUEVE DE JULIO S.A.T.,BSAS_LINEA_508C,SI,COLECTIVO,MUNICIPAL,BUENOS AIRES,LA PLATA,418,NO,3,Marzo,Sábado,Fin de semana,Verano
2025-03-01,EXPRESO LA PLATA BUENOS AIRES S.A.,BSAS_LINEA_518,SI,COLECTIVO,MUNICIPAL,BUENOS AIRES,LA PLATA,290,NO,3,Marzo,Sábado,Fin de semana,Verano
2025-03-01,UNION PLATENSE SRL,BSAS_LINEA_520C,SI,COLECTIVO,MUNICIPAL,BUENOS AIRES,LA PLATA,5536,NO,3,Marzo,Sábado,Fin de semana,Verano
2025-03-01,EMPRESA NUEVE DE JULIO S.A.T.,BSAS_LINEA_561B,SI,COLECTIVO,MUNICIPAL,BUENOS AIRES,LA PLATA,473,NO,3,Marzo,Sábado,Fin de semana,Verano
2025-03-01,EMPRESA NUEVE DE JULIO S.A.T.,LINEA OESTE,SI,COLECTIVO,MUNICIPAL,BUENOS AIRES,LA PLATA,28864,NO,3,Marzo,Sábado,Fin de semana,Verano
2025-03-01,FUERTE BARRAGAN S.A.T.I.C.I.,LINEA_506F_BSAS,SI,COLECTIVO,MUNICIPAL,BUENOS AIRES,LA PLATA,5130,NO,3,Marzo,Sábado,Fin de semana,Verano
2025-03-01,UNION PLATENSE SRL,NORTE MUNICIPAL,SI,COLECTIVO,MUNICIPAL,BUENOS AIRES,LA PLATA,4023,NO,3,Marzo,Sábado,Fin de semana,Verano
2025-03-02,UNION PLATENSE SRL,BSAS_LINEA_502_SUR,SI,COLECTIVO,MUNICIPAL,BUENOS AIRES,LA PLATA,972,NO,3,Marzo,Domingo,Fin de semana,Verano
2025-03-02,MICROEXPRES S.A.,BSAS_LINEA_503_ESTE,SI,COLECTIVO,MUNICIPAL,BUENOS AIRES,LA PLATA,1624,NO,3,Marzo,Domingo,Fin de semana,Verano
2025-03-02,EXPRESO LA PLATA BUENOS AIRES S.A.,BSAS_LINEA_503E,SI,COLECTIVO,MUNICIPAL,BUENOS AIRES,LA PLATA,7467,NO,3,Marzo,Domingo,Fin de semana,Verano
2025-03-02,EMPRESA NUEVE DE JULIO S.A.T.,BSAS_LINEA_508C,SI,COLECTIVO,MUNICIPAL,BUENOS AIRES,LA PLATA,255,NO,3,Marzo,Domingo,Fin de semana,Verano
2025-03-02,EXPRESO LA PLATA BUENOS AIRES S.A.,BSAS_LINEA_518,SI,COLECTIVO,MUNICIPAL,BUENOS AIRES,LA PLATA,106,NO,3,Marzo,Domingo,Fin de semana,Verano
2025-03-02,UNION PLATENSE SRL,BSAS_LINEA_520C,SI,COLECTIVO,MUNICIPAL,BUENOS AIRES,LA PLATA,1965,NO,3,Marzo,Domingo,Fin de semana,Verano
2025-03-02,EMPRESA NUEVE DE JULIO S.A.T.,BSAS_LINEA_561B,SI,COLECTIVO,MUNICIPAL,BUENOS AIRES,LA PLATA,239,NO,3,Marzo,Domingo,Fin de semana,Verano
2025-03-02,EMPRESA NUEVE DE JULIO S.A.T.,LINEA OESTE,SI,COLECTIVO,MUNICIPAL,BUENOS AIRES,LA PLATA,12320,NO,3,Marzo,Domingo,Fin de semana,Verano
2025-03-02,FUERTE BARRAGAN S.A.T.I.C.I.,LINEA_506F_BSAS,SI,COLECTIVO,MUNICIPAL,BUENOS AIRES,LA PLATA,2235,NO,3,Marzo,Domingo,Fin de semana,Verano
2025-03-02,UNION PLATENSE SRL,NORTE MUNICIPAL,SI,COLECTIVO,MUNICIPAL,BUENOS AIRES,LA PLATA,1425,NO,3,Marzo,Domingo,Fin de semana,Verano
2025-03-03,UNION PLATENSE SRL,BSAS_LINEA_502_SUR,SI,COLECTIVO,MUNICIPAL,BUENOS AIRES,LA PLATA,1233,NO,3,Marzo,Lunes,Día de semana,Verano
2025-03-03,MICROEXPRES S.A.,BSAS_LINEA_503_ESTE,SI,COLECTIVO,MUNICIPAL,BUENOS AIRES,LA PLATA,1458,NO,3,Marzo,Lunes,Día de semana,Verano
2025-03-03,EXPRESO LA PLATA BUENOS AIRES S.A.,BSAS_LINEA_503E,SI,COLECTIVO,MUNICIPAL,BUENOS AIRES,LA PLATA,6837,NO,3,Marzo,Lunes,Día de semana,Verano
2025-03-03,EMPRESA NUEVE DE JULIO S.A.T.,BSAS_LINEA_508C,SI,COLECTIVO,MUNICIPAL,BUENOS AIRES,LA PLATA,179,NO,3,Marzo,Lunes,Día de semana,Verano
2025-03-03,EXPRESO LA PLATA BUENOS AIRES S.A.,BSAS_LINEA_518,SI,COLECTIVO,MUNICIPAL,BUENOS AIRES,LA PLATA,94,NO,3,Marzo,Lunes,Día de semana,Verano
2025-03-03,UNION PLATENSE SRL,BSAS_LINEA_520C,SI,COLECTIVO,MUNICIPAL,BUENOS AIRES,LA PLATA,2266,NO,3,Marzo,Lunes,Día de semana,Verano
2025-03-03,EMPRESA NUEVE DE JULIO S.A.T.,BSAS_LINEA_561B,SI,COLECTIVO,MUNICIPAL,BUENOS AIRES,LA PLATA,218,NO,3,Marzo,Lunes,Día de semana,Verano
2025-03-03,EMPRESA NUEVE DE JULIO S.A.T.,LINEA OESTE,SI,COLECTIVO,MUNICIPAL,BUENOS AIRES,LA PLATA,13115,NO,3,Marzo,Lunes,Día de semana,Verano
2025-03-03,FUERTE BARRAGAN S.A.T.I.C.I.,LINEA_506F_BSAS,SI,COLECTIVO,MUNICIPAL,BUENOS AIRES,LA PLATA,2535,NO,3,Marzo,Lunes,Día de semana,Verano
2025-03-03,UNION PLATENSE SRL,NORTE MUNICIPAL,SI,COLECTIVO,MUNICIPAL,BUENOS AIRES,LA PLATA,1484,NO,3,Marzo,Lunes,Día de semana,Verano
2025-03-04,UNION PLATENSE SRL,BSAS_LINEA_502_SUR,SI,COLECTIVO,MUNICIPAL,BUENOS AIRES,LA PLATA,2109,NO,3,Marzo,Martes,Día de semana,Verano
2025-03-04,MICROEXPRES S.A.,BSAS_LINEA_503_ESTE,SI,COLECTIVO,MUNICIPAL,BUENOS AIRES,LA PLATA,2606,NO,3,Marzo,Martes,Día de semana,Verano
2025-03-04,EXPRESO LA PLATA BUENOS AIRES S.A.,BSAS_LINEA_503E,SI,COLECTIVO,MUNICIPAL,BUENOS AIRES,LA PLATA,10417,NO,3,Marzo,Martes,Día de semana,Verano
2025-03-04,EMPRESA NUEVE DE JULIO S.A.T.,BSAS_LINEA_508C,SI,COLECTIVO,MUNICIPAL,BUENOS AIRES,LA PLATA,286,NO,3,Marzo,Martes,Día de semana,Verano
2025-03-04,EXPRESO LA PLATA BUENOS AIRES S.A.,BSAS_LINEA_518,SI,COLECTIVO,MUNICIPAL,BUENOS AIRES,LA PLATA,131,NO,3,Marzo,Martes,Día de semana,Verano
2025-03-04,UNION PLATENSE SRL,BSAS_LINEA_520C,SI,COLECTIVO,MUNICIPAL,BUENOS AIRES,LA PLATA,3388,NO,3,Marzo,Martes,Día de semana,Verano
2025-03-04,EMPRESA NUEVE DE JULIO S.A.T.,BSAS_LINEA_561B,SI,COLECTIVO,MUNICIPAL,BUENOS AIRES,LA PLATA,362,NO,3,Marzo,Martes,Día de semana,Verano
2025-03-04,EMPRESA NUEVE DE JULIO S.A.T.,LINEA OESTE,SI,COLECTIVO,MUNICIPAL,BUENOS AIRES,LA PLATA,19806,NO,3,Marzo,Martes,Día de semana,Verano
2025-03-04,FUERTE BARRAGAN S.A.T.I.C.I.,LINEA_506F_BSAS,SI,COLECTIVO,MUNICIPAL,BUENOS AIRES,LA PLATA,3759,NO,3,Marzo,Martes,Día de semana,Verano
2025-03-04,UNION PLATENSE SRL,NORTE MUNICIPAL,SI,COLECTIVO,MUNICIPAL,BUENOS AIRES,LA PLATA,2349,NO,3,Marzo,Martes,Día de semana,Verano
2025-03-05,UNION PLATENSE SRL,BSAS_LINEA_502_SUR,SI,COLECTIVO,MUNICIPAL,BUENOS AIRES,LA PLATA,11856,NO,3,Marzo,Miércoles,Día de semana,Verano
2025-03-05,MICROEXPRES S.A.,BSAS_LINEA_503_ESTE,SI,COLECTIVO,MUNICIPAL,BUENOS AIRES,LA PLATA,7706,NO,3,Marzo,Miércoles,Día de semana,Verano
2025-03-05,EXPRESO LA PLATA BUENOS AIRES S.A.,BSAS_LINEA_503E,SI,COLECTIVO,MUNICIPAL,BUENOS AIRES,LA PLATA,29099,NO,3,Marzo,Miércoles,Día de semana,Verano
2025-03-05,EMPRESA NUEVE DE JULIO S.A.T.,BSAS_LINEA_508C,SI,COLECTIVO,MUNICIPAL,BUENOS AIRES,LA PLATA,1251,NO,3,Marzo,Miércoles,Día de semana,Verano
2025-03-05,EXPRESO LA PLATA BUENOS AIRES S.A.,BSAS_LINEA_518,SI,COLECTIVO,MUNICIPAL,BUENOS AIRES,LA PLATA,1044,NO,3,Marzo,Miércoles,Día de semana,Verano
2025-03-05,UNION PLATENSE SRL,BSAS_LINEA_520C,SI,COLECTIVO,MUNICIPAL,BUENOS AIRES,LA PLATA,12391,NO,3,Marzo,Miércoles,Día de semana,Verano
2025-03-05,EMPRESA NUEVE DE JULIO S.A.T.,BSAS_LINEA_561B,SI,COLECTIVO,MUNICIPAL,BUENOS AIRES,LA PLATA,1204,NO,3,Marzo,Miércoles,Día de semana,Verano
2025-03-05,EMPRESA NUEVE DE JULIO S.A.T.,LINEA OESTE,SI,COLECTIVO,MUNICIPAL,BUENOS AIRES,LA PLATA,59183,NO,3,Marzo,Miércoles,Día de semana,Verano
2025-03-05,FUERTE BARRAGAN S.A.T.I.C.I.,LINEA_506F_BSAS,SI,COLECTIVO,MUNICIPAL,BUENOS AIRES,LA PLATA,10942,NO,3,Marzo,Miércoles,Día de semana,Verano
2025-03-05,UNION PLATENSE SRL,NORTE MUNICIPAL,SI,COLECTIVO,MUNICIPAL,BUENOS AIRES,LA PLATA,11643,NO,3,Marzo,Miércoles,Día de semana,Verano
2025-03-06,UNION PLATENSE SRL,BSAS_LINEA_502_SUR,SI,COLECTIVO,MUNICIPAL,BUENOS AIRES,LA PLATA,12716,NO,3,Marzo,Jueves,Día de semana,Verano
2025-03-06,MICROEXPRES S.A.,BSAS_LINEA_503_ESTE,SI,COLECTIVO,MUNICIPAL,BUENOS AIRES,LA PLATA,7915,NO,3,Marzo,Jueves,Día de semana,Verano
2025-03-06,EXPRESO LA PLATA BUENOS AIRES S.A.,BSAS_LINEA_503E,SI,COLECTIVO,MUNICIPAL,BUENOS AIRES,LA PLATA,29493,NO,3,Marzo,Jueves,Día de semana,Verano
2025-03-06,EMPRESA NUEVE DE JULIO S.A.T.,BSAS_LINEA_508C,SI,COLECTIVO,MUNICIPAL,BUENOS AIRES,LA PLATA,949,NO,3,Marzo,Jueves,Día de semana,Verano
2025-03-06,EXPRESO LA PLATA BUENOS AIRES S.A.,BSAS_LINEA_518,SI,COLECTIVO,MUNICIPAL,BUENOS AIRES,LA PLATA,834,NO,3,Marzo,Jueves,Día de semana,Verano
2025-03-06,UNION PLATENSE SRL,BSAS_LINEA_520C,SI,COLECTIVO,MUNICIPAL,BUENOS AIRES,LA PLATA,12792,NO,3,Marzo,Jueves,Día de semana,Verano
2025-03-06,EMPRESA NUEVE DE JULIO S.A.T.,BSAS_LINEA_561B,SI,COLECTIVO,MUNICIPAL,BUENOS AIRES,LA PLATA,1341,NO,3,Marzo,Jueves,Día de semana,Verano
2025-03-06,EMPRESA NUEVE DE JULIO S.A.T.,LINEA OESTE,SI,COLECTIVO,MUNICIPAL,BUENOS AIRES,LA PLATA,59394,NO,3,Marzo,Jueves,Día de semana,Verano
2025-03-06,FUERTE BARRAGAN S.A.T.I.C.I.,LINEA_506F_BSAS,SI,COLECTIVO,MUNICIPAL,BUENOS AIRES,LA PLATA,11089,NO,3,Marzo,Jueves,Día de semana,Verano
2025-03-06,UNION PLATENSE SRL,NORTE MUNICIPAL,SI,COLECTIVO,MUNICIPAL,BUENOS AIRES,LA PLATA,11730,NO,3,Marzo,Jueves,Día de semana,Verano
2025-03-07,UNION PLATENSE SRL,BSAS_LINEA_502_SUR,SI,COLECTIVO,MUNICIPAL,BUENOS AIRES,LA PLATA,12121,NO,3,Marzo,Viernes,Día de semana,Verano
2025-03-07,MICROEXPRES S.A.,BSAS_LINEA_503_ESTE,SI,COLECTIVO,MUNICIPAL,BUENOS AIRES,LA PLATA,8001,NO,3,Marzo,Viernes,Día de semana,Verano
2025-03-07,EXPRESO LA PLATA BUENOS AIRES S.A.,BSAS_LINEA_503E,SI,COLECTIVO,MUNICIPAL,BUENOS AIRES,LA PLATA,29474,NO,3,Marzo,Viernes,Día de semana,Verano
2025-03-07,EMPRESA NUEVE DE JULIO S.A.T.,BSAS_LINEA_508C,SI,COLECTIVO,MUNICIPAL,BUENOS AIRES,LA PLATA,1009,NO,3,Marzo,Viernes,Día de semana,Verano
2025-03-07,EXPRESO LA PLATA BUENOS AIRES S.A.,BSAS_LINEA_518,SI,COLECTIVO,MUNICIPAL,BUENOS AIRES,LA PLATA,829,NO,3,Marzo,Viernes,Día de semana,Verano
2025-03-07,UNION PLATENSE SRL,BSAS_LINEA_520C,SI,COLECTIVO,MUNICIPAL,BUENOS AIRES,LA PLATA,12882,NO,3,Marzo,Viernes,Día de semana,Verano
2025-03-07,EMPRESA NUEVE DE JULIO S.A.T.,BSAS_LINEA_561B,SI,COLECTIVO,MUNICIPAL,BUENOS AIRES,LA PLATA,1446,NO,3,Marzo,Viernes,Día de semana,Verano
2025-03-07,EMPRESA NUEVE DE JULIO S.A.T.,LINEA OESTE,SI,COLECTIVO,MUNICIPAL,BUENOS AIRES,LA PLATA,60141,NO,3,Marzo,Viernes,Día de semana,Verano
2025-03-07,FUERTE BARRAGAN S.A.T.I.C.I.,LINEA_506F_BSAS,SI,COLECTIVO,MUNICIPAL,BUENOS AIRES,LA PLATA,11303,NO,3,Marzo,Viernes,Día de semana,Verano
2025-03-07,UNION PLATENSE SRL,NORTE MUNICIPAL,SI,COLECTIVO,MUNICIPAL,BUENOS AIRES,LA PLATA,11056,NO,3,Marzo,Viernes,Día de semana,Verano
2025-03-08,UNION PLATENSE SRL,BSAS_LINEA_502_SUR,SI,COLECTIVO,MUNICIPAL,BUENOS AIRES,LA PLATA,3911,NO,3,Marzo,Sábado,Fin de semana,Verano
2025-03-08,MICROEXPRES S.A.,BSAS_LINEA_503_ESTE,SI,COLECTIVO,MUNICIPAL,BUENOS AIRES,LA PLATA,3049,NO,3,Marzo,Sábado,Fin de semana,Verano
2025-03-08,EXPRESO LA PLATA BUENOS AIRES S.A.,BSAS_LINEA_503E,SI,COLECTIVO,MUNICIPAL,BUENOS AIRES,LA PLATA,13535,NO,3,Marzo,Sábado,Fin de semana,Verano
2025-03-08,EMPRESA NUEVE DE JULIO S.A.T.,BSAS_LINEA_508C,SI,COLECTIVO,MUNICIPAL,BUENOS AIRES,LA PLATA,342,NO,3,Marzo,Sábado,Fin de semana,Verano
2025-03-08,EXPRESO LA PLATA BUENOS AIRES S.A.,BSAS_LINEA_518,SI,COLECTIVO,MUNICIPAL,BUENOS AIRES,LA PLATA,298,NO,3,Marzo,Sábado,Fin de semana,Verano
2025-03-08,UNION PLATENSE SRL,BSAS_LINEA_520C,SI,COLECTIVO,MUNICIPAL,BUENOS AIRES,LA PLATA,5326,NO,3,Marzo,Sábado,Fin de semana,Verano
2025-03-08,EMPRESA NUEVE DE JULIO S.A.T.,BSAS_LINEA_561B,SI,COLECTIVO,MUNICIPAL,BUENOS AIRES,LA PLATA,390,NO,3,Marzo,Sábado,Fin de semana,Verano
2025-03-08,EMPRESA NUEVE DE JULIO S.A.T.,LINEA OESTE,SI,COLECTIVO,MUNICIPAL,BUENOS AIRES,LA PLATA,24223,NO,3,Marzo,Sábado,Fin de semana,Verano
2025-03-08,FUERTE BARRAGAN S.A.T.I.C.I.,LINEA_506F_BSAS,SI,COLECTIVO,MUNICIPAL,BUENOS AIRES,LA PLATA,4267,NO,3,Marzo,Sábado,Fin de semana,Verano
2025-03-08,UNION PLATENSE SRL,NORTE MUNICIPAL,SI,COLECTIVO,MUNICIPAL,BUENOS AIRES,LA PLATA,3510,NO,3,Marzo,Sábado,Fin de semana,Verano
2025-03-09,UNION PLATENSE SRL,BSAS_LINEA_502_SUR,SI,COLECTIVO,MUNICIPAL,BUENOS AIRES,LA PLATA,1400,NO,3,Marzo,Domingo,Fin de semana,Verano
2025-03-09,MICROEXPRES S.A.,BSAS_LINEA_503_ESTE,SI,COLECTIVO,MUNICIPAL,BUENOS AIRES,LA PLATA,2266,NO,3,Marzo,Domingo,Fin de semana,Verano
2025-03-09,EXPRESO LA PLATA BUENOS AIRES S.A.,BSAS_LINEA_503E,SI,COLECTIVO,MUNICIPAL,BUENOS AIRES,LA PLATA,10410,NO,3,Marzo,Domingo,Fin de semana,Verano
2025-03-09,EMPRESA NUEVE DE JULIO S.A.T.,BSAS_LINEA_508C,SI,COLECTIVO,MUNICIPAL,BUENOS AIRES,LA PLATA,243,NO,3,Marzo,Domingo,Fin de semana,Verano
2025-03-09,EXPRESO LA PLATA BUENOS AIRES S.A.,BSAS_LINEA_518,SI,COLECTIVO,MUNICIPAL,BUENOS AIRES,LA PLATA,26,NO,3,Marzo,Domingo,Fin de semana,Verano
2025-03-09,UNION PLATENSE SRL,BSAS_LINEA_520C,SI,COLECTIVO,MUNICIPAL,BUENOS AIRES,LA PLATA,2606,NO,3,Marzo,Domingo,Fin de semana,Verano
2025-03-09,EMPRESA NUEVE DE JULIO S.A.T.,BSAS_LINEA_561B,SI,COLECTIVO,MUNICIPAL,BUENOS AIRES,LA PLATA,329,NO,3,Marzo,Domingo,Fin de semana,Verano
2025-03-09,EMPRESA NUEVE DE JULIO S.A.T.,LINEA OESTE,SI,COLECTIVO,MUNICIPAL,BUENOS AIRES,LA PLATA,18611,NO,3,Marzo,Domingo,Fin de semana,Verano
2025-03-09,FUERTE BARRAGAN S.A.T.I.C.I.,LINEA_506F_BSAS,SI,COLECTIVO,MUNICIPAL,BUENOS AIRES,LA PLATA,3651,NO,3,Marzo,Domingo,Fin de semana,Verano
2025-03-09,UNION PLATENSE SRL,NORTE MUNICIPAL,SI,COLECTIVO,MUNICIPAL,BUENOS AIRES,LA PLATA,2144,NO,3,Marzo,Domingo,Fin de semana,Verano
2025-03-10,UNION PLATENSE SRL,BSAS_LINEA_502_SUR,SI,COLECTIVO,MUNICIPAL,BUENOS AIRES,LA PLATA,14733,NO,3,Marzo,Lunes,Día de semana,Verano
2025-03-10,MICROEXPRES S.A.,BSAS_LINEA_503_ESTE,SI,COLECTIVO,MUNICIPAL,BUENOS AIRES,LA PLATA,9194,NO,3,Marzo,Lunes,Día de semana,Verano
2025-03-10,EXPRESO LA PLATA BUENOS AIRES S.A.,BSAS_LINEA_503E,SI,COLECTIVO,MUNICIPAL,BUENOS AIRES,LA PLATA,34336,NO,3,Marzo,Lunes,Día de semana,Verano
2025-03-10,EMPRESA NUEVE DE JULIO S.A.T.,BSAS_LINEA_508C,SI,COLECTIVO,MUNICIPAL,BUENOS AIRES,LA PLATA,1238,NO,3,Marzo,Lunes,Día de semana,Verano
2025-03-10,EXPRESO LA PLATA BUENOS AIRES S.A.,BSAS_LINEA_518,SI,COLECTIVO,MUNICIPAL,BUENOS AIRES,LA PLATA,1059,NO,3,Marzo,Lunes,Día de semana,Verano
2025-03-10,UNION PLATENSE SRL,BSAS_LINEA_520C,SI,COLECTIVO,MUNICIPAL,BUENOS AIRES,LA PLATA,15630,NO,3,Marzo,Lunes,Día de semana,Verano
2025-03-10,EMPRESA NUEVE DE JULIO S.A.T.,BSAS_LINEA_561B,SI,COLECTIVO,MUNICIPAL,BUENOS AIRES,LA PLATA,1400,NO,3,Marzo,Lunes,Día de semana,Verano
2025-03-10,EMPRESA NUEVE DE JULIO S.A.T.,LINEA OESTE,SI,COLECTIVO,MUNICIPAL,BUENOS AIRES,LA PLATA,71573,NO,3,Marzo,Lunes,Día de semana,Verano
2025-03-10,FUERTE BARRAGAN S.A.T.I.C.I.,LINEA_506F_BSAS,SI,COLECTIVO,MUNICIPAL,BUENOS AIRES,LA PLATA,13208,NO,3,Marzo,Lunes,Día de semana,Verano
2025-03-10,UNION PLATENSE SRL,NORTE MUNICIPAL,SI,COLECTIVO,MUNICIPAL,BUENOS AIRES,LA PLATA,14023,NO,3,Marzo,Lunes,Día de semana,Verano
2025-03-11,UNION PLATENSE SRL,BSAS_LINEA_502_SUR,SI,COLECTIVO,MUNICIPAL,BUENOS AIRES,LA PLATA,14806,NO,3,Marzo,Martes,Día de semana,Verano
2025-03-11,MICROEXPRES S.A.,BSAS_LINEA_503_ESTE,SI,COLECTIVO,MUNICIPAL,BUENOS AIRES,LA PLATA,9515,NO,3,Marzo,Martes,Día de semana,Verano
2025-03-11,EXPRESO LA PLATA BUENOS AIRES S.A.,BSAS_LINEA_503E,SI,COLECTIVO,MUNICIPAL,BUENOS AIRES,LA PLATA,34346,NO,3,Marzo,Martes,Día de semana,Verano
2025-03-11,EMPRESA NUEVE DE JULIO S.A.T.,BSAS_LINEA_508C,SI,COLECTIVO,MUNICIPAL,BUENOS AIRES,LA PLATA,1207,NO,3,Marzo,Martes,Día de semana,Verano
2025-03-11,EXPRESO LA PLATA BUENOS AIRES S.A.,BSAS_LINEA_518,SI,COLECTIVO,MUNICIPAL,BUENOS AIRES,LA PLATA,931,NO,3,Marzo,Martes,Día de semana,Verano
2025-03-11,UNION PLATENSE SRL,BSAS_LINEA_520C,SI,COLECTIVO,MUNICIPAL,BUENOS AIRES,LA PLATA,15277,NO,3,Marzo,Martes,Día de semana,Verano
2025-03-11,EMPRESA NUEVE DE JULIO S.A.T.,BSAS_LINEA_561B,SI,COLECTIVO,MUNICIPAL,BUENOS AIRES,LA PLATA,1509,NO,3,Marzo,Martes,Día de semana,Verano
2025-03-11,EMPRESA NUEVE DE JULIO S.A.T.,LINEA OESTE,SI,COLECTIVO,MUNICIPAL,BUENOS AIRES,LA PLATA,70345,NO,3,Marzo,Martes,Día de semana,Verano
2025-03-11,FUERTE BARRAGAN S.A.T.I.C.I.,LINEA_506F_BSAS,SI,COLECTIVO,MUNICIPAL,BUENOS AIRES,LA PLATA,13117,NO,3,Marzo,Martes,Día de semana,Verano
2025-03-11,UNION PLATENSE SRL,NORTE MUNICIPAL,SI,COLECTIVO,MUNICIPAL,BUENOS AIRES,LA PLATA,13861,NO,3,Marzo,Martes,Día de semana,Verano
2025-03-12,UNION PLATENSE SRL,BSAS_LINEA_502_SUR,SI,COLECTIVO,MUNICIPAL,BUENOS AIRES,LA PLATA,14771,NO,3,Marzo,Miércoles,Día de semana,Verano
2025-03-12,MICROEXPRES S.A.,BSAS_LINEA_503_ESTE,SI,COLECTIVO,MUNICIPAL,BUENOS AIRES,LA PLATA,9540,NO,3,Marzo,Miércoles,Día de semana,Verano
2025-03-12,EXPRESO LA PLATA BUENOS AIRES S.A.,BSAS_LINEA_503E,SI,COLECTIVO,MUNICIPAL,BUENOS AIRES,LA PLATA,35198,NO,3,Marzo,Miércoles,Día de semana,Verano
2025-03-12,EMPRESA NUEVE DE JULIO S.A.T.,BSAS_LINEA_508C,SI,COLECTIVO,MUNICIPAL,BUENOS AIRES,LA PLATA,1241,NO,3,Marzo,Miércoles,Día de semana,Verano
2025-03-12,EXPRESO LA PLATA BUENOS AIRES S.A.,BSAS_LINEA_518,SI,COLECTIVO,MUNICIPAL,BUENOS AIRES,LA PLATA,1118,NO,3,Marzo,Miércoles,Día de semana,Verano
2025-03-12,UNION PLATENSE SRL,BSAS_LINEA_520C,SI,COLECTIVO,MUNICIPAL,BUENOS AIRES,LA PLATA,16057,NO,3,Marzo,Miércoles,Día de semana,Verano
2025-03-12,EMPRESA NUEVE DE JULIO S.A.T.,BSAS_LINEA_561B,SI,COLECTIVO,MUNICIPAL,BUENOS AIRES,LA PLATA,1578,NO,3,Marzo,Miércoles,Día de semana,Verano
2025-03-12,EMPRESA NUEVE DE JULIO S.A.T.,LINEA OESTE,SI,COLECTIVO,MUNICIPAL,BUENOS AIRES,LA PLATA,72400,NO,3,Marzo,Miércoles,Día de semana,Verano
2025-03-12,FUERTE BARRAGAN S.A.T.I.C.I.,LINEA_506F_BSAS,SI,COLECTIVO,MUNICIPAL,BUENOS AIRES,LA PLATA,13316,NO,3,Marzo,Miércoles,Día de semana,Verano
2025-03-12,UNION PLATENSE SRL,NORTE MUNICIPAL,SI,COLECTIVO,MUNICIPAL,BUENOS AIRES,LA PLATA,13891,NO,3,Marzo,Miércoles,Día de semana,Verano
2025-03-13,UNION PLATENSE SRL,BSAS_LINEA_502_SUR,SI,COLECTIVO,MUNICIPAL,BUENOS AIRES,LA PLATA,15358,NO,3,Marzo,Jueves,Día de semana,Verano
2025-03-13,MICROEXPRES S.A.,BSAS_LINEA_503_ESTE,SI,COLECTIVO,MUNICIPAL,BUENOS AIRES,LA PLATA,9111,NO,3,Marzo,Jueves,Día de semana,Verano
2025-03-13,EXPRESO LA PLATA BUENOS AIRES S.A.,BSAS_LINEA_503E,SI,COLECTIVO,MUNICIPAL,BUENOS AIRES,LA PLATA,35189,NO,3,Marzo,Jueves,Día de semana,Verano
2025-03-13,EMPRESA NUEVE DE JULIO S.A.T.,BSAS_LINEA_508C,SI,COLECTIVO,MUNICIPAL,BUENOS AIRES,LA PLATA,1293,NO,3,Marzo,Jueves,Día de semana,Verano
2025-03-13,EXPRESO LA PLATA BUENOS AIRES S.A.,BSAS_LINEA_518,SI,COLECTIVO,MUNICIPAL,BUENOS AIRES,LA PLATA,1048,NO,3,Marzo,Jueves,Día de semana,Verano
2025-03-13,UNION PLATENSE SRL,BSAS_LINEA_520C,SI,COLECTIVO,MUNICIPAL,BUENOS AIRES,LA PLATA,15647,NO,3,Marzo,Jueves,Día de semana,Verano
2025-03-13,EMPRESA NUEVE DE JULIO S.A.T.,BSAS_LINEA_561B,SI,COLECTIVO,MUNICIPAL,BUENOS AIRES,LA PLATA,1602,NO,3,Marzo,Jueves,Día de semana,Verano
2025-03-13,EMPRESA NUEVE DE JULIO S.A.T.,LINEA OESTE,SI,COLECTIVO,MUNICIPAL,BUENOS AIRES,LA PLATA,74145,NO,3,Marzo,Jueves,Día de semana,Verano
2025-03-13,FUERTE BARRAGAN S.A.T.I.C.I.,LINEA_506F_BSAS,SI,COLECTIVO,MUNICIPAL,BUENOS AIRES,LA PLATA,13486,NO,3,Marzo,Jueves,Día de semana,Verano
2025-03-13,UNION PLATENSE SRL,NORTE MUNICIPAL,SI,COLECTIVO,MUNICIPAL,BUENOS AIRES,LA PLATA,13549,NO,3,Marzo,Jueves,Día de semana,Verano
2025-03-14,UNION PLATENSE SRL,BSAS_LINEA_502_SUR,SI,COLECTIVO,MUNICIPAL,BUENOS AIRES,LA PLATA,14099,NO,3,Marzo,Viernes,Día de semana,Verano
2025-03-14,MICROEXPRES S.A.,BSAS_LINEA_503_ESTE,SI,COLECTIVO,MUNICIPAL,BUENOS AIRES,LA PLATA,8799,NO,3,Marzo,Viernes,Día de semana,Verano
2025-03-14,EXPRESO LA PLATA BUENOS AIRES S.A.,BSAS_LINEA_503E,SI,COLECTIVO,MUNICIPAL,BUENOS AIRES,LA PLATA,33399,NO,3,Marzo,Viernes,Día de semana,Verano
2025-03-14,EMPRESA NUEVE DE JULIO S.A.T.,BSAS_LINEA_508C,SI,COLECTIVO,MUNICIPAL,BUENOS AIRES,LA PLATA,1283,NO,3,Marzo,Viernes,Día de semana,Verano
2025-03-14,EXPRESO LA PLATA BUENOS AIRES S.A.,BSAS_LINEA_518,SI,COLECTIVO,MUNICIPAL,BUENOS AIRES,LA PLATA,1106,NO,3,Marzo,Viernes,Día de semana,Verano
2025-03-14,UNION PLATENSE SRL,BSAS_LINEA_520C,SI,COLECTIVO,MUNICIPAL,BUENOS AIRES,LA PLATA,15106,NO,3,Marzo,Viernes,Día de semana,Verano
2025-03-14,EMPRESA NUEVE DE JULIO S.A.T.,BSAS_LINEA_561B,SI,COLECTIVO,MUNICIPAL,BUENOS AIRES,LA PLATA,1417,NO,3,Marzo,Viernes,Día de semana,Verano
2025-03-14,EMPRESA NUEVE DE JULIO S.A.T.,LINEA OESTE,SI,COLECTIVO,MUNICIPAL,BUENOS AIRES,LA PLATA,64643,NO,3,Marzo,Viernes,Día de semana,Verano
2025-03-14,FUERTE BARRAGAN S.A.T.I.C.I.,LINEA_506F_BSAS,SI,COLECTIVO,MUNICIPAL,BUENOS AIRES,LA PLATA,13105,NO,3,Marzo,Viernes,Día de semana,Verano
2025-03-14,UNION PLATENSE SRL,NORTE MUNICIPAL,SI,COLECTIVO,MUNICIPAL,BUENOS AIRES,LA PLATA,13001,NO,3,Marzo,Viernes,Día de semana,Verano
2025-03-15,UNION PLATENSE SRL,BSAS_LINEA_502_SUR,SI,COLECTIVO,MUNICIPAL,BUENOS AIRES,LA PLATA,5060,NO,3,Marzo,Sábado,Fin de semana,Verano
2025-03-15,MICROEXPRES S.A.,BSAS_LINEA_503_ESTE,SI,COLECTIVO,MUNICIPAL,BUENOS AIRES,LA PLATA,4429,NO,3,Marzo,Sábado,Fin de semana,Verano
2025-03-15,EXPRESO LA PLATA BUENOS AIRES S.A.,BSAS_LINEA_503E,SI,COLECTIVO,MUNICIPAL,BUENOS AIRES,LA PLATA,18142,NO,3,Marzo,Sábado,Fin de semana,Verano
2025-03-15,EMPRESA NUEVE DE JULIO S.A.T.,BSAS_LINEA_508C,SI,COLECTIVO,MUNICIPAL,BUENOS AIRES,LA PLATA,402,NO,3,Marzo,Sábado,Fin de semana,Verano
2025-03-15,EXPRESO LA PLATA BUENOS AIRES S.A.,BSAS_LINEA_518,SI,COLECTIVO,MUNICIPAL,BUENOS AIRES,LA PLATA,415,NO,3,Marzo,Sábado,Fin de semana,Verano
2025-03-15,UNION PLATENSE SRL,BSAS_LINEA_520C,SI,COLECTIVO,MUNICIPAL,BUENOS AIRES,LA PLATA,6201,NO,3,Marzo,Sábado,Fin de semana,Verano
2025-03-15,EMPRESA NUEVE DE JULIO S.A.T.,BSAS_LINEA_561B,SI,COLECTIVO,MUNICIPAL,BUENOS AIRES,LA PLATA,475,NO,3,Marzo,Sábado,Fin de semana,Verano
2025-03-15,EMPRESA NUEVE DE JULIO S.A.T.,LINEA OESTE,SI,COLECTIVO,MUNICIPAL,BUENOS AIRES,LA PLATA,33654,NO,3,Marzo,Sábado,Fin de semana,Verano
2025-03-15,FUERTE BARRAGAN S.A.T.I.C.I.,LINEA_506F_BSAS,SI,COLECTIVO,MUNICIPAL,BUENOS AIRES,LA PLATA,6225,NO,3,Marzo,Sábado,Fin de semana,Verano
2025-03-15,UNION PLATENSE SRL,NORTE MUNICIPAL,SI,COLECTIVO,MUNICIPAL,BUENOS AIRES,LA PLATA,4619,NO,3,Marzo,Sábado,Fin de semana,Verano
2025-03-16,UNION PLATENSE SRL,BSAS_LINEA_502_SUR,SI,COLECTIVO,MUNICIPAL,BUENOS AIRES,LA PLATA,1509,NO,3,Marzo,Domingo,Fin de semana,Verano
2025-03-16,MICROEXPRES S.A.,BSAS_LINEA_503_ESTE,SI,COLECTIVO,MUNICIPAL,BUENOS AIRES,LA PLATA,3036,NO,3,Marzo,Domingo,Fin de semana,Verano
2025-03-16,EXPRESO LA PLATA BUENOS AIRES S.A.,BSAS_LINEA_503E,SI,COLECTIVO,MUNICIPAL,BUENOS AIRES,LA PLATA,10805,NO,3,Marzo,Domingo,Fin de semana,Verano
2025-03-16,EMPRESA NUEVE DE JULIO S.A.T.,BSAS_LINEA_508C,SI,COLECTIVO,MUNICIPAL,BUENOS AIRES,LA PLATA,261,NO,3,Marzo,Domingo,Fin de semana,Verano
2025-03-16,UNION PLATENSE SRL,BSAS_LINEA_520C,SI,COLECTIVO,MUNICIPAL,BUENOS AIRES,LA PLATA,2906,NO,3,Marzo,Domingo,Fin de semana,Verano
2025-03-16,EMPRESA NUEVE DE JULIO S.A.T.,BSAS_LINEA_561B,SI,COLECTIVO,MUNICIPAL,BUENOS AIRES,LA PLATA,389,NO,3,Marzo,Domingo,Fin de semana,Verano
2025-03-16,EMPRESA NUEVE DE JULIO S.A.T.,LINEA OESTE,SI,COLECTIVO,MUNICIPAL,BUENOS AIRES,LA PLATA,18314,NO,3,Marzo,Domingo,Fin de semana,Verano
2025-03-16,FUERTE BARRAGAN S.A.T.I.C.I.,LINEA_506F_BSAS,SI,COLECTIVO,MUNICIPAL,BUENOS AIRES,LA PLATA,3772,NO,3,Marzo,Domingo,Fin de semana,Verano
2025-03-16,UNION PLATENSE SRL,NORTE MUNICIPAL,SI,COLECTIVO,MUNICIPAL,BUENOS AIRES,LA PLATA,2228,NO,3,Marzo,Domingo,Fin de semana,Verano
2025-03-17,UNION PLATENSE SRL,BSAS_LINEA_502_SUR,SI,COLECTIVO,MUNICIPAL,BUENOS AIRES,LA PLATA,15200,NO,3,Marzo,Lunes,Día de semana,Verano
2025-03-17,MICROEXPRES S.A.,BSAS_LINEA_503_ESTE,SI,COLECTIVO,MUNICIPAL,BUENOS AIRES,LA PLATA,9207,NO,3,Marzo,Lunes,Día de semana,Verano
2025-03-17,EXPRESO LA PLATA BUENOS AIRES S.A.,BSAS_LINEA_503E,SI,COLECTIVO,MUNICIPAL,BUENOS AIRES,LA PLATA,36024,NO,3,Marzo,Lunes,Día de semana,Verano
2025-03-17,EMPRESA NUEVE DE JULIO S.A.T.,BSAS_LINEA_508C,SI,COLECTIVO,MUNICIPAL,BUENOS AIRES,LA PLATA,1215,NO,3,Marzo,Lunes,Día de semana,Verano
2025-03-17,EXPRESO LA PLATA BUENOS AIRES S.A.,BSAS_LINEA_518,SI,COLECTIVO,MUNICIPAL,BUENOS AIRES,LA PLATA,976,NO,3,Marzo,Lunes,Día de semana,Verano
2025-03-17,UNION PLATENSE SRL,BSAS_LINEA_520C,SI,COLECTIVO,MUNICIPAL,BUENOS AIRES,LA PLATA,15870,NO,3,Marzo,Lunes,Día de semana,Verano
2025-03-17,EMPRESA NUEVE DE JULIO S.A.T.,BSAS_LINEA_561B,SI,COLECTIVO,MUNICIPAL,BUENOS AIRES,LA PLATA,1674,NO,3,Marzo,Lunes,Día de semana,Verano
2025-03-17,EMPRESA NUEVE DE JULIO S.A.T.,LINEA OESTE,SI,COLECTIVO,MUNICIPAL,BUENOS AIRES,LA PLATA,73476,NO,3,Marzo,Lunes,Día de semana,Verano
2025-03-17,FUERTE BARRAGAN S.A.T.I.C.I.,LINEA_506F_BSAS,SI,COLECTIVO,MUNICIPAL,BUENOS AIRES,LA PLATA,13421,NO,3,Marzo,Lunes,Día de semana,Verano
2025-03-17,UNION PLATENSE SRL,NORTE MUNICIPAL,SI,COLECTIVO,MUNICIPAL,BUENOS AIRES,LA PLATA,13373,NO,3,Marzo,Lunes,Día de semana,Verano
2025-03-18,UNION PLATENSE SRL,BSAS_LINEA_502_SUR,SI,COLECTIVO,MUNICIPAL,BUENOS AIRES,LA PLATA,14991,NO,3,Marzo,Martes,Día de semana,Verano
2025-03-18,MICROEXPRES S.A.,BSAS_LINEA_503_ESTE,SI,COLECTIVO,MUNICIPAL,BUENOS AIRES,LA PLATA,9177,NO,3,Marzo,Martes,Día de semana,Verano
2025-03-18,EXPRESO LA PLATA BUENOS AIRES S.A.,BSAS_LINEA_503E,SI,COLECTIVO,MUNICIPAL,BUENOS AIRES,LA PLATA,35356,NO,3,Marzo,Martes,Día de semana,Verano
2025-03-18,EMPRESA NUEVE DE JULIO S.A.T.,BSAS_LINEA_508C,SI,COLECTIVO,MUNICIPAL,BUENOS AIRES,LA PLATA,1107,NO,3,Marzo,Martes,Día de semana,Verano
2025-03-18,EXPRESO LA PLATA BUENOS AIRES S.A.,BSAS_LINEA_518,SI,COLECTIVO,MUNICIPAL,BUENOS AIRES,LA PLATA,919,NO,3,Marzo,Martes,Día de semana,Verano
2025-03-18,UNION PLATENSE SRL,BSAS_LINEA_520C,SI,COLECTIVO,MUNICIPAL,BUENOS AIRES,LA PLATA,16048,NO,3,Marzo,Martes,Día de semana,Verano
2025-03-18,EMPRESA NUEVE DE JULIO S.A.T.,BSAS_LINEA_561B,SI,COLECTIVO,MUNICIPAL,BUENOS AIRES,LA PLATA,1587,NO,3,Marzo,Martes,Día de semana,Verano
2025-03-18,EMPRESA NUEVE DE JULIO S.A.T.,LINEA OESTE,SI,COLECTIVO,MUNICIPAL,BUENOS AIRES,LA PLATA,74024,NO,3,Marzo,Martes,Día de semana,Verano
2025-03-18,FUERTE BARRAGAN S.A.T.I.C.I.,LINEA_506F_BSAS,SI,COLECTIVO,MUNICIPAL,BUENOS AIRES,LA PLATA,13594,NO,3,Marzo,Martes,Día de semana,Verano
2025-03-18,UNION PLATENSE SRL,NORTE MUNICIPAL,SI,COLECTIVO,MUNICIPAL,BUENOS AIRES,LA PLATA,13950,NO,3,Marzo,Martes,Día de semana,Verano
2025-03-19,UNION PLATENSE SRL,BSAS_LINEA_502_SUR,SI,COLECTIVO,MUNICIPAL,BUENOS AIRES,LA PLATA,15977,NO,3,Marzo,Miércoles,Día de semana,Verano
2025-03-19,MICROEXPRES S.A.,BSAS_LINEA_503_ESTE,SI,COLECTIVO,MUNICIPAL,BUENOS AIRES,LA PLATA,9648,NO,3,Marzo,Miércoles,Día de semana,Verano
2025-03-19,EXPRESO LA PLATA BUENOS AIRES S.A.,BSAS_LINEA_503E,SI,COLECTIVO,MUNICIPAL,BUENOS AIRES,LA PLATA,37491,NO,3,Marzo,Miércoles,Día de semana,Verano
2025-03-19,EMPRESA NUEVE DE JULIO S.A.T.,BSAS_LINEA_508C,SI,COLECTIVO,MUNICIPAL,BUENOS AIRES,LA PLATA,1385,NO,3,Marzo,Miércoles,Día de semana,Verano
2025-03-19,EXPRESO LA PLATA BUENOS AIRES S.A.,BSAS_LINEA_518,SI,COLECTIVO,MUNICIPAL,BUENOS AIRES,LA PLATA,1059,NO,3,Marzo,Miércoles,Día de semana,Verano
2025-03-19,UNION PLATENSE SRL,BSAS_LINEA_520C,SI,COLECTIVO,MUNICIPAL,BUENOS AIRES,LA PLATA,15982,NO,3,Marzo,Miércoles,Día de semana,Verano
2025-03-19,EMPRESA NUEVE DE JULIO S.A.T.,BSAS_LINEA_561B,SI,COLECTIVO,MUNICIPAL,BUENOS AIRES,LA PLATA,1659,NO,3,Marzo,Miércoles,Día de semana,Verano
2025-03-19,EMPRESA NUEVE DE JULIO S.A.T.,LINEA OESTE,SI,COLECTIVO,MUNICIPAL,BUENOS AIRES,LA PLATA,77300,NO,3,Marzo,Miércoles,Día de semana,Verano
2025-03-19,FUERTE BARRAGAN S.A.T.I.C.I.,LINEA_506F_BSAS,SI,COLECTIVO,MUNICIPAL,BUENOS AIRES,LA PLATA,14084,NO,3,Marzo,Miércoles,Día de semana,Verano
2025-03-19,UNION PLATENSE SRL,NORTE MUNICIPAL,SI,COLECTIVO,MUNICIPAL,BUENOS AIRES,LA PLATA,14616,NO,3,Marzo,Miércoles,Día de semana,Verano
2025-03-20,UNION PLATENSE SRL,BSAS_LINEA_502_SUR,SI,COLECTIVO,MUNICIPAL,BUENOS AIRES,LA PLATA,15401,NO,3,Marzo,Jueves,Día de semana,Verano
2025-03-20,MICROEXPRES S.A.,BSAS_LINEA_503_ESTE,SI,COLECTIVO,MUNICIPAL,BUENOS AIRES,LA PLATA,10116,NO,3,Marzo,Jueves,Día de semana,Verano
2025-03-20,EXPRESO LA PLATA BUENOS AIRES S.A.,BSAS_LINEA_503E,SI,COLECTIVO,MUNICIPAL,BUENOS AIRES,LA PLATA,37305,NO,3,Marzo,Jueves,Día de semana,Verano
2025-03-20,EMPRESA NUEVE DE JULIO S.A.T.,BSAS_LINEA_508C,SI,COLECTIVO,MUNICIPAL,BUENOS AIRES,LA PLATA,1399,NO,3,Marzo,Jueves,Día de semana,Verano
2025-03-20,EXPRESO LA PLATA BUENOS AIRES S.A.,BSAS_LINEA_518,SI,COLECTIVO,MUNICIPAL,BUENOS AIRES,LA PLATA,991,NO,3,Marzo,Jueves,Día de semana,Verano
2025-03-20,UNION PLATENSE SRL,BSAS_LINEA_520C,SI,COLECTIVO,MUNICIPAL,BUENOS AIRES,LA PLATA,16016,NO,3,Marzo,Jueves,Día de semana,Verano
2025-03-20,EMPRESA NUEVE DE JULIO S.A.T.,BSAS_LINEA_561B,SI,COLECTIVO,MUNICIPAL,BUENOS AIRES,LA PLATA,1820,NO,3,Marzo,Jueves,Día de semana,Verano
2025-03-20,EMPRESA NUEVE DE JULIO S.A.T.,LINEA OESTE,SI,COLECTIVO,MUNICIPAL,BUENOS AIRES,LA PLATA,73700,NO,3,Marzo,Jueves,Día de semana,Verano
2025-03-20,FUERTE BARRAGAN S.A.T.I.C.I.,LINEA_506F_BSAS,SI,COLECTIVO,MUNICIPAL,BUENOS AIRES,LA PLATA,13929,NO,3,Marzo,Jueves,Día de semana,Verano
2025-03-20,UNION PLATENSE SRL,NORTE MUNICIPAL,SI,COLECTIVO,MUNICIPAL,BUENOS AIRES,LA PLATA,14402,NO,3,Marzo,Jueves,Día de semana,Verano
2025-03-21,UNION PLATENSE SRL,BSAS_LINEA_502_SUR,SI,COLECTIVO,MUNICIPAL,BUENOS AIRES,LA PLATA,14925,NO,3,Marzo,Viernes,Día de semana,Otoño
2025-03-21,MICROEXPRES S.A.,BSAS_LINEA_503_ESTE,SI,COLECTIVO,MUNICIPAL,BUENOS AIRES,LA PLATA,8999,NO,3,Marzo,Viernes,Día de semana,Otoño
2025-03-21,EXPRESO LA PLATA BUENOS AIRES S.A.,BSAS_LINEA_503E,SI,COLECTIVO,MUNICIPAL,BUENOS AIRES,LA PLATA,37148,NO,3,Marzo,Viernes,Día de semana,Otoño
2025-03-21,EMPRESA NUEVE DE JULIO S.A.T.,BSAS_LINEA_508C,SI,COLECTIVO,MUNICIPAL,BUENOS AIRES,LA PLATA,1352,NO,3,Marzo,Viernes,Día de semana,Otoño
2025-03-21,EXPRESO LA PLATA BUENOS AIRES S.A.,BSAS_LINEA_518,SI,COLECTIVO,MUNICIPAL,BUENOS AIRES,LA PLATA,942,NO,3,Marzo,Viernes,Día de semana,Otoño
2025-03-21,UNION PLATENSE SRL,BSAS_LINEA_520C,SI,COLECTIVO,MUNICIPAL,BUENOS AIRES,LA PLATA,16573,NO,3,Marzo,Viernes,Día de semana,Otoño
2025-03-21,EMPRESA NUEVE DE JULIO S.A.T.,BSAS_LINEA_561B,SI,COLECTIVO,MUNICIPAL,BUENOS AIRES,LA PLATA,1665,NO,3,Marzo,Viernes,Día de semana,Otoño
2025-03-21,EMPRESA NUEVE DE JULIO S.A.T.,LINEA OESTE,SI,COLECTIVO,MUNICIPAL,BUENOS AIRES,LA PLATA,75426,NO,3,Marzo,Viernes,Día de semana,Otoño
2025-03-21,FUERTE BARRAGAN S.A.T.I.C.I.,LINEA_506F_BSAS,SI,COLECTIVO,MUNICIPAL,BUENOS AIRES,LA PLATA,13450,NO,3,Marzo,Viernes,Día de semana,Otoño
2025-03-21,UNION PLATENSE SRL,NORTE MUNICIPAL,SI,COLECTIVO,MUNICIPAL,BUENOS AIRES,LA PLATA,14392,NO,3,Marzo,Viernes,Día de semana,Otoño
2025-03-22,UNION PLATENSE SRL,BSAS_LINEA_502_SUR,SI,COLECTIVO,MUNICIPAL,BUENOS AIRES,LA PLATA,5621,NO,3,Marzo,Sábado,Fin de semana,Otoño
2025-03-22,MICROEXPRES S.A.,BSAS_LINEA_503_ESTE,SI,COLECTIVO,MUNICIPAL,BUENOS AIRES,LA PLATA,4089,NO,3,Marzo,Sábado,Fin de semana,Otoño
2025-03-22,EXPRESO LA PLATA BUENOS AIRES S.A.,BSAS_LINEA_503E,SI,COLECTIVO,MUNICIPAL,BUENOS AIRES,LA PLATA,16543,NO,3,Marzo,Sábado,Fin de semana,Otoño
2025-03-22,EMPRESA NUEVE DE JULIO S.A.T.,BSAS_LINEA_508C,SI,COLECTIVO,MUNICIPAL,BUENOS AIRES,LA PLATA,402,NO,3,Marzo,Sábado,Fin de semana,Otoño
2025-03-22,EXPRESO LA PLATA BUENOS AIRES S.A.,BSAS_LINEA_518,SI,COLECTIVO,MUNICIPAL,BUENOS AIRES,LA PLATA,371,NO,3,Marzo,Sábado,Fin de semana,Otoño
2025-03-22,UNION PLATENSE SRL,BSAS_LINEA_520C,SI,COLECTIVO,MUNICIPAL,BUENOS AIRES,LA PLATA,5668,NO,3,Marzo,Sábado,Fin de semana,Otoño
2025-03-22,EMPRESA NUEVE DE JULIO S.A.T.,BSAS_LINEA_561B,SI,COLECTIVO,MUNICIPAL,BUENOS AIRES,LA PLATA,450,NO,3,Marzo,Sábado,Fin de semana,Otoño
2025-03-22,EMPRESA NUEVE DE JULIO S.A.T.,LINEA OESTE,SI,COLECTIVO,MUNICIPAL,BUENOS AIRES,LA PLATA,31329,NO,3,Marzo,Sábado,Fin de semana,Otoño
2025-03-22,FUERTE BARRAGAN S.A.T.I.C.I.,LINEA_506F_BSAS,SI,COLECTIVO,MUNICIPAL,BUENOS AIRES,LA PLATA,5321,NO,3,Marzo,Sábado,Fin de semana,Otoño
2025-03-22,UNION PLATENSE SRL,NORTE MUNICIPAL,SI,COLECTIVO,MUNICIPAL,BUENOS AIRES,LA PLATA,3897,NO,3,Marzo,Sábado,Fin de semana,Otoño
2025-03-23,UNION PLATENSE SRL,BSAS_LINEA_502_SUR,SI,COLECTIVO,MUNICIPAL,BUENOS AIRES,LA PLATA,1095,NO,3,Marzo,Domingo,Fin de semana,Otoño
2025-03-23,MICROEXPRES S.A.,BSAS_LINEA_503_ESTE,SI,COLECTIVO,MUNICIPAL,BUENOS AIRES,LA PLATA,1716,NO,3,Marzo,Domingo,Fin de semana,Otoño
2025-03-23,EXPRESO LA PLATA BUENOS AIRES S.A.,BSAS_LINEA_503E,SI,COLECTIVO,MUNICIPAL,BUENOS AIRES,LA PLATA,8592,NO,3,Marzo,Domingo,Fin de semana,Otoño
2025-03-23,EMPRESA NUEVE DE JULIO S.A.T.,BSAS_LINEA_508C,SI,COLECTIVO,MUNICIPAL,BUENOS AIRES,LA PLATA,211,NO,3,Marzo,Domingo,Fin de semana,Otoño
2025-03-23,UNION PLATENSE SRL,BSAS_LINEA_520C,SI,COLECTIVO,MUNICIPAL,BUENOS AIRES,LA PLATA,2240,NO,3,Marzo,Domingo,Fin de semana,Otoño
2025-03-23,EMPRESA NUEVE DE JULIO S.A.T.,BSAS_LINEA_561B,SI,COLECTIVO,MUNICIPAL,BUENOS AIRES,LA PLATA,228,NO,3,Marzo,Domingo,Fin de semana,Otoño
2025-03-23,EMPRESA NUEVE DE JULIO S.A.T.,LINEA OESTE,SI,COLECTIVO,MUNICIPAL,BUENOS AIRES,LA PLATA,14582,NO,3,Marzo,Domingo,Fin de semana,Otoño
2025-03-23,FUERTE BARRAGAN S.A.T.I.C.I.,LINEA_506F_BSAS,SI,COLECTIVO,MUNICIPAL,BUENOS AIRES,LA PLATA,2780,NO,3,Marzo,Domingo,Fin de semana,Otoño
2025-03-23,UNION PLATENSE SRL,NORTE MUNICIPAL,SI,COLECTIVO,MUNICIPAL,BUENOS AIRES,LA PLATA,1708,NO,3,Marzo,Domingo,Fin de semana,Otoño
2025-03-24,UNION PLATENSE SRL,BSAS_LINEA_502_SUR,SI,COLECTIVO,MUNICIPAL,BUENOS AIRES,LA PLATA,1456,NO,3,Marzo,Lunes,Día de semana,Otoño
2025-03-24,MICROEXPRES S.A.,BSAS_LINEA_503_ESTE,SI,COLECTIVO,MUNICIPAL,BUENOS AIRES,LA PLATA,2419,NO,3,Marzo,Lunes,Día de semana,Otoño
2025-03-24,EXPRESO LA PLATA BUENOS AIRES S.A.,BSAS_LINEA_503E,SI,COLECTIVO,MUNICIPAL,BUENOS AIRES,LA PLATA,10803,NO,3,Marzo,Lunes,Día de semana,Otoño
2025-03-24,EMPRESA NUEVE DE JULIO S.A.T.,BSAS_LINEA_508C,SI,COLECTIVO,MUNICIPAL,BUENOS AIRES,LA PLATA,354,NO,3,Marzo,Lunes,Día de semana,Otoño
2025-03-24,UNION PLATENSE SRL,BSAS_LINEA_520C,SI,COLECTIVO,MUNICIPAL,BUENOS AIRES,LA PLATA,3190,NO,3,Marzo,Lunes,Día de semana,Otoño
2025-03-24,EMPRESA NUEVE DE JULIO S.A.T.,BSAS_LINEA_561B,SI,COLECTIVO,MUNICIPAL,BUENOS AIRES,LA PLATA,434,NO,3,Marzo,Lunes,Día de semana,Otoño
2025-03-24,EMPRESA NUEVE DE JULIO S.A.T.,LINEA OESTE,SI,COLECTIVO,MUNICIPAL,BUENOS AIRES,LA PLATA,19630,NO,3,Marzo,Lunes,Día de semana,Otoño
2025-03-24,FUERTE BARRAGAN S.A.T.I.C.I.,LINEA_506F_BSAS,SI,COLECTIVO,MUNICIPAL,BUENOS AIRES,LA PLATA,3700,NO,3,Marzo,Lunes,Día de semana,Otoño
2025-03-24,UNION PLATENSE SRL,NORTE MUNICIPAL,SI,COLECTIVO,MUNICIPAL,BUENOS AIRES,LA PLATA,2396,NO,3,Marzo,Lunes,Día de semana,Otoño
2025-03-25,UNION PLATENSE SRL,BSAS_LINEA_502_SUR,SI,COLECTIVO,MUNICIPAL,BUENOS AIRES,LA PLATA,15801,NO,3,Marzo,Martes,Día de semana,Otoño
2025-03-25,MICROEXPRES S.A.,BSAS_LINEA_503_ESTE,SI,COLECTIVO,MUNICIPAL,BUENOS AIRES,LA PLATA,9890,NO,3,Marzo,Martes,Día de semana,Otoño
2025-03-25,EXPRESO LA PLATA BUENOS AIRES S.A.,BSAS_LINEA_503E,SI,COLECTIVO,MUNICIPAL,BUENOS AIRES,LA PLATA,37880,NO,3,Marzo,Martes,Día de semana,Otoño
2025-03-25,EMPRESA NUEVE DE JULIO S.A.T.,BSAS_LINEA_508C,SI,COLECTIVO,MUNICIPAL,BUENOS AIRES,LA PLATA,1398,NO,3,Marzo,Martes,Día de semana,Otoño
2025-03-25,EXPRESO LA PLATA BUENOS AIRES S.A.,BSAS_LINEA_518,SI,COLECTIVO,MUNICIPAL,BUENOS AIRES,LA PLATA,1081,NO,3,Marzo,Martes,Día de semana,Otoño
2025-03-25,UNION PLATENSE SRL,BSAS_LINEA_520C,SI,COLECTIVO,MUNICIPAL,BUENOS AIRES,LA PLATA,16797,NO,3,Marzo,Martes,Día de semana,Otoño
2025-03-25,EMPRESA NUEVE DE JULIO S.A.T.,BSAS_LINEA_561B,SI,COLECTIVO,MUNICIPAL,BUENOS AIRES,LA PLATA,1773,NO,3,Marzo,Martes,Día de semana,Otoño
2025-03-25,EMPRESA NUEVE DE JULIO S.A.T.,LINEA OESTE,SI,COLECTIVO,MUNICIPAL,BUENOS AIRES,LA PLATA,78175,NO,3,Marzo,Martes,Día de semana,Otoño
2025-03-25,FUERTE BARRAGAN S.A.T.I.C.I.,LINEA_506F_BSAS,SI,COLECTIVO,MUNICIPAL,BUENOS AIRES,LA PLATA,14076,NO,3,Marzo,Martes,Día de semana,Otoño
2025-03-25,UNION PLATENSE SRL,NORTE MUNICIPAL,SI,COLECTIVO,MUNICIPAL,BUENOS AIRES,LA PLATA,15003,NO,3,Marzo,Martes,Día de semana,Otoño
2025-03-26,UNION PLATENSE SRL,BSAS_LINEA_502_SUR,SI,COLECTIVO,MUNICIPAL,BUENOS AIRES,LA PLATA,15996,NO,3,Marzo,Miércoles,Día de semana,Otoño
2025-03-26,MICROEXPRES S.A.,BSAS_LINEA_503_ESTE,SI,COLECTIVO,MUNICIPAL,BUENOS AIRES,LA PLATA,9850,NO,3,Marzo,Miércoles,Día de semana,Otoño
2025-03-26,EXPRESO LA PLATA BUENOS AIRES S.A.,BSAS_LINEA_503E,SI,COLECTIVO,MUNICIPAL,BUENOS AIRES,LA PLATA,38044,NO,3,Marzo,Miércoles,Día de semana,Otoño
2025-03-26,EMPRESA NUEVE DE JULIO S.A.T.,BSAS_LINEA_508C,SI,COLECTIVO,MUNICIPAL,BUENOS AIRES,LA PLATA,1331,NO,3,Marzo,Miércoles,Día de semana,Otoño
2025-03-26,EXPRESO LA PLATA BUENOS AIRES S.A.,BSAS_LINEA_518,SI,COLECTIVO,MUNICIPAL,BUENOS AIRES,LA PLATA,1091,NO,3,Marzo,Miércoles,Día de semana,Otoño
2025-03-26,UNION PLATENSE SRL,BSAS_LINEA_520C,SI,COLECTIVO,MUNICIPAL,BUENOS AIRES,LA PLATA,17242,NO,3,Marzo,Miércoles,Día de semana,Otoño
2025-03-26,EMPRESA NUEVE DE JULIO S.A.T.,BSAS_LINEA_561B,SI,COLECTIVO,MUNICIPAL,BUENOS AIRES,LA PLATA,1781,NO,3,Marzo,Miércoles,Día de semana,Otoño
2025-03-26,EMPRESA NUEVE DE JULIO S.A.T.,LINEA OESTE,SI,COLECTIVO,MUNICIPAL,BUENOS AIRES,LA PLATA,78471,NO,3,Marzo,Miércoles,Día de semana,Otoño
2025-03-26,FUERTE BARRAGAN S.A.T.I.C.I.,LINEA_506F_BSAS,SI,COLECTIVO,MUNICIPAL,BUENOS AIRES,LA PLATA,14284,NO,3,Marzo,Miércoles,Día de semana,Otoño
2025-03-26,UNION PLATENSE SRL,NORTE MUNICIPAL,SI,COLECTIVO,MUNICIPAL,BUENOS AIRES,LA PLATA,14712,NO,3,Marzo,Miércoles,Día de semana,Otoño
2025-03-27,UNION PLATENSE SRL,BSAS_LINEA_502_SUR,SI,COLECTIVO,MUNICIPAL,BUENOS AIRES,LA PLATA,13327,NO,3,Marzo,Jueves,Día de semana,Otoño
2025-03-27,MICROEXPRES S.A.,BSAS_LINEA_503_ESTE,SI,COLECTIVO,MUNICIPAL,BUENOS AIRES,LA PLATA,8318,NO,3,Marzo,Jueves,Día de semana,Otoño
2025-03-27,EXPRESO LA PLATA BUENOS AIRES S.A.,BSAS_LINEA_503E,SI,COLECTIVO,MUNICIPAL,BUENOS AIRES,LA PLATA,31439,NO,3,Marzo,Jueves,Día de semana,Otoño
2025-03-27,EMPRESA NUEVE DE JULIO S.A.T.,BSAS_LINEA_508C,SI,COLECTIVO,MUNICIPAL,BUENOS AIRES,LA PLATA,1149,NO,3,Marzo,Jueves,Día de semana,Otoño
2025-03-27,EXPRESO LA PLATA BUENOS AIRES S.A.,BSAS_LINEA_518,SI,COLECTIVO,MUNICIPAL,BUENOS AIRES,LA PLATA,920,NO,3,Marzo,Jueves,Día de semana,Otoño
2025-03-27,UNION PLATENSE SRL,BSAS_LINEA_520C,SI,COLECTIVO,MUNICIPAL,BUENOS AIRES,LA PLATA,14881,NO,3,Marzo,Jueves,Día de semana,Otoño
2025-03-27,EMPRESA NUEVE DE JULIO S.A.T.,BSAS_LINEA_561B,SI,COLECTIVO,MUNICIPAL,BUENOS AIRES,LA PLATA,1553,NO,3,Marzo,Jueves,Día de semana,Otoño
2025-03-27,EMPRESA NUEVE DE JULIO S.A.T.,LINEA OESTE,SI,COLECTIVO,MUNICIPAL,BUENOS AIRES,LA PLATA,67332,NO,3,Marzo,Jueves,Día de semana,Otoño
2025-03-27,FUERTE BARRAGAN S.A.T.I.C.I.,LINEA_506F_BSAS,SI,COLECTIVO,MUNICIPAL,BUENOS AIRES,LA PLATA,11980,NO,3,Marzo,Jueves,Día de semana,Otoño
2025-03-27,UNION PLATENSE SRL,NORTE MUNICIPAL,SI,COLECTIVO,MUNICIPAL,BUENOS AIRES,LA PLATA,13667,NO,3,Marzo,Jueves,Día de semana,Otoño
2025-03-28,UNION PLATENSE SRL,BSAS_LINEA_502_SUR,SI,COLECTIVO,MUNICIPAL,BUENOS AIRES,LA PLATA,14280,NO,3,Marzo,Viernes,Día de semana,Otoño
2025-03-28,MICROEXPRES S.A.,BSAS_LINEA_503_ESTE,SI,COLECTIVO,MUNICIPAL,BUENOS AIRES,LA PLATA,9033,NO,3,Marzo,Viernes,Día de semana,Otoño
2025-03-28,EXPRESO LA PLATA BUENOS AIRES S.A.,BSAS_LINEA_503E,SI,COLECTIVO,MUNICIPAL,BUENOS AIRES,LA PLATA,34373,NO,3,Marzo,Viernes,Día de semana,Otoño
2025-03-28,EMPRESA NUEVE DE JULIO S.A.T.,BSAS_LINEA_508C,SI,COLECTIVO,MUNICIPAL,BUENOS AIRES,LA PLATA,1190,NO,3,Marzo,Viernes,Día de semana,Otoño
2025-03-28,EXPRESO LA PLATA BUENOS AIRES S.A.,BSAS_LINEA_518,SI,COLECTIVO,MUNICIPAL,BUENOS AIRES,LA PLATA,959,NO,3,Marzo,Viernes,Día de semana,Otoño
2025-03-28,UNION PLATENSE SRL,BSAS_LINEA_520C,SI,COLECTIVO,MUNICIPAL,BUENOS AIRES,LA PLATA,15596,NO,3,Marzo,Viernes,Día de semana,Otoño
2025-03-28,EMPRESA NUEVE DE JULIO S.A.T.,BSAS_LINEA_561B,SI,COLECTIVO,MUNICIPAL,BUENOS AIRES,LA PLATA,1644,NO,3,Marzo,Viernes,Día de semana,Otoño
2025-03-28,EMPRESA NUEVE DE JULIO S.A.T.,LINEA OESTE,SI,COLECTIVO,MUNICIPAL,BUENOS AIRES,LA PLATA,69934,NO,3,Marzo,Viernes,Día de semana,Otoño
2025-03-28,FUERTE BARRAGAN S.A.T.I.C.I.,LINEA_506F_BSAS,SI,COLECTIVO,MUNICIPAL,BUENOS AIRES,LA PLATA,14218,NO,3,Marzo,Viernes,Día de semana,Otoño
2025-03-28,UNION PLATENSE SRL,NORTE MUNICIPAL,SI,COLECTIVO,MUNICIPAL,BUENOS AIRES,LA PLATA,13174,NO,3,Marzo,Viernes,Día de semana,Otoño
2025-03-29,UNION PLATENSE SRL,BSAS_LINEA_502_SUR,SI,COLECTIVO,MUNICIPAL,BUENOS AIRES,LA PLATA,4994,NO,3,Marzo,Sábado,Fin de semana,Otoño
2025-03-29,MICROEXPRES S.A.,BSAS_LINEA_503_ESTE,SI,COLECTIVO,MUNICIPAL,BUENOS AIRES,LA PLATA,4403,NO,3,Marzo,Sábado,Fin de semana,Otoño
2025-03-29,EXPRESO LA PLATA BUENOS AIRES S.A.,BSAS_LINEA_503E,SI,COLECTIVO,MUNICIPAL,BUENOS AIRES,LA PLATA,17704,NO,3,Marzo,Sábado,Fin de semana,Otoño
2025-03-29,EMPRESA NUEVE DE JULIO S.A.T.,BSAS_LINEA_508C,SI,COLECTIVO,MUNICIPAL,BUENOS AIRES,LA PLATA,367,NO,3,Marzo,Sábado,Fin de semana,Otoño
2025-03-29,EXPRESO LA PLATA BUENOS AIRES S.A.,BSAS_LINEA_518,SI,COLECTIVO,MUNICIPAL,BUENOS AIRES,LA PLATA,353,NO,3,Marzo,Sábado,Fin de semana,Otoño
2025-03-29,UNION PLATENSE SRL,BSAS_LINEA_520C,SI,COLECTIVO,MUNICIPAL,BUENOS AIRES,LA PLATA,6257,NO,3,Marzo,Sábado,Fin de semana,Otoño
2025-03-29,EMPRESA NUEVE DE JULIO S.A.T.,BSAS_LINEA_561B,SI,COLECTIVO,MUNICIPAL,BUENOS AIRES,LA PLATA,455,NO,3,Marzo,Sábado,Fin de semana,Otoño
2025-03-29,EMPRESA NUEVE DE JULIO S.A.T.,LINEA OESTE,SI,COLECTIVO,MUNICIPAL,BUENOS AIRES,LA PLATA,33368,NO,3,Marzo,Sábado,Fin de semana,Otoño
2025-03-29,FUERTE BARRAGAN S.A.T.I.C.I.,LINEA_506F_BSAS,SI,COLECTIVO,MUNICIPAL,BUENOS AIRES,LA PLATA,5481,NO,3,Marzo,Sábado,Fin de semana,Otoño
2025-03-29,UNION PLATENSE SRL,NORTE MUNICIPAL,SI,COLECTIVO,MUNICIPAL,BUENOS AIRES,LA PLATA,4261,NO,3,Marzo,Sábado,Fin de semana,Otoño
2025-03-30,UNION PLATENSE SRL,BSAS_LINEA_502_SUR,SI,COLECTIVO,MUNICIPAL,BUENOS AIRES,LA PLATA,1566,NO,3,Marzo,Domingo,Fin de semana,Otoño
2025-03-30,MICROEXPRES S.A.,BSAS_LINEA_503_ESTE,SI,COLECTIVO,MUNICIPAL,BUENOS AIRES,LA PLATA,3003,NO,3,Marzo,Domingo,Fin de semana,Otoño
2025-03-30,EXPRESO LA PLATA BUENOS AIRES S.A.,BSAS_LINEA_503E,SI,COLECTIVO,MUNICIPAL,BUENOS AIRES,LA PLATA,10382,NO,3,Marzo,Domingo,Fin de semana,Otoño
2025-03-30,EMPRESA NUEVE DE JULIO S.A.T.,BSAS_LINEA_508C,SI,COLECTIVO,MUNICIPAL,BUENOS AIRES,LA PLATA,238,NO,3,Marzo,Domingo,Fin de semana,Otoño
2025-03-30,UNION PLATENSE SRL,BSAS_LINEA_520C,SI,COLECTIVO,MUNICIPAL,BUENOS AIRES,LA PLATA,2757,NO,3,Marzo,Domingo,Fin de semana,Otoño
2025-03-30,EMPRESA NUEVE DE JULIO S.A.T.,BSAS_LINEA_561B,SI,COLECTIVO,MUNICIPAL,BUENOS AIRES,LA PLATA,280,NO,3,Marzo,Domingo,Fin de semana,Otoño
2025-03-30,EMPRESA NUEVE DE JULIO S.A.T.,LINEA OESTE,SI,COLECTIVO,MUNICIPAL,BUENOS AIRES,LA PLATA,17891,NO,3,Marzo,Domingo,Fin de semana,Otoño
2025-03-30,FUERTE BARRAGAN S.A.T.I.C.I.,LINEA_506F_BSAS,SI,COLECTIVO,MUNICIPAL,BUENOS AIRES,LA PLATA,3698,NO,3,Marzo,Domingo,Fin de semana,Otoño
2025-03-30,UNION PLATENSE SRL,NORTE MUNICIPAL,SI,COLECTIVO,MUNICIPAL,BUENOS AIRES,LA PLATA,1891,NO,3,Marzo,Domingo,Fin de semana,Otoño
2025-03-31,UNION PLATENSE SRL,BSAS_LINEA_502_SUR,SI,COLECTIVO,MUNICIPAL,BUENOS AIRES,LA PLATA,14298,NO,3,Marzo,Lunes,Día de semana,Otoño
2025-03-31,MICROEXPRES S.A.,BSAS_LINEA_503_ESTE,SI,COLECTIVO,MUNICIPAL,BUENOS AIRES,LA PLATA,9131,NO,3,Marzo,Lunes,Día de semana,Otoño
2025-03-31,EXPRESO LA PLATA BUENOS AIRES S.A.,BSAS_LINEA_503E,SI,COLECTIVO,MUNICIPAL,BUENOS AIRES,LA PLATA,34664,NO,3,Marzo,Lunes,Día de semana,Otoño
2025-03-31,EMPRESA NUEVE DE JULIO S.A.T.,BSAS_LINEA_508C,SI,COLECTIVO,MUNICIPAL,BUENOS AIRES,LA PLATA,1188,NO,3,Marzo,Lunes,Día de semana,Otoño
2025-03-31,EXPRESO LA PLATA BUENOS AIRES S.A.,BSAS_LINEA_518,SI,COLECTIVO,MUNICIPAL,BUENOS AIRES,LA PLATA,915,NO,3,Marzo,Lunes,Día de semana,Otoño
2025-03-31,UNION PLATENSE SRL,BSAS_LINEA_520C,SI,COLECTIVO,MUNICIPAL,BUENOS AIRES,LA PLATA,15552,NO,3,Marzo,Lunes,Día de semana,Otoño
2025-03-31,EMPRESA NUEVE DE JULIO S.A.T.,BSAS_LINEA_561B,SI,COLECTIVO,MUNICIPAL,BUENOS AIRES,LA PLATA,1461,NO,3,Marzo,Lunes,Día de semana,Otoño
2025-03-31,EMPRESA NUEVE DE JULIO S.A.T.,LINEA OESTE,SI,COLECTIVO,MUNICIPAL,BUENOS AIRES,LA PLATA,67769,NO,3,Marzo,Lunes,Día de semana,Otoño
2025-03-31,FUERTE BARRAGAN S.A.T.I.C.I.,LINEA_506F_BSAS,SI,COLECTIVO,MUNICIPAL,BUENOS AIRES,LA PLATA,11510,NO,3,Marzo,Lunes,Día de semana,Otoño
2025-03-31,UNION PLATENSE SRL,NORTE MUNICIPAL,SI,COLECTIVO,MUNICIPAL,BUENOS AIRES,LA PLATA,13806,NO,3,Marzo,Lunes,Día de semana,Otoño
2025-04-01,UNION PLATENSE SRL,BSAS_LINEA_502_SUR,SI,COLECTIVO,MUNICIPAL,BUENOS AIRES,LA PLATA,16147,NO,4,Abril,Martes,Día de semana,Otoño
2025-04-01,MICROEXPRES S.A.,BSAS_LINEA_503_ESTE,SI,COLECTIVO,MUNICIPAL,BUENOS AIRES,LA PLATA,10067,NO,4,Abril,Martes,Día de semana,Otoño
2025-04-01,EXPRESO LA PLATA BUENOS AIRES S.A.,BSAS_LINEA_503E,SI,COLECTIVO,MUNICIPAL,BUENOS AIRES,LA PLATA,43059,NO,4,Abril,Martes,Día de semana,Otoño
2025-04-01,EMPRESA NUEVE DE JULIO S.A.T.,BSAS_LINEA_508C,SI,COLECTIVO,MUNICIPAL,BUENOS AIRES,LA PLATA,1420,NO,4,Abril,Martes,Día de semana,Otoño
2025-04-01,EXPRESO LA PLATA BUENOS AIRES S.A.,BSAS_LINEA_518,SI,COLECTIVO,MUNICIPAL,BUENOS AIRES,LA PLATA,1068,NO,4,Abril,Martes,Día de semana,Otoño
2025-04-01,UNION PLATENSE SRL,BSAS_LINEA_520C,SI,COLECTIVO,MUNICIPAL,BUENOS AIRES,LA PLATA,17422,NO,4,Abril,Martes,Día de semana,Otoño
2025-04-01,EMPRESA NUEVE DE JULIO S.A.T.,BSAS_LINEA_561B,SI,COLECTIVO,MUNICIPAL,BUENOS AIRES,LA PLATA,1830,NO,4,Abril,Martes,Día de semana,Otoño
2025-04-01,EMPRESA NUEVE DE JULIO S.A.T.,LINEA OESTE,SI,COLECTIVO,MUNICIPAL,BUENOS AIRES,LA PLATA,78347,NO,4,Abril,Martes,Día de semana,Otoño
2025-04-01,FUERTE BARRAGAN S.A.T.I.C.I.,LINEA_506F_BSAS,SI,COLECTIVO,MUNICIPAL,BUENOS AIRES,LA PLATA,14130,NO,4,Abril,Martes,Día de semana,Otoño
2025-04-01,UNION PLATENSE SRL,NORTE MUNICIPAL,SI,COLECTIVO,MUNICIPAL,BUENOS AIRES,LA PLATA,15125,NO,4,Abril,Martes,Día de semana,Otoño
2025-04-02,UNION PLATENSE SRL,BSAS_LINEA_502_SUR,SI,COLECTIVO,MUNICIPAL,BUENOS AIRES,LA PLATA,2446,NO,4,Abril,Miércoles,Día de semana,Otoño
2025-04-02,MICROEXPRES S.A.,BSAS_LINEA_503_ESTE,SI,COLECTIVO,MUNICIPAL,BUENOS AIRES,LA PLATA,3780,NO,4,Abril,Miércoles,Día de semana,Otoño
2025-04-02,EXPRESO LA PLATA BUENOS AIRES S.A.,BSAS_LINEA_503E,SI,COLECTIVO,MUNICIPAL,BUENOS AIRES,LA PLATA,11675,NO,4,Abril,Miércoles,Día de semana,Otoño
2025-04-02,EMPRESA NUEVE DE JULIO S.A.T.,BSAS_LINEA_508C,SI,COLECTIVO,MUNICIPAL,BUENOS AIRES,LA PLATA,342,NO,4,Abril,Miércoles,Día de semana,Otoño
2025-04-02,UNION PLATENSE SRL,BSAS_LINEA_520C,SI,COLECTIVO,MUNICIPAL,BUENOS AIRES,LA PLATA,4044,NO,4,Abril,Miércoles,Día de semana,Otoño
2025-04-02,EMPRESA NUEVE DE JULIO S.A.T.,BSAS_LINEA_561B,SI,COLECTIVO,MUNICIPAL,BUENOS AIRES,LA PLATA,488,NO,4,Abril,Miércoles,Día de semana,Otoño
2025-04-02,EMPRESA NUEVE DE JULIO S.A.T.,LINEA OESTE,SI,COLECTIVO,MUNICIPAL,BUENOS AIRES,LA PLATA,24739,NO,4,Abril,Miércoles,Día de semana,Otoño
2025-04-02,FUERTE BARRAGAN S.A.T.I.C.I.,LINEA_506F_BSAS,SI,COLECTIVO,MUNICIPAL,BUENOS AIRES,LA PLATA,5117,NO,4,Abril,Miércoles,Día de semana,Otoño
2025-04-02,UNION PLATENSE SRL,NORTE MUNICIPAL,SI,COLECTIVO,MUNICIPAL,BUENOS AIRES,LA PLATA,2856,NO,4,Abril,Miércoles,Día de semana,Otoño
2025-04-03,UNION PLATENSE SRL,BSAS_LINEA_502_SUR,SI,COLECTIVO,MUNICIPAL,BUENOS AIRES,LA PLATA,15696,NO,4,Abril,Jueves,Día de semana,Otoño
2025-04-03,MICROEXPRES S.A.,BSAS_LINEA_503_ESTE,SI,COLECTIVO,MUNICIPAL,BUENOS AIRES,LA PLATA,9864,NO,4,Abril,Jueves,Día de semana,Otoño
2025-04-03,EXPRESO LA PLATA BUENOS AIRES S.A.,BSAS_LINEA_503E,SI,COLECTIVO,MUNICIPAL,BUENOS AIRES,LA PLATA,37041,NO,4,Abril,Jueves,Día de semana,Otoño
2025-04-03,EMPRESA NUEVE DE JULIO S.A.T.,BSAS_LINEA_508C,SI,COLECTIVO,MUNICIPAL,BUENOS AIRES,LA PLATA,1428,NO,4,Abril,Jueves,Día de semana,Otoño
2025-04-03,EXPRESO LA PLATA BUENOS AIRES S.A.,BSAS_LINEA_518,SI,COLECTIVO,MUNICIPAL,BUENOS AIRES,LA PLATA,1050,NO,4,Abril,Jueves,Día de semana,Otoño
2025-04-03,UNION PLATENSE SRL,BSAS_LINEA_520C,SI,COLECTIVO,MUNICIPAL,BUENOS AIRES,LA PLATA,16992,NO,4,Abril,Jueves,Día de semana,Otoño
2025-04-03,EMPRESA NUEVE DE JULIO S.A.T.,BSAS_LINEA_561B,SI,COLECTIVO,MUNICIPAL,BUENOS AIRES,LA PLATA,1811,NO,4,Abril,Jueves,Día de semana,Otoño
2025-04-03,EMPRESA NUEVE DE JULIO S.A.T.,LINEA OESTE,SI,COLECTIVO,MUNICIPAL,BUENOS AIRES,LA PLATA,78467,NO,4,Abril,Jueves,Día de semana,Otoño
2025-04-03,FUERTE BARRAGAN S.A.T.I.C.I.,LINEA_506F_BSAS,SI,COLECTIVO,MUNICIPAL,BUENOS AIRES,LA PLATA,14161,NO,4,Abril,Jueves,Día de semana,Otoño
2025-04-03,UNION PLATENSE SRL,NORTE MUNICIPAL,SI,COLECTIVO,MUNICIPAL,BUENOS AIRES,LA PLATA,14601,NO,4,Abril,Jueves,Día de semana,Otoño
2025-04-04,UNION PLATENSE SRL,BSAS_LINEA_502_SUR,SI,COLECTIVO,MUNICIPAL,BUENOS AIRES,LA PLATA,14976,NO,4,Abril,Viernes,Día de semana,Otoño
2025-04-04,MICROEXPRES S.A.,BSAS_LINEA_503_ESTE,SI,COLECTIVO,MUNICIPAL,BUENOS AIRES,LA PLATA,9718,NO,4,Abril,Viernes,Día de semana,Otoño
2025-04-04,EXPRESO LA PLATA BUENOS AIRES S.A.,BSAS_LINEA_503E,SI,COLECTIVO,MUNICIPAL,BUENOS AIRES,LA PLATA,35618,NO,4,Abril,Viernes,Día de semana,Otoño
2025-04-04,EMPRESA NUEVE DE JULIO S.A.T.,BSAS_LINEA_508C,SI,COLECTIVO,MUNICIPAL,BUENOS AIRES,LA PLATA,1371,NO,4,Abril,Viernes,Día de semana,Otoño
2025-04-04,EXPRESO LA PLATA BUENOS AIRES S.A.,BSAS_LINEA_518,SI,COLECTIVO,MUNICIPAL,BUENOS AIRES,LA PLATA,1042,NO,4,Abril,Viernes,Día de semana,Otoño
2025-04-04,UNION PLATENSE SRL,BSAS_LINEA_520C,SI,COLECTIVO,MUNICIPAL,BUENOS AIRES,LA PLATA,16644,NO,4,Abril,Viernes,Día de semana,Otoño
2025-04-04,EMPRESA NUEVE DE JULIO S.A.T.,BSAS_LINEA_561B,SI,COLECTIVO,MUNICIPAL,BUENOS AIRES,LA PLATA,1842,NO,4,Abril,Viernes,Día de semana,Otoño
2025-04-04,EMPRESA NUEVE DE JULIO S.A.T.,LINEA OESTE,SI,COLECTIVO,MUNICIPAL,BUENOS AIRES,LA PLATA,74831,NO,4,Abril,Viernes,Día de semana,Otoño
2025-04-04,FUERTE BARRAGAN S.A.T.I.C.I.,LINEA_506F_BSAS,SI,COLECTIVO,MUNICIPAL,BUENOS AIRES,LA PLATA,13046,NO,4,Abril,Viernes,Día de semana,Otoño
2025-04-04,UNION PLATENSE SRL,NORTE MUNICIPAL,SI,COLECTIVO,MUNICIPAL,BUENOS AIRES,LA PLATA,14366,NO,4,Abril,Viernes,Día de semana,Otoño
2025-04-05,UNION PLATENSE SRL,BSAS_LINEA_502_SUR,SI,COLECTIVO,MUNICIPAL,BUENOS AIRES,LA PLATA,5026,NO,4,Abril,Sábado,Fin de semana,Otoño
2025-04-05,MICROEXPRES S.A.,BSAS_LINEA_503_ESTE,SI,COLECTIVO,MUNICIPAL,BUENOS AIRES,LA PLATA,4154,NO,4,Abril,Sábado,Fin de semana,Otoño
2025-04-05,EXPRESO LA PLATA BUENOS AIRES S.A.,BSAS_LINEA_503E,SI,COLECTIVO,MUNICIPAL,BUENOS AIRES,LA PLATA,17111,NO,4,Abril,Sábado,Fin de semana,Otoño
2025-04-05,EMPRESA NUEVE DE JULIO S.A.T.,BSAS_LINEA_508C,SI,COLECTIVO,MUNICIPAL,BUENOS AIRES,LA PLATA,513,NO,4,Abril,Sábado,Fin de semana,Otoño
2025-04-05,EXPRESO LA PLATA BUENOS AIRES S.A.,BSAS_LINEA_518,SI,COLECTIVO,MUNICIPAL,BUENOS AIRES,LA PLATA,369,NO,4,Abril,Sábado,Fin de semana,Otoño
2025-04-05,UNION PLATENSE SRL,BSAS_LINEA_520C,SI,COLECTIVO,MUNICIPAL,BUENOS AIRES,LA PLATA,6391,NO,4,Abril,Sábado,Fin de semana,Otoño
2025-04-05,EMPRESA NUEVE DE JULIO S.A.T.,BSAS_LINEA_561B,SI,COLECTIVO,MUNICIPAL,BUENOS AIRES,LA PLATA,473,NO,4,Abril,Sábado,Fin de semana,Otoño
2025-04-05,EMPRESA NUEVE DE JULIO S.A.T.,LINEA OESTE,SI,COLECTIVO,MUNICIPAL,BUENOS AIRES,LA PLATA,33899,NO,4,Abril,Sábado,Fin de semana,Otoño
2025-04-05,FUERTE BARRAGAN S.A.T.I.C.I.,LINEA_506F_BSAS,SI,COLECTIVO,MUNICIPAL,BUENOS AIRES,LA PLATA,5896,NO,4,Abril,Sábado,Fin de semana,Otoño
2025-04-05,UNION PLATENSE SRL,NORTE MUNICIPAL,SI,COLECTIVO,MUNICIPAL,BUENOS AIRES,LA PLATA,4037,NO,4,Abril,Sábado,Fin de semana,Otoño
2025-04-06,UNION PLATENSE SRL,BSAS_LINEA_502_SUR,SI,COLECTIVO,MUNICIPAL,BUENOS AIRES,LA PLATA,1545,NO,4,Abril,Domingo,Fin de semana,Otoño
2025-04-06,MICROEXPRES S.A.,BSAS_LINEA_503_ESTE,SI,COLECTIVO,MUNICIPAL,BUENOS AIRES,LA PLATA,2945,NO,4,Abril,Domingo,Fin de semana,Otoño
2025-04-06,EXPRESO LA PLATA BUENOS AIRES S.A.,BSAS_LINEA_503E,SI,COLECTIVO,MUNICIPAL,BUENOS AIRES,LA PLATA,10833,NO,4,Abril,Domingo,Fin de semana,Otoño
2025-04-06,EMPRESA NUEVE DE JULIO S.A.T.,BSAS_LINEA_508C,SI,COLECTIVO,MUNICIPAL,BUENOS AIRES,LA PLATA,242,NO,4,Abril,Domingo,Fin de semana,Otoño
2025-04-06,UNION PLATENSE SRL,BSAS_LINEA_520C,SI,COLECTIVO,MUNICIPAL,BUENOS AIRES,LA PLATA,2955,NO,4,Abril,Domingo,Fin de semana,Otoño
2025-04-06,EMPRESA NUEVE DE JULIO S.A.T.,BSAS_LINEA_561B,SI,COLECTIVO,MUNICIPAL,BUENOS AIRES,LA PLATA,301,NO,4,Abril,Domingo,Fin de semana,Otoño
2025-04-06,EMPRESA NUEVE DE JULIO S.A.T.,LINEA OESTE,SI,COLECTIVO,MUNICIPAL,BUENOS AIRES,LA PLATA,18418,NO,4,Abril,Domingo,Fin de semana,Otoño
2025-04-06,FUERTE BARRAGAN S.A.T.I.C.I.,LINEA_506F_BSAS,SI,COLECTIVO,MUNICIPAL,BUENOS AIRES,LA PLATA,3778,NO,4,Abril,Domingo,Fin de semana,Otoño
2025-04-06,UNION PLATENSE SRL,NORTE MUNICIPAL,SI,COLECTIVO,MUNICIPAL,BUENOS AIRES,LA PLATA,2270,NO,4,Abril,Domingo,Fin de semana,Otoño
2025-04-07,UNION PLATENSE SRL,BSAS_LINEA_502_SUR,SI,COLECTIVO,MUNICIPAL,BUENOS AIRES,LA PLATA,14388,NO,4,Abril,Lunes,Día de semana,Otoño
2025-04-07,MICROEXPRES S.A.,BSAS_LINEA_503_ESTE,SI,COLECTIVO,MUNICIPAL,BUENOS AIRES,LA PLATA,9008,NO,4,Abril,Lunes,Día de semana,Otoño
2025-04-07,EXPRESO LA PLATA BUENOS AIRES S.A.,BSAS_LINEA_503E,SI,COLECTIVO,MUNICIPAL,BUENOS AIRES,LA PLATA,34047,NO,4,Abril,Lunes,Día de semana,Otoño
2025-04-07,EMPRESA NUEVE DE JULIO S.A.T.,BSAS_LINEA_508C,SI,COLECTIVO,MUNICIPAL,BUENOS AIRES,LA PLATA,1181,NO,4,Abril,Lunes,Día de semana,Otoño
2025-04-07,EXPRESO LA PLATA BUENOS AIRES S.A.,BSAS_LINEA_518,SI,COLECTIVO,MUNICIPAL,BUENOS AIRES,LA PLATA,891,NO,4,Abril,Lunes,Día de semana,Otoño
2025-04-07,UNION PLATENSE SRL,BSAS_LINEA_520C,SI,COLECTIVO,MUNICIPAL,BUENOS AIRES,LA PLATA,15734,NO,4,Abril,Lunes,Día de semana,Otoño
2025-04-07,EMPRESA NUEVE DE JULIO S.A.T.,BSAS_LINEA_561B,SI,COLECTIVO,MUNICIPAL,BUENOS AIRES,LA PLATA,1660,NO,4,Abril,Lunes,Día de semana,Otoño
2025-04-07,EMPRESA NUEVE DE JULIO S.A.T.,LINEA OESTE,SI,COLECTIVO,MUNICIPAL,BUENOS AIRES,LA PLATA,70467,NO,4,Abril,Lunes,Día de semana,Otoño
2025-04-07,FUERTE BARRAGAN S.A.T.I.C.I.,LINEA_506F_BSAS,SI,COLECTIVO,MUNICIPAL,BUENOS AIRES,LA PLATA,12537,NO,4,Abril,Lunes,Día de semana,Otoño
2025-04-07,UNION PLATENSE SRL,NORTE MUNICIPAL,SI,COLECTIVO,MUNICIPAL,BUENOS AIRES,LA PLATA,13721,NO,4,Abril,Lunes,Día de semana,Otoño
2025-04-08,UNION PLATENSE SRL,BSAS_LINEA_502_SUR,SI,COLECTIVO,MUNICIPAL,BUENOS AIRES,LA PLATA,14535,NO,4,Abril,Martes,Día de semana,Otoño
2025-04-08,MICROEXPRES S.A.,BSAS_LINEA_503_ESTE,SI,COLECTIVO,MUNICIPAL,BUENOS AIRES,LA PLATA,8752,NO,4,Abril,Martes,Día de semana,Otoño
2025-04-08,EXPRESO LA PLATA BUENOS AIRES S.A.,BSAS_LINEA_503E,SI,COLECTIVO,MUNICIPAL,BUENOS AIRES,LA PLATA,34364,NO,4,Abril,Martes,Día de semana,Otoño
2025-04-08,EMPRESA NUEVE DE JULIO S.A.T.,BSAS_LINEA_508C,SI,COLECTIVO,MUNICIPAL,BUENOS AIRES,LA PLATA,1127,NO,4,Abril,Martes,Día de semana,Otoño
2025-04-08,EXPRESO LA PLATA BUENOS AIRES S.A.,BSAS_LINEA_518,SI,COLECTIVO,MUNICIPAL,BUENOS AIRES,LA PLATA,931,NO,4,Abril,Martes,Día de semana,Otoño
2025-04-08,UNION PLATENSE SRL,BSAS_LINEA_520C,SI,COLECTIVO,MUNICIPAL,BUENOS AIRES,LA PLATA,15559,NO,4,Abril,Martes,Día de semana,Otoño
2025-04-08,EMPRESA NUEVE DE JULIO S.A.T.,BSAS_LINEA_561B,SI,COLECTIVO,MUNICIPAL,BUENOS AIRES,LA PLATA,1658,NO,4,Abril,Martes,Día de semana,Otoño
2025-04-08,EMPRESA NUEVE DE JULIO S.A.T.,LINEA OESTE,SI,COLECTIVO,MUNICIPAL,BUENOS AIRES,LA PLATA,68683,NO,4,Abril,Martes,Día de semana,Otoño
2025-04-08,FUERTE BARRAGAN S.A.T.I.C.I.,LINEA_506F_BSAS,SI,COLECTIVO,MUNICIPAL,BUENOS AIRES,LA PLATA,12046,NO,4,Abril,Martes,Día de semana,Otoño
2025-04-08,UNION PLATENSE SRL,NORTE MUNICIPAL,SI,COLECTIVO,MUNICIPAL,BUENOS AIRES,LA PLATA,14075,NO,4,Abril,Martes,Día de semana,Otoño
2025-04-09,UNION PLATENSE SRL,BSAS_LINEA_502_SUR,SI,COLECTIVO,MUNICIPAL,BUENOS AIRES,LA PLATA,14273,NO,4,Abril,Miércoles,Día de semana,Otoño
2025-04-09,MICROEXPRES S.A.,BSAS_LINEA_503_ESTE,SI,COLECTIVO,MUNICIPAL,BUENOS AIRES,LA PLATA,8979,NO,4,Abril,Miércoles,Día de semana,Otoño
2025-04-09,EXPRESO LA PLATA BUENOS AIRES S.A.,BSAS_LINEA_503E,SI,COLECTIVO,MUNICIPAL,BUENOS AIRES,LA PLATA,32737,NO,4,Abril,Miércoles,Día de semana,Otoño
2025-04-09,EMPRESA NUEVE DE JULIO S.A.T.,BSAS_LINEA_508C,SI,COLECTIVO,MUNICIPAL,BUENOS AIRES,LA PLATA,1321,NO,4,Abril,Miércoles,Día de semana,Otoño
2025-04-09,EXPRESO LA PLATA BUENOS AIRES S.A.,BSAS_LINEA_518,SI,COLECTIVO,MUNICIPAL,BUENOS AIRES,LA PLATA,881,NO,4,Abril,Miércoles,Día de semana,Otoño
2025-04-09,UNION PLATENSE SRL,BSAS_LINEA_520C,SI,COLECTIVO,MUNICIPAL,BUENOS AIRES,LA PLATA,15503,NO,4,Abril,Miércoles,Día de semana,Otoño
2025-04-09,EMPRESA NUEVE DE JULIO S.A.T.,BSAS_LINEA_561B,SI,COLECTIVO,MUNICIPAL,BUENOS AIRES,LA PLATA,1888,NO,4,Abril,Miércoles,Día de semana,Otoño
2025-04-09,EMPRESA NUEVE DE JULIO S.A.T.,LINEA OESTE,SI,COLECTIVO,MUNICIPAL,BUENOS AIRES,LA PLATA,69759,NO,4,Abril,Miércoles,Día de semana,Otoño
2025-04-09,FUERTE BARRAGAN S.A.T.I.C.I.,LINEA_506F_BSAS,SI,COLECTIVO,MUNICIPAL,BUENOS AIRES,LA PLATA,12888,NO,4,Abril,Miércoles,Día de semana,Otoño
2025-04-09,UNION PLATENSE SRL,NORTE MUNICIPAL,SI,COLECTIVO,MUNICIPAL,BUENOS AIRES,LA PLATA,13454,NO,4,Abril,Miércoles,Día de semana,Otoño
2025-04-10,UNION PLATENSE SRL,BSAS_LINEA_502_SUR,SI,COLECTIVO,MUNICIPAL,BUENOS AIRES,LA PLATA,5576,NO,4,Abril,Jueves,Día de semana,Otoño
2025-04-10,MICROEXPRES S.A.,BSAS_LINEA_503_ESTE,SI,COLECTIVO,MUNICIPAL,BUENOS AIRES,LA PLATA,4561,NO,4,Abril,Jueves,Día de semana,Otoño
2025-04-10,EXPRESO LA PLATA BUENOS AIRES S.A.,BSAS_LINEA_503E,SI,COLECTIVO,MUNICIPAL,BUENOS AIRES,LA PLATA,16853,NO,4,Abril,Jueves,Día de semana,Otoño
2025-04-10,EMPRESA NUEVE DE JULIO S.A.T.,BSAS_LINEA_508C,SI,COLECTIVO,MUNICIPAL,BUENOS AIRES,LA PLATA,971,NO,4,Abril,Jueves,Día de semana,Otoño
2025-04-10,UNION PLATENSE SRL,BSAS_LINEA_520C,SI,COLECTIVO,MUNICIPAL,BUENOS AIRES,LA PLATA,6778,NO,4,Abril,Jueves,Día de semana,Otoño
2025-04-10,EMPRESA NUEVE DE JULIO S.A.T.,BSAS_LINEA_561B,SI,COLECTIVO,MUNICIPAL,BUENOS AIRES,LA PLATA,1141,NO,4,Abril,Jueves,Día de semana,Otoño
2025-04-10,EMPRESA NUEVE DE JULIO S.A.T.,LINEA OESTE,SI,COLECTIVO,MUNICIPAL,BUENOS AIRES,LA PLATA,33334,NO,4,Abril,Jueves,Día de semana,Otoño
2025-04-10,FUERTE BARRAGAN S.A.T.I.C.I.,LINEA_506F_BSAS,SI,COLECTIVO,MUNICIPAL,BUENOS AIRES,LA PLATA,7956,NO,4,Abril,Jueves,Día de semana,Otoño
2025-04-10,UNION PLATENSE SRL,NORTE MUNICIPAL,SI,COLECTIVO,MUNICIPAL,BUENOS AIRES,LA PLATA,5335,NO,4,Abril,Jueves,Día de semana,Otoño
2025-04-11,UNION PLATENSE SRL,BSAS_LINEA_502_SUR,SI,COLECTIVO,MUNICIPAL,BUENOS AIRES,LA PLATA,15920,NO,4,Abril,Viernes,Día de semana,Otoño
2025-04-11,MICROEXPRES S.A.,BSAS_LINEA_503_ESTE,SI,COLECTIVO,MUNICIPAL,BUENOS AIRES,LA PLATA,10169,NO,4,Abril,Viernes,Día de semana,Otoño
2025-04-11,EXPRESO LA PLATA BUENOS AIRES S.A.,BSAS_LINEA_503E,SI,COLECTIVO,MUNICIPAL,BUENOS AIRES,LA PLATA,38235,NO,4,Abril,Viernes,Día de semana,Otoño
2025-04-11,EMPRESA NUEVE DE JULIO S.A.T.,BSAS_LINEA_508C,SI,COLECTIVO,MUNICIPAL,BUENOS AIRES,LA PLATA,1449,NO,4,Abril,Viernes,Día de semana,Otoño
2025-04-11,EXPRESO LA PLATA BUENOS AIRES S.A.,BSAS_LINEA_518,SI,COLECTIVO,MUNICIPAL,BUENOS AIRES,LA PLATA,959,NO,4,Abril,Viernes,Día de semana,Otoño
2025-04-11,UNION PLATENSE SRL,BSAS_LINEA_520C,SI,COLECTIVO,MUNICIPAL,BUENOS AIRES,LA PLATA,17582,NO,4,Abril,Viernes,Día de semana,Otoño
2025-04-11,EMPRESA NUEVE DE JULIO S.A.T.,BSAS_LINEA_561B,SI,COLECTIVO,MUNICIPAL,BUENOS AIRES,LA PLATA,1847,NO,4,Abril,Viernes,Día de semana,Otoño
2025-04-11,EMPRESA NUEVE DE JULIO S.A.T.,LINEA OESTE,SI,COLECTIVO,MUNICIPAL,BUENOS AIRES,LA PLATA,78584,NO,4,Abril,Viernes,Día de semana,Otoño
2025-04-11,FUERTE BARRAGAN S.A.T.I.C.I.,LINEA_506F_BSAS,SI,COLECTIVO,MUNICIPAL,BUENOS AIRES,LA PLATA,13827,NO,4,Abril,Viernes,Día de semana,Otoño
2025-04-11,UNION PLATENSE SRL,NORTE MUNICIPAL,SI,COLECTIVO,MUNICIPAL,BUENOS AIRES,LA PLATA,14778,NO,4,Abril,Viernes,Día de semana,Otoño
2025-04-12,UNION PLATENSE SRL,BSAS_LINEA_502_SUR,SI,COLECTIVO,MUNICIPAL,BUENOS AIRES,LA PLATA,5150,NO,4,Abril,Sábado,Fin de semana,Otoño
2025-04-12,MICROEXPRES S.A.,BSAS_LINEA_503_ESTE,SI,COLECTIVO,MUNICIPAL,BUENOS AIRES,LA PLATA,4469,NO,4,Abril,Sábado,Fin de semana,Otoño
2025-04-12,EXPRESO LA PLATA BUENOS AIRES S.A.,BSAS_LINEA_503E,SI,COLECTIVO,MUNICIPAL,BUENOS AIRES,LA PLATA,17910,NO,4,Abril,Sábado,Fin de semana,Otoño
2025-04-12,EMPRESA NUEVE DE JULIO S.A.T.,BSAS_LINEA_508C,SI,COLECTIVO,MUNICIPAL,BUENOS AIRES,LA PLATA,480,NO,4,Abril,Sábado,Fin de semana,Otoño
2025-04-12,EXPRESO LA PLATA BUENOS AIRES S.A.,BSAS_LINEA_518,SI,COLECTIVO,MUNICIPAL,BUENOS AIRES,LA PLATA,424,NO,4,Abril,Sábado,Fin de semana,Otoño
2025-04-12,UNION PLATENSE SRL,BSAS_LINEA_520C,SI,COLECTIVO,MUNICIPAL,BUENOS AIRES,LA PLATA,6477,NO,4,Abril,Sábado,Fin de semana,Otoño
2025-04-12,EMPRESA NUEVE DE JULIO S.A.T.,BSAS_LINEA_561B,SI,COLECTIVO,MUNICIPAL,BUENOS AIRES,LA PLATA,507,NO,4,Abril,Sábado,Fin de semana,Otoño
2025-04-12,EMPRESA NUEVE DE JULIO S.A.T.,LINEA OESTE,SI,COLECTIVO,MUNICIPAL,BUENOS AIRES,LA PLATA,33476,NO,4,Abril,Sábado,Fin de semana,Otoño
2025-04-12,FUERTE BARRAGAN S.A.T.I.C.I.,LINEA_506F_BSAS,SI,COLECTIVO,MUNICIPAL,BUENOS AIRES,LA PLATA,5430,NO,4,Abril,Sábado,Fin de semana,Otoño
2025-04-12,UNION PLATENSE SRL,NORTE MUNICIPAL,SI,COLECTIVO,MUNICIPAL,BUENOS AIRES,LA PLATA,4184,NO,4,Abril,Sábado,Fin de semana,Otoño
2025-04-13,UNION PLATENSE SRL,BSAS_LINEA_502_SUR,SI,COLECTIVO,MUNICIPAL,BUENOS AIRES,LA PLATA,1675,NO,4,Abril,Domingo,Fin de semana,Otoño
2025-04-13,MICROEXPRES S.A.,BSAS_LINEA_503_ESTE,SI,COLECTIVO,MUNICIPAL,BUENOS AIRES,LA PLATA,2900,NO,4,Abril,Domingo,Fin de semana,Otoño
2025-04-13,EXPRESO LA PLATA BUENOS AIRES S.A.,BSAS_LINEA_503E,SI,COLECTIVO,MUNICIPAL,BUENOS AIRES,LA PLATA,11547,NO,4,Abril,Domingo,Fin de semana,Otoño
2025-04-13,EMPRESA NUEVE DE JULIO S.A.T.,BSAS_LINEA_508C,SI,COLECTIVO,MUNICIPAL,BUENOS AIRES,LA PLATA,257,NO,4,Abril,Domingo,Fin de semana,Otoño
2025-04-13,UNION PLATENSE SRL,BSAS_LINEA_520C,SI,COLECTIVO,MUNICIPAL,BUENOS AIRES,LA PLATA,3136,NO,4,Abril,Domingo,Fin de semana,Otoño
2025-04-13,EMPRESA NUEVE DE JULIO S.A.T.,BSAS_LINEA_561B,SI,COLECTIVO,MUNICIPAL,BUENOS AIRES,LA PLATA,335,NO,4,Abril,Domingo,Fin de semana,Otoño
2025-04-13,EMPRESA NUEVE DE JULIO S.A.T.,LINEA OESTE,SI,COLECTIVO,MUNICIPAL,BUENOS AIRES,LA PLATA,20402,NO,4,Abril,Domingo,Fin de semana,Otoño
2025-04-13,FUERTE BARRAGAN S.A.T.I.C.I.,LINEA_506F_BSAS,SI,COLECTIVO,MUNICIPAL,BUENOS AIRES,LA PLATA,3912,NO,4,Abril,Domingo,Fin de semana,Otoño
2025-04-13,UNION PLATENSE SRL,NORTE MUNICIPAL,SI,COLECTIVO,MUNICIPAL,BUENOS AIRES,LA PLATA,2121,NO,4,Abril,Domingo,Fin de semana,Otoño
2025-04-14,UNION PLATENSE SRL,BSAS_LINEA_502_SUR,SI,COLECTIVO,MUNICIPAL,BUENOS AIRES,LA PLATA,16067,NO,4,Abril,Lunes,Día de semana,Otoño
2025-04-14,MICROEXPRES S.A.,BSAS_LINEA_503_ESTE,SI,COLECTIVO,MUNICIPAL,BUENOS AIRES,LA PLATA,9945,NO,4,Abril,Lunes,Día de semana,Otoño
2025-04-14,EXPRESO LA PLATA BUENOS AIRES S.A.,BSAS_LINEA_503E,SI,COLECTIVO,MUNICIPAL,BUENOS AIRES,LA PLATA,38215,NO,4,Abril,Lunes,Día de semana,Otoño
2025-04-14,EMPRESA NUEVE DE JULIO S.A.T.,BSAS_LINEA_508C,SI,COLECTIVO,MUNICIPAL,BUENOS AIRES,LA PLATA,1386,NO,4,Abril,Lunes,Día de semana,Otoño
2025-04-14,EXPRESO LA PLATA BUENOS AIRES S.A.,BSAS_LINEA_518,SI,COLECTIVO,MUNICIPAL,BUENOS AIRES,LA PLATA,1094,NO,4,Abril,Lunes,Día de semana,Otoño
2025-04-14,UNION PLATENSE SRL,BSAS_LINEA_520C,SI,COLECTIVO,MUNICIPAL,BUENOS AIRES,LA PLATA,17466,NO,4,Abril,Lunes,Día de semana,Otoño
2025-04-14,EMPRESA NUEVE DE JULIO S.A.T.,BSAS_LINEA_561B,SI,COLECTIVO,MUNICIPAL,BUENOS AIRES,LA PLATA,1931,NO,4,Abril,Lunes,Día de semana,Otoño
2025-04-14,EMPRESA NUEVE DE JULIO S.A.T.,LINEA OESTE,SI,COLECTIVO,MUNICIPAL,BUENOS AIRES,LA PLATA,78756,NO,4,Abril,Lunes,Día de semana,Otoño
2025-04-14,FUERTE BARRAGAN S.A.T.I.C.I.,LINEA_506F_BSAS,SI,COLECTIVO,MUNICIPAL,BUENOS AIRES,LA PLATA,14205,NO,4,Abril,Lunes,Día de semana,Otoño
2025-04-14,UNION PLATENSE SRL,NORTE MUNICIPAL,SI,COLECTIVO,MUNICIPAL,BUENOS AIRES,LA PLATA,14773,NO,4,Abril,Lunes,Día de semana,Otoño
2025-04-15,UNION PLATENSE SRL,BSAS_LINEA_502_SUR,SI,COLECTIVO,MUNICIPAL,BUENOS AIRES,LA PLATA,15800,NO,4,Abril,Martes,Día de semana,Otoño
2025-04-15,MICROEXPRES S.A.,BSAS_LINEA_503_ESTE,SI,COLECTIVO,MUNICIPAL,BUENOS AIRES,LA PLATA,9752,NO,4,Abril,Martes,Día de semana,Otoño
2025-04-15,EXPRESO LA PLATA BUENOS AIRES S.A.,BSAS_LINEA_503E,SI,COLECTIVO,MUNICIPAL,BUENOS AIRES,LA PLATA,37244,NO,4,Abril,Martes,Día de semana,Otoño
2025-04-15,EMPRESA NUEVE DE JULIO S.A.T.,BSAS_LINEA_508C,SI,COLECTIVO,MUNICIPAL,BUENOS AIRES,LA PLATA,1403,NO,4,Abril,Martes,Día de semana,Otoño
2025-04-15,EXPRESO LA PLATA BUENOS AIRES S.A.,BSAS_LINEA_518,SI,COLECTIVO,MUNICIPAL,BUENOS AIRES,LA PLATA,936,NO,4,Abril,Martes,Día de semana,Otoño
2025-04-15,UNION PLATENSE SRL,BSAS_LINEA_520C,SI,COLECTIVO,MUNICIPAL,BUENOS AIRES,LA PLATA,17169,NO,4,Abril,Martes,Día de semana,Otoño
2025-04-15,EMPRESA NUEVE DE JULIO S.A.T.,BSAS_LINEA_561B,SI,COLECTIVO,MUNICIPAL,BUENOS AIRES,LA PLATA,1745,NO,4,Abril,Martes,Día de semana,Otoño
2025-04-15,EMPRESA NUEVE DE JULIO S.A.T.,LINEA OESTE,SI,COLECTIVO,MUNICIPAL,BUENOS AIRES,LA PLATA,77171,NO,4,Abril,Martes,Día de semana,Otoño
2025-04-15,FUERTE BARRAGAN S.A.T.I.C.I.,LINEA_506F_BSAS,SI,COLECTIVO,MUNICIPAL,BUENOS AIRES,LA PLATA,13873,NO,4,Abril,Martes,Día de semana,Otoño
2025-04-15,UNION PLATENSE SRL,NORTE MUNICIPAL,SI,COLECTIVO,MUNICIPAL,BUENOS AIRES,LA PLATA,14292,NO,4,Abril,Martes,Día de semana,Otoño
2025-04-16,UNION PLATENSE SRL,BSAS_LINEA_502_SUR,SI,COLECTIVO,MUNICIPAL,BUENOS AIRES,LA PLATA,16484,NO,4,Abril,Miércoles,Día de semana,Otoño
2025-04-16,MICROEXPRES S.A.,BSAS_LINEA_503_ESTE,SI,COLECTIVO,MUNICIPAL,BUENOS AIRES,LA PLATA,9971,NO,4,Abril,Miércoles,Día de semana,Otoño
2025-04-16,EXPRESO LA PLATA BUENOS AIRES S.A.,BSAS_LINEA_503E,SI,COLECTIVO,MUNICIPAL,BUENOS AIRES,LA PLATA,39097,NO,4,Abril,Miércoles,Día de semana,Otoño
2025-04-16,EMPRESA NUEVE DE JULIO S.A.T.,BSAS_LINEA_508C,SI,COLECTIVO,MUNICIPAL,BUENOS AIRES,LA PLATA,1403,NO,4,Abril,Miércoles,Día de semana,Otoño
2025-04-16,EXPRESO LA PLATA BUENOS AIRES S.A.,BSAS_LINEA_518,SI,COLECTIVO,MUNICIPAL,BUENOS AIRES,LA PLATA,1020,NO,4,Abril,Miércoles,Día de semana,Otoño
2025-04-16,UNION PLATENSE SRL,BSAS_LINEA_520C,SI,COLECTIVO,MUNICIPAL,BUENOS AIRES,LA PLATA,17938,NO,4,Abril,Miércoles,Día de semana,Otoño
2025-04-16,EMPRESA NUEVE DE JULIO S.A.T.,BSAS_LINEA_561B,SI,COLECTIVO,MUNICIPAL,BUENOS AIRES,LA PLATA,1863,NO,4,Abril,Miércoles,Día de semana,Otoño
2025-04-16,EMPRESA NUEVE DE JULIO S.A.T.,LINEA OESTE,SI,COLECTIVO,MUNICIPAL,BUENOS AIRES,LA PLATA,77018,NO,4,Abril,Miércoles,Día de semana,Otoño
2025-04-16,FUERTE BARRAGAN S.A.T.I.C.I.,LINEA_506F_BSAS,SI,COLECTIVO,MUNICIPAL,BUENOS AIRES,LA PLATA,14579,NO,4,Abril,Miércoles,Día de semana,Otoño
2025-04-16,UNION PLATENSE SRL,NORTE MUNICIPAL,SI,COLECTIVO,MUNICIPAL,BUENOS AIRES,LA PLATA,14938,NO,4,Abril,Miércoles,Día de semana,Otoño
2025-04-17,UNION PLATENSE SRL,BSAS_LINEA_502_SUR,SI,COLECTIVO,MUNICIPAL,BUENOS AIRES,LA PLATA,4088,NO,4,Abril,Jueves,Día de semana,Otoño
2025-04-17,MICROEXPRES S.A.,BSAS_LINEA_503_ESTE,SI,COLECTIVO,MUNICIPAL,BUENOS AIRES,LA PLATA,3510,NO,4,Abril,Jueves,Día de semana,Otoño
2025-04-17,EXPRESO LA PLATA BUENOS AIRES S.A.,BSAS_LINEA_503E,SI,COLECTIVO,MUNICIPAL,BUENOS AIRES,LA PLATA,13974,NO,4,Abril,Jueves,Día de semana,Otoño
2025-04-17,EMPRESA NUEVE DE JULIO S.A.T.,BSAS_LINEA_508C,SI,COLECTIVO,MUNICIPAL,BUENOS AIRES,LA PLATA,382,NO,4,Abril,Jueves,Día de semana,Otoño
2025-04-17,UNION PLATENSE SRL,BSAS_LINEA_520C,SI,COLECTIVO,MUNICIPAL,BUENOS AIRES,LA PLATA,5365,NO,4,Abril,Jueves,Día de semana,Otoño
2025-04-17,EMPRESA NUEVE DE JULIO S.A.T.,BSAS_LINEA_561B,SI,COLECTIVO,MUNICIPAL,BUENOS AIRES,LA PLATA,424,NO,4,Abril,Jueves,Día de semana,Otoño
2025-04-17,EMPRESA NUEVE DE JULIO S.A.T.,LINEA OESTE,SI,COLECTIVO,MUNICIPAL,BUENOS AIRES,LA PLATA,27207,NO,4,Abril,Jueves,Día de semana,Otoño
2025-04-17,FUERTE BARRAGAN S.A.T.I.C.I.,LINEA_506F_BSAS,SI,COLECTIVO,MUNICIPAL,BUENOS AIRES,LA PLATA,5055,NO,4,Abril,Jueves,Día de semana,Otoño
2025-04-17,UNION PLATENSE SRL,NORTE MUNICIPAL,SI,COLECTIVO,MUNICIPAL,BUENOS AIRES,LA PLATA,3612,NO,4,Abril,Jueves,Día de semana,Otoño
2025-04-18,UNION PLATENSE SRL,BSAS_LINEA_502_SUR,SI,COLECTIVO,MUNICIPAL,BUENOS AIRES,LA PLATA,1897,NO,4,Abril,Viernes,Día de semana,Otoño
2025-04-18,MICROEXPRES S.A.,BSAS_LINEA_503_ESTE,SI,COLECTIVO,MUNICIPAL,BUENOS AIRES,LA PLATA,2563,NO,4,Abril,Viernes,Día de semana,Otoño
2025-04-18,EXPRESO LA PLATA BUENOS AIRES S.A.,BSAS_LINEA_503E,SI,COLECTIVO,MUNICIPAL,BUENOS AIRES,LA PLATA,10525,NO,4,Abril,Viernes,Día de semana,Otoño
2025-04-18,EMPRESA NUEVE DE JULIO S.A.T.,BSAS_LINEA_508C,SI,COLECTIVO,MUNICIPAL,BUENOS AIRES,LA PLATA,304,NO,4,Abril,Viernes,Día de semana,Otoño
2025-04-18,EXPRESO LA PLATA BUENOS AIRES S.A.,BSAS_LINEA_518,SI,COLECTIVO,MUNICIPAL,BUENOS AIRES,LA PLATA,203,NO,4,Abril,Viernes,Día de semana,Otoño
2025-04-18,UNION PLATENSE SRL,BSAS_LINEA_520C,SI,COLECTIVO,MUNICIPAL,BUENOS AIRES,LA PLATA,3386,NO,4,Abril,Viernes,Día de semana,Otoño
2025-04-18,EMPRESA NUEVE DE JULIO S.A.T.,BSAS_LINEA_561B,SI,COLECTIVO,MUNICIPAL,BUENOS AIRES,LA PLATA,308,NO,4,Abril,Viernes,Día de semana,Otoño
2025-04-18,EMPRESA NUEVE DE JULIO S.A.T.,LINEA OESTE,SI,COLECTIVO,MUNICIPAL,BUENOS AIRES,LA PLATA,19562,NO,4,Abril,Viernes,Día de semana,Otoño
2025-04-18,FUERTE BARRAGAN S.A.T.I.C.I.,LINEA_506F_BSAS,SI,COLECTIVO,MUNICIPAL,BUENOS AIRES,LA PLATA,3870,NO,4,Abril,Viernes,Día de semana,Otoño
2025-04-18,UNION PLATENSE SRL,NORTE MUNICIPAL,SI,COLECTIVO,MUNICIPAL,BUENOS AIRES,LA PLATA,2312,NO,4,Abril,Viernes,Día de semana,Otoño
2025-04-19,UNION PLATENSE SRL,BSAS_LINEA_502_SUR,SI,COLECTIVO,MUNICIPAL,BUENOS AIRES,LA PLATA,4046,NO,4,Abril,Sábado,Fin de semana,Otoño
2025-04-19,MICROEXPRES S.A.,BSAS_LINEA_503_ESTE,SI,COLECTIVO,MUNICIPAL,BUENOS AIRES,LA PLATA,3721,NO,4,Abril,Sábado,Fin de semana,Otoño
2025-04-19,EXPRESO LA PLATA BUENOS AIRES S.A.,BSAS_LINEA_503E,SI,COLECTIVO,MUNICIPAL,BUENOS AIRES,LA PLATA,15482,NO,4,Abril,Sábado,Fin de semana,Otoño
2025-04-19,EMPRESA NUEVE DE JULIO S.A.T.,BSAS_LINEA_508C,SI,COLECTIVO,MUNICIPAL,BUENOS AIRES,LA PLATA,386,NO,4,Abril,Sábado,Fin de semana,Otoño
2025-04-19,EXPRESO LA PLATA BUENOS AIRES S.A.,BSAS_LINEA_518,SI,COLECTIVO,MUNICIPAL,BUENOS AIRES,LA PLATA,330,NO,4,Abril,Sábado,Fin de semana,Otoño
2025-04-19,UNION PLATENSE SRL,BSAS_LINEA_520C,SI,COLECTIVO,MUNICIPAL,BUENOS AIRES,LA PLATA,5489,NO,4,Abril,Sábado,Fin de semana,Otoño
2025-04-19,EMPRESA NUEVE DE JULIO S.A.T.,BSAS_LINEA_561B,SI,COLECTIVO,MUNICIPAL,BUENOS AIRES,LA PLATA,443,NO,4,Abril,Sábado,Fin de semana,Otoño
2025-04-19,EMPRESA NUEVE DE JULIO S.A.T.,LINEA OESTE,SI,COLECTIVO,MUNICIPAL,BUENOS AIRES,LA PLATA,28052,NO,4,Abril,Sábado,Fin de semana,Otoño
2025-04-19,FUERTE BARRAGAN S.A.T.I.C.I.,LINEA_506F_BSAS,SI,COLECTIVO,MUNICIPAL,BUENOS AIRES,LA PLATA,4751,NO,4,Abril,Sábado,Fin de semana,Otoño
2025-04-19,UNION PLATENSE SRL,NORTE MUNICIPAL,SI,COLECTIVO,MUNICIPAL,BUENOS AIRES,LA PLATA,3451,NO,4,Abril,Sábado,Fin de semana,Otoño
2025-04-20,UNION PLATENSE SRL,BSAS_LINEA_502_SUR,SI,COLECTIVO,MUNICIPAL,BUENOS AIRES,LA PLATA,1356,NO,4,Abril,Domingo,Fin de semana,Otoño
2025-04-20,MICROEXPRES S.A.,BSAS_LINEA_503_ESTE,SI,COLECTIVO,MUNICIPAL,BUENOS AIRES,LA PLATA,2246,NO,4,Abril,Domingo,Fin de semana,Otoño
2025-04-20,EXPRESO LA PLATA BUENOS AIRES S.A.,BSAS_LINEA_503E,SI,COLECTIVO,MUNICIPAL,BUENOS AIRES,LA PLATA,10032,NO,4,Abril,Domingo,Fin de semana,Otoño
2025-04-20,EMPRESA NUEVE DE JULIO S.A.T.,BSAS_LINEA_508C,SI,COLECTIVO,MUNICIPAL,BUENOS AIRES,LA PLATA,230,NO,4,Abril,Domingo,Fin de semana,Otoño
2025-04-20,UNION PLATENSE SRL,BSAS_LINEA_520C,SI,COLECTIVO,MUNICIPAL,BUENOS AIRES,LA PLATA,2757,NO,4,Abril,Domingo,Fin de semana,Otoño
2025-04-20,EMPRESA NUEVE DE JULIO S.A.T.,BSAS_LINEA_561B,SI,COLECTIVO,MUNICIPAL,BUENOS AIRES,LA PLATA,333,NO,4,Abril,Domingo,Fin de semana,Otoño
2025-04-20,EMPRESA NUEVE DE JULIO S.A.T.,LINEA OESTE,SI,COLECTIVO,MUNICIPAL,BUENOS AIRES,LA PLATA,17106,NO,4,Abril,Domingo,Fin de semana,Otoño
2025-04-20,FUERTE BARRAGAN S.A.T.I.C.I.,LINEA_506F_BSAS,SI,COLECTIVO,MUNICIPAL,BUENOS AIRES,LA PLATA,3412,NO,4,Abril,Domingo,Fin de semana,Otoño
2025-04-20,UNION PLATENSE SRL,NORTE MUNICIPAL,SI,COLECTIVO,MUNICIPAL,BUENOS AIRES,LA PLATA,1966,NO,4,Abril,Domingo,Fin de semana,Otoño
2025-04-21,UNION PLATENSE SRL,BSAS_LINEA_502_SUR,SI,COLECTIVO,MUNICIPAL,BUENOS AIRES,LA PLATA,14638,NO,4,Abril,Lunes,Día de semana,Otoño
2025-04-21,MICROEXPRES S.A.,BSAS_LINEA_503_ESTE,SI,COLECTIVO,MUNICIPAL,BUENOS AIRES,LA PLATA,9277,NO,4,Abril,Lunes,Día de semana,Otoño
2025-04-21,EXPRESO LA PLATA BUENOS AIRES S.A.,BSAS_LINEA_503E,SI,COLECTIVO,MUNICIPAL,BUENOS AIRES,LA PLATA,36671,NO,4,Abril,Lunes,Día de semana,Otoño
2025-04-21,EMPRESA NUEVE DE JULIO S.A.T.,BSAS_LINEA_508C,SI,COLECTIVO,MUNICIPAL,BUENOS AIRES,LA PLATA,1337,NO,4,Abril,Lunes,Día de semana,Otoño
2025-04-21,EXPRESO LA PLATA BUENOS AIRES S.A.,BSAS_LINEA_518,SI,COLECTIVO,MUNICIPAL,BUENOS AIRES,LA PLATA,911,NO,4,Abril,Lunes,Día de semana,Otoño
2025-04-21,UNION PLATENSE SRL,BSAS_LINEA_520C,SI,COLECTIVO,MUNICIPAL,BUENOS AIRES,LA PLATA,17025,NO,4,Abril,Lunes,Día de semana,Otoño
2025-04-21,EMPRESA NUEVE DE JULIO S.A.T.,BSAS_LINEA_561B,SI,COLECTIVO,MUNICIPAL,BUENOS AIRES,LA PLATA,1778,NO,4,Abril,Lunes,Día de semana,Otoño
2025-04-21,EMPRESA NUEVE DE JULIO S.A.T.,LINEA OESTE,SI,COLECTIVO,MUNICIPAL,BUENOS AIRES,LA PLATA,75119,NO,4,Abril,Lunes,Día de semana,Otoño
2025-04-21,FUERTE BARRAGAN S.A.T.I.C.I.,LINEA_506F_BSAS,SI,COLECTIVO,MUNICIPAL,BUENOS AIRES,LA PLATA,13358,NO,4,Abril,Lunes,Día de semana,Otoño
2025-04-21,UNION PLATENSE SRL,NORTE MUNICIPAL,SI,COLECTIVO,MUNICIPAL,BUENOS AIRES,LA PLATA,14000,NO,4,Abril,Lunes,Día de semana,Otoño
2025-04-22,UNION PLATENSE SRL,BSAS_LINEA_502_SUR,SI,COLECTIVO,MUNICIPAL,BUENOS AIRES,LA PLATA,14539,NO,4,Abril,Martes,Día de semana,Otoño
2025-04-22,MICROEXPRES S.A.,BSAS_LINEA_503_ESTE,SI,COLECTIVO,MUNICIPAL,BUENOS AIRES,LA PLATA,9188,NO,4,Abril,Martes,Día de semana,Otoño
2025-04-22,EXPRESO LA PLATA BUENOS AIRES S.A.,BSAS_LINEA_503E,SI,COLECTIVO,MUNICIPAL,BUENOS AIRES,LA PLATA,35834,NO,4,Abril,Martes,Día de semana,Otoño
2025-04-22,EMPRESA NUEVE DE JULIO S.A.T.,BSAS_LINEA_508C,SI,COLECTIVO,MUNICIPAL,BUENOS AIRES,LA PLATA,1213,NO,4,Abril,Martes,Día de semana,Otoño
2025-04-22,EXPRESO LA PLATA BUENOS AIRES S.A.,BSAS_LINEA_518,SI,COLECTIVO,MUNICIPAL,BUENOS AIRES,LA PLATA,868,NO,4,Abril,Martes,Día de semana,Otoño
2025-04-22,UNION PLATENSE SRL,BSAS_LINEA_520C,SI,COLECTIVO,MUNICIPAL,BUENOS AIRES,LA PLATA,16487,NO,4,Abril,Martes,Día de semana,Otoño
2025-04-22,EMPRESA NUEVE DE JULIO S.A.T.,BSAS_LINEA_561B,SI,COLECTIVO,MUNICIPAL,BUENOS AIRES,LA PLATA,1677,NO,4,Abril,Martes,Día de semana,Otoño
2025-04-22,EMPRESA NUEVE DE JULIO S.A.T.,LINEA OESTE,SI,COLECTIVO,MUNICIPAL,BUENOS AIRES,LA PLATA,72752,NO,4,Abril,Martes,Día de semana,Otoño
2025-04-22,FUERTE BARRAGAN S.A.T.I.C.I.,LINEA_506F_BSAS,SI,COLECTIVO,MUNICIPAL,BUENOS AIRES,LA PLATA,13152,NO,4,Abril,Martes,Día de semana,Otoño
2025-04-22,UNION PLATENSE SRL,NORTE MUNICIPAL,SI,COLECTIVO,MUNICIPAL,BUENOS AIRES,LA PLATA,13419,NO,4,Abril,Martes,Día de semana,Otoño
2025-04-23,UNION PLATENSE SRL,BSAS_LINEA_502_SUR,SI,COLECTIVO,MUNICIPAL,BUENOS AIRES,LA PLATA,14432,NO,4,Abril,Miércoles,Día de semana,Otoño
2025-04-23,MICROEXPRES S.A.,BSAS_LINEA_503_ESTE,SI,COLECTIVO,MUNICIPAL,BUENOS AIRES,LA PLATA,9115,NO,4,Abril,Miércoles,Día de semana,Otoño
2025-04-23,EXPRESO LA PLATA BUENOS AIRES S.A.,BSAS_LINEA_503E,SI,COLECTIVO,MUNICIPAL,BUENOS AIRES,LA PLATA,41324,NO,4,Abril,Miércoles,Día de semana,Otoño
2025-04-23,EMPRESA NUEVE DE JULIO S.A.T.,BSAS_LINEA_508C,SI,COLECTIVO,MUNICIPAL,BUENOS AIRES,LA PLATA,1259,NO,4,Abril,Miércoles,Día de semana,Otoño
2025-04-23,EXPRESO LA PLATA BUENOS AIRES S.A.,BSAS_LINEA_518,SI,COLECTIVO,MUNICIPAL,BUENOS AIRES,LA PLATA,870,NO,4,Abril,Miércoles,Día de semana,Otoño
2025-04-23,UNION PLATENSE SRL,BSAS_LINEA_520C,SI,COLECTIVO,MUNICIPAL,BUENOS AIRES,LA PLATA,16031,NO,4,Abril,Miércoles,Día de semana,Otoño
2025-04-23,EMPRESA NUEVE DE JULIO S.A.T.,BSAS_LINEA_561B,SI,COLECTIVO,MUNICIPAL,BUENOS AIRES,LA PLATA,1684,NO,4,Abril,Miércoles,Día de semana,Otoño
2025-04-23,EMPRESA NUEVE DE JULIO S.A.T.,LINEA OESTE,SI,COLECTIVO,MUNICIPAL,BUENOS AIRES,LA PLATA,73661,NO,4,Abril,Miércoles,Día de semana,Otoño
2025-04-23,FUERTE BARRAGAN S.A.T.I.C.I.,LINEA_506F_BSAS,SI,COLECTIVO,MUNICIPAL,BUENOS AIRES,LA PLATA,13443,NO,4,Abril,Miércoles,Día de semana,Otoño
2025-04-23,UNION PLATENSE SRL,NORTE MUNICIPAL,SI,COLECTIVO,MUNICIPAL,BUENOS AIRES,LA PLATA,13219,NO,4,Abril,Miércoles,Día de semana,Otoño
2025-04-24,UNION PLATENSE SRL,BSAS_LINEA_502_SUR,SI,COLECTIVO,MUNICIPAL,BUENOS AIRES,LA PLATA,14922,NO,4,Abril,Jueves,Día de semana,Otoño
2025-04-24,MICROEXPRES S.A.,BSAS_LINEA_503_ESTE,SI,COLECTIVO,MUNICIPAL,BUENOS AIRES,LA PLATA,9431,NO,4,Abril,Jueves,Día de semana,Otoño
2025-04-24,EXPRESO LA PLATA BUENOS AIRES S.A.,BSAS_LINEA_503E,SI,COLECTIVO,MUNICIPAL,BUENOS AIRES,LA PLATA,36788,NO,4,Abril,Jueves,Día de semana,Otoño
2025-04-24,EMPRESA NUEVE DE JULIO S.A.T.,BSAS_LINEA_508C,SI,COLECTIVO,MUNICIPAL,BUENOS AIRES,LA PLATA,1329,NO,4,Abril,Jueves,Día de semana,Otoño
2025-04-24,EXPRESO LA PLATA BUENOS AIRES S.A.,BSAS_LINEA_518,SI,COLECTIVO,MUNICIPAL,BUENOS AIRES,LA PLATA,990,NO,4,Abril,Jueves,Día de semana,Otoño
2025-04-24,UNION PLATENSE SRL,BSAS_LINEA_520C,SI,COLECTIVO,MUNICIPAL,BUENOS AIRES,LA PLATA,16819,NO,4,Abril,Jueves,Día de semana,Otoño
2025-04-24,EMPRESA NUEVE DE JULIO S.A.T.,BSAS_LINEA_561B,SI,COLECTIVO,MUNICIPAL,BUENOS AIRES,LA PLATA,1831,NO,4,Abril,Jueves,Día de semana,Otoño
2025-04-24,EMPRESA NUEVE DE JULIO S.A.T.,LINEA OESTE,SI,COLECTIVO,MUNICIPAL,BUENOS AIRES,LA PLATA,77098,NO,4,Abril,Jueves,Día de semana,Otoño
2025-04-24,FUERTE BARRAGAN S.A.T.I.C.I.,LINEA_506F_BSAS,SI,COLECTIVO,MUNICIPAL,BUENOS AIRES,LA PLATA,13401,NO,4,Abril,Jueves,Día de semana,Otoño
2025-04-24,UNION PLATENSE SRL,NORTE MUNICIPAL,SI,COLECTIVO,MUNICIPAL,BUENOS AIRES,LA PLATA,13936,NO,4,Abril,Jueves,Día de semana,Otoño
2025-04-25,UNION PLATENSE SRL,BSAS_LINEA_502_SUR,SI,COLECTIVO,MUNICIPAL,BUENOS AIRES,LA PLATA,14565,NO,4,Abril,Viernes,Día de semana,Otoño
2025-04-25,MICROEXPRES S.A.,BSAS_LINEA_503_ESTE,SI,COLECTIVO,MUNICIPAL,BUENOS AIRES,LA PLATA,9265,NO,4,Abril,Viernes,Día de semana,Otoño
2025-04-25,EXPRESO LA PLATA BUENOS AIRES S.A.,BSAS_LINEA_503E,SI,COLECTIVO,MUNICIPAL,BUENOS AIRES,LA PLATA,36201,NO,4,Abril,Viernes,Día de semana,Otoño
2025-04-25,EMPRESA NUEVE DE JULIO S.A.T.,BSAS_LINEA_508C,SI,COLECTIVO,MUNICIPAL,BUENOS AIRES,LA PLATA,1147,NO,4,Abril,Viernes,Día de semana,Otoño
2025-04-25,EXPRESO LA PLATA BUENOS AIRES S.A.,BSAS_LINEA_518,SI,COLECTIVO,MUNICIPAL,BUENOS AIRES,LA PLATA,860,NO,4,Abril,Viernes,Día de semana,Otoño
2025-04-25,UNION PLATENSE SRL,BSAS_LINEA_520C,SI,COLECTIVO,MUNICIPAL,BUENOS AIRES,LA PLATA,16618,NO,4,Abril,Viernes,Día de semana,Otoño
2025-04-25,EMPRESA NUEVE DE JULIO S.A.T.,BSAS_LINEA_561B,SI,COLECTIVO,MUNICIPAL,BUENOS AIRES,LA PLATA,1823,NO,4,Abril,Viernes,Día de semana,Otoño
2025-04-25,EMPRESA NUEVE DE JULIO S.A.T.,LINEA OESTE,SI,COLECTIVO,MUNICIPAL,BUENOS AIRES,LA PLATA,75856,NO,4,Abril,Viernes,Día de semana,Otoño
2025-04-25,FUERTE BARRAGAN S.A.T.I.C.I.,LINEA_506F_BSAS,SI,COLECTIVO,MUNICIPAL,BUENOS AIRES,LA PLATA,13459,NO,4,Abril,Viernes,Día de semana,Otoño
2025-04-25,UNION PLATENSE SRL,NORTE MUNICIPAL,SI,COLECTIVO,MUNICIPAL,BUENOS AIRES,LA PLATA,14100,NO,4,Abril,Viernes,Día de semana,Otoño
2025-04-26,UNION PLATENSE SRL,BSAS_LINEA_502_SUR,SI,COLECTIVO,MUNICIPAL,BUENOS AIRES,LA PLATA,4786,NO,4,Abril,Sábado,Fin de semana,Otoño
2025-04-26,MICROEXPRES S.A.,BSAS_LINEA_503_ESTE,SI,COLECTIVO,MUNICIPAL,BUENOS AIRES,LA PLATA,4126,NO,4,Abril,Sábado,Fin de semana,Otoño
2025-04-26,EXPRESO LA PLATA BUENOS AIRES S.A.,BSAS_LINEA_503E,SI,COLECTIVO,MUNICIPAL,BUENOS AIRES,LA PLATA,17360,NO,4,Abril,Sábado,Fin de semana,Otoño
2025-04-26,EMPRESA NUEVE DE JULIO S.A.T.,BSAS_LINEA_508C,SI,COLECTIVO,MUNICIPAL,BUENOS AIRES,LA PLATA,433,NO,4,Abril,Sábado,Fin de semana,Otoño
2025-04-26,EXPRESO LA PLATA BUENOS AIRES S.A.,BSAS_LINEA_518,SI,COLECTIVO,MUNICIPAL,BUENOS AIRES,LA PLATA,372,NO,4,Abril,Sábado,Fin de semana,Otoño
2025-04-26,UNION PLATENSE SRL,BSAS_LINEA_520C,SI,COLECTIVO,MUNICIPAL,BUENOS AIRES,LA PLATA,6105,NO,4,Abril,Sábado,Fin de semana,Otoño
2025-04-26,EMPRESA NUEVE DE JULIO S.A.T.,BSAS_LINEA_561B,SI,COLECTIVO,MUNICIPAL,BUENOS AIRES,LA PLATA,534,NO,4,Abril,Sábado,Fin de semana,Otoño
2025-04-26,EMPRESA NUEVE DE JULIO S.A.T.,LINEA OESTE,SI,COLECTIVO,MUNICIPAL,BUENOS AIRES,LA PLATA,32622,NO,4,Abril,Sábado,Fin de semana,Otoño
2025-04-26,FUERTE BARRAGAN S.A.T.I.C.I.,LINEA_506F_BSAS,SI,COLECTIVO,MUNICIPAL,BUENOS AIRES,LA PLATA,5270,NO,4,Abril,Sábado,Fin de semana,Otoño
2025-04-26,UNION PLATENSE SRL,NORTE MUNICIPAL,SI,COLECTIVO,MUNICIPAL,BUENOS AIRES,LA PLATA,3964,NO,4,Abril,Sábado,Fin de semana,Otoño
2025-04-27,UNION PLATENSE SRL,BSAS_LINEA_502_SUR,SI,COLECTIVO,MUNICIPAL,BUENOS AIRES,LA PLATA,1412,NO,4,Abril,Domingo,Fin de semana,Otoño
2025-04-27,MICROEXPRES S.A.,BSAS_LINEA_503_ESTE,SI,COLECTIVO,MUNICIPAL,BUENOS AIRES,LA PLATA,2770,NO,4,Abril,Domingo,Fin de semana,Otoño
2025-04-27,EXPRESO LA PLATA BUENOS AIRES S.A.,BSAS_LINEA_503E,SI,COLECTIVO,MUNICIPAL,BUENOS AIRES,LA PLATA,10258,NO,4,Abril,Domingo,Fin de semana,Otoño
2025-04-27,EMPRESA NUEVE DE JULIO S.A.T.,BSAS_LINEA_508C,SI,COLECTIVO,MUNICIPAL,BUENOS AIRES,LA PLATA,303,NO,4,Abril,Domingo,Fin de semana,Otoño
2025-04-27,UNION PLATENSE SRL,BSAS_LINEA_520C,SI,COLECTIVO,MUNICIPAL,BUENOS AIRES,LA PLATA,2757,NO,4,Abril,Domingo,Fin de semana,Otoño
2025-04-27,EMPRESA NUEVE DE JULIO S.A.T.,BSAS_LINEA_561B,SI,COLECTIVO,MUNICIPAL,BUENOS AIRES,LA PLATA,301,NO,4,Abril,Domingo,Fin de semana,Otoño
2025-04-27,EMPRESA NUEVE DE JULIO S.A.T.,LINEA OESTE,SI,COLECTIVO,MUNICIPAL,BUENOS AIRES,LA PLATA,18517,NO,4,Abril,Domingo,Fin de semana,Otoño
2025-04-27,FUERTE BARRAGAN S.A.T.I.C.I.,LINEA_506F_BSAS,SI,COLECTIVO,MUNICIPAL,BUENOS AIRES,LA PLATA,3321,NO,4,Abril,Domingo,Fin de semana,Otoño
2025-04-27,UNION PLATENSE SRL,NORTE MUNICIPAL,SI,COLECTIVO,MUNICIPAL,BUENOS AIRES,LA PLATA,2090,NO,4,Abril,Domingo,Fin de semana,Otoño
2025-04-28,UNION PLATENSE SRL,BSAS_LINEA_502_SUR,SI,COLECTIVO,MUNICIPAL,BUENOS AIRES,LA PLATA,14921,NO,4,Abril,Lunes,Día de semana,Otoño
2025-04-28,MICROEXPRES S.A.,BSAS_LINEA_503_ESTE,SI,COLECTIVO,MUNICIPAL,BUENOS AIRES,LA PLATA,9447,NO,4,Abril,Lunes,Día de semana,Otoño
2025-04-28,EXPRESO LA PLATA BUENOS AIRES S.A.,BSAS_LINEA_503E,SI,COLECTIVO,MUNICIPAL,BUENOS AIRES,LA PLATA,35788,NO,4,Abril,Lunes,Día de semana,Otoño
2025-04-28,EMPRESA NUEVE DE JULIO S.A.T.,BSAS_LINEA_508C,SI,COLECTIVO,MUNICIPAL,BUENOS AIRES,LA PLATA,1269,NO,4,Abril,Lunes,Día de semana,Otoño
2025-04-28,EXPRESO LA PLATA BUENOS AIRES S.A.,BSAS_LINEA_518,SI,COLECTIVO,MUNICIPAL,BUENOS AIRES,LA PLATA,870,NO,4,Abril,Lunes,Día de semana,Otoño
2025-04-28,UNION PLATENSE SRL,BSAS_LINEA_520C,SI,COLECTIVO,MUNICIPAL,BUENOS AIRES,LA PLATA,16592,NO,4,Abril,Lunes,Día de semana,Otoño
2025-04-28,EMPRESA NUEVE DE JULIO S.A.T.,BSAS_LINEA_561B,SI,COLECTIVO,MUNICIPAL,BUENOS AIRES,LA PLATA,1732,NO,4,Abril,Lunes,Día de semana,Otoño
2025-04-28,EMPRESA NUEVE DE JULIO S.A.T.,LINEA OESTE,SI,COLECTIVO,MUNICIPAL,BUENOS AIRES,LA PLATA,75549,NO,4,Abril,Lunes,Día de semana,Otoño
2025-04-28,FUERTE BARRAGAN S.A.T.I.C.I.,LINEA_506F_BSAS,SI,COLECTIVO,MUNICIPAL,BUENOS AIRES,LA PLATA,13678,NO,4,Abril,Lunes,Día de semana,Otoño
2025-04-28,UNION PLATENSE SRL,NORTE MUNICIPAL,SI,COLECTIVO,MUNICIPAL,BUENOS AIRES,LA PLATA,14084,NO,4,Abril,Lunes,Día de semana,Otoño
2025-04-29,UNION PLATENSE SRL,BSAS_LINEA_502_SUR,SI,COLECTIVO,MUNICIPAL,BUENOS AIRES,LA PLATA,14950,NO,4,Abril,Martes,Día de semana,Otoño
2025-04-29,MICROEXPRES S.A.,BSAS_LINEA_503_ESTE,SI,COLECTIVO,MUNICIPAL,BUENOS AIRES,LA PLATA,9344,NO,4,Abril,Martes,Día de semana,Otoño
2025-04-29,EXPRESO LA PLATA BUENOS AIRES S.A.,BSAS_LINEA_503E,SI,COLECTIVO,MUNICIPAL,BUENOS AIRES,LA PLATA,35726,NO,4,Abril,Martes,Día de semana,Otoño
2025-04-29,EMPRESA NUEVE DE JULIO S.A.T.,BSAS_LINEA_508C,SI,COLECTIVO,MUNICIPAL,BUENOS AIRES,LA PLATA,1323,NO,4,Abril,Martes,Día de semana,Otoño
2025-04-29,EXPRESO LA PLATA BUENOS AIRES S.A.,BSAS_LINEA_518,SI,COLECTIVO,MUNICIPAL,BUENOS AIRES,LA PLATA,1014,NO,4,Abril,Martes,Día de semana,Otoño
2025-04-29,UNION PLATENSE SRL,BSAS_LINEA_520C,SI,COLECTIVO,MUNICIPAL,BUENOS AIRES,LA PLATA,16378,NO,4,Abril,Martes,Día de semana,Otoño
2025-04-29,EMPRESA NUEVE DE JULIO S.A.T.,BSAS_LINEA_561B,SI,COLECTIVO,MUNICIPAL,BUENOS AIRES,LA PLATA,1760,NO,4,Abril,Martes,Día de semana,Otoño
2025-04-29,EMPRESA NUEVE DE JULIO S.A.T.,LINEA OESTE,SI,COLECTIVO,MUNICIPAL,BUENOS AIRES,LA PLATA,75560,NO,4,Abril,Martes,Día de semana,Otoño
2025-04-29,FUERTE BARRAGAN S.A.T.I.C.I.,LINEA_506F_BSAS,SI,COLECTIVO,MUNICIPAL,BUENOS AIRES,LA PLATA,13296,NO,4,Abril,Martes,Día de semana,Otoño
2025-04-29,UNION PLATENSE SRL,NORTE MUNICIPAL,SI,COLECTIVO,MUNICIPAL,BUENOS AIRES,LA PLATA,14213,NO,4,Abril,Martes,Día de semana,Otoño
2025-04-30,UNION PLATENSE SRL,BSAS_LINEA_502_SUR,SI,COLECTIVO,MUNICIPAL,BUENOS AIRES,LA PLATA,14655,NO,4,Abril,Miércoles,Día de semana,Otoño
2025-04-30,MICROEXPRES S.A.,BSAS_LINEA_503_ESTE,SI,COLECTIVO,MUNICIPAL,BUENOS AIRES,LA PLATA,9652,NO,4,Abril,Miércoles,Día de semana,Otoño
2025-04-30,EXPRESO LA PLATA BUENOS AIRES S.A.,BSAS_LINEA_503E,SI,COLECTIVO,MUNICIPAL,BUENOS AIRES,LA PLATA,36712,NO,4,Abril,Miércoles,Día de semana,Otoño
2025-04-30,EMPRESA NUEVE DE JULIO S.A.T.,BSAS_LINEA_508C,SI,COLECTIVO,MUNICIPAL,BUENOS AIRES,LA PLATA,1443,NO,4,Abril,Miércoles,Día de semana,Otoño
2025-04-30,EXPRESO LA PLATA BUENOS AIRES S.A.,BSAS_LINEA_518,SI,COLECTIVO,MUNICIPAL,BUENOS AIRES,LA PLATA,1149,NO,4,Abril,Miércoles,Día de semana,Otoño
2025-04-30,UNION PLATENSE SRL,BSAS_LINEA_520C,SI,COLECTIVO,MUNICIPAL,BUENOS AIRES,LA PLATA,16538,NO,4,Abril,Miércoles,Día de semana,Otoño
2025-04-30,EMPRESA NUEVE DE JULIO S.A.T.,BSAS_LINEA_561B,SI,COLECTIVO,MUNICIPAL,BUENOS AIRES,LA PLATA,1817,NO,4,Abril,Miércoles,Día de semana,Otoño
2025-04-30,EMPRESA NUEVE DE JULIO S.A.T.,LINEA OESTE,SI,COLECTIVO,MUNICIPAL,BUENOS AIRES,LA PLATA,77809,NO,4,Abril,Miércoles,Día de semana,Otoño
2025-04-30,FUERTE BARRAGAN S.A.T.I.C.I.,LINEA_506F_BSAS,SI,COLECTIVO,MUNICIPAL,BUENOS AIRES,LA PLATA,15918,NO,4,Abril,Miércoles,Día de semana,Otoño
2025-04-30,UNION PLATENSE SRL,NORTE MUNICIPAL,SI,COLECTIVO,MUNICIPAL,BUENOS AIRES,LA PLATA,14176,NO,4,Abril,Miércoles,Día de semana,Otoño
2025-05-01,UNION PLATENSE SRL,BSAS_LINEA_502_SUR,SI,COLECTIVO,MUNICIPAL,BUENOS AIRES,LA PLATA,1605,NO,5,Mayo,Jueves,Día de semana,Otoño
2025-05-01,MICROEXPRES S.A.,BSAS_LINEA_503_ESTE,SI,COLECTIVO,MUNICIPAL,BUENOS AIRES,LA PLATA,2673,NO,5,Mayo,Jueves,Día de semana,Otoño
2025-05-01,EXPRESO LA PLATA BUENOS AIRES S.A.,BSAS_LINEA_503E,SI,COLECTIVO,MUNICIPAL,BUENOS AIRES,LA PLATA,5829,NO,5,Mayo,Jueves,Día de semana,Otoño
2025-05-01,EMPRESA NUEVE DE JULIO S.A.T.,BSAS_LINEA_508C,SI,COLECTIVO,MUNICIPAL,BUENOS AIRES,LA PLATA,208,NO,5,Mayo,Jueves,Día de semana,Otoño
2025-05-01,UNION PLATENSE SRL,BSAS_LINEA_520C,SI,COLECTIVO,MUNICIPAL,BUENOS AIRES,LA PLATA,7483,NO,5,Mayo,Jueves,Día de semana,Otoño
2025-05-01,EMPRESA NUEVE DE JULIO S.A.T.,BSAS_LINEA_561B,SI,COLECTIVO,MUNICIPAL,BUENOS AIRES,LA PLATA,262,NO,5,Mayo,Jueves,Día de semana,Otoño
2025-05-01,EMPRESA NUEVE DE JULIO S.A.T.,LINEA OESTE,SI,COLECTIVO,MUNICIPAL,BUENOS AIRES,LA PLATA,16421,NO,5,Mayo,Jueves,Día de semana,Otoño
2025-05-01,FUERTE BARRAGAN S.A.T.I.C.I.,LINEA_506F_BSAS,SI,COLECTIVO,MUNICIPAL,BUENOS AIRES,LA PLATA,2949,NO,5,Mayo,Jueves,Día de semana,Otoño
2025-05-01,UNION PLATENSE SRL,NORTE MUNICIPAL,SI,COLECTIVO,MUNICIPAL,BUENOS AIRES,LA PLATA,1837,NO,5,Mayo,Jueves,Día de semana,Otoño
2025-05-02,UNION PLATENSE SRL,BSAS_LINEA_502_SUR,SI,COLECTIVO,MUNICIPAL,BUENOS AIRES,LA PLATA,4748,NO,5,Mayo,Viernes,Día de semana,Otoño
2025-05-02,MICROEXPRES S.A.,BSAS_LINEA_503_ESTE,SI,COLECTIVO,MUNICIPAL,BUENOS AIRES,LA PLATA,4342,NO,5,Mayo,Viernes,Día de semana,Otoño
2025-05-02,EXPRESO LA PLATA BUENOS AIRES S.A.,BSAS_LINEA_503E,SI,COLECTIVO,MUNICIPAL,BUENOS AIRES,LA PLATA,15671,NO,5,Mayo,Viernes,Día de semana,Otoño
2025-05-02,EMPRESA NUEVE DE JULIO S.A.T.,BSAS_LINEA_508C,SI,COLECTIVO,MUNICIPAL,BUENOS AIRES,LA PLATA,536,NO,5,Mayo,Viernes,Día de semana,Otoño
2025-05-02,EXPRESO LA PLATA BUENOS AIRES S.A.,BSAS_LINEA_518,SI,COLECTIVO,MUNICIPAL,BUENOS AIRES,LA PLATA,376,NO,5,Mayo,Viernes,Día de semana,Otoño
2025-05-02,UNION PLATENSE SRL,BSAS_LINEA_520C,SI,COLECTIVO,MUNICIPAL,BUENOS AIRES,LA PLATA,5873,NO,5,Mayo,Viernes,Día de semana,Otoño
2025-05-02,EMPRESA NUEVE DE JULIO S.A.T.,BSAS_LINEA_561B,SI,COLECTIVO,MUNICIPAL,BUENOS AIRES,LA PLATA,537,NO,5,Mayo,Viernes,Día de semana,Otoño
2025-05-02,EMPRESA NUEVE DE JULIO S.A.T.,LINEA OESTE,SI,COLECTIVO,MUNICIPAL,BUENOS AIRES,LA PLATA,32366,NO,5,Mayo,Viernes,Día de semana,Otoño
2025-05-02,FUERTE BARRAGAN S.A.T.I.C.I.,LINEA_506F_BSAS,SI,COLECTIVO,MUNICIPAL,BUENOS AIRES,LA PLATA,5482,NO,5,Mayo,Viernes,Día de semana,Otoño
2025-05-02,UNION PLATENSE SRL,NORTE MUNICIPAL,SI,COLECTIVO,MUNICIPAL,BUENOS AIRES,LA PLATA,4488,NO,5,Mayo,Viernes,Día de semana,Otoño
2025-05-03,UNION PLATENSE SRL,BSAS_LINEA_502_SUR,SI,COLECTIVO,MUNICIPAL,BUENOS AIRES,LA PLATA,4387,NO,5,Mayo,Sábado,Fin de semana,Otoño
2025-05-03,MICROEXPRES S.A.,BSAS_LINEA_503_ESTE,SI,COLECTIVO,MUNICIPAL,BUENOS AIRES,LA PLATA,4181,NO,5,Mayo,Sábado,Fin de semana,Otoño
2025-05-03,EXPRESO LA PLATA BUENOS AIRES S.A.,BSAS_LINEA_503E,SI,COLECTIVO,MUNICIPAL,BUENOS AIRES,LA PLATA,16331,NO,5,Mayo,Sábado,Fin de semana,Otoño
2025-05-03,EMPRESA NUEVE DE JULIO S.A.T.,BSAS_LINEA_508C,SI,COLECTIVO,MUNICIPAL,BUENOS AIRES,LA PLATA,429,NO,5,Mayo,Sábado,Fin de semana,Otoño
2025-05-03,EXPRESO LA PLATA BUENOS AIRES S.A.,BSAS_LINEA_518,SI,COLECTIVO,MUNICIPAL,BUENOS AIRES,LA PLATA,447,NO,5,Mayo,Sábado,Fin de semana,Otoño
2025-05-03,UNION PLATENSE SRL,BSAS_LINEA_520C,SI,COLECTIVO,MUNICIPAL,BUENOS AIRES,LA PLATA,5323,NO,5,Mayo,Sábado,Fin de semana,Otoño
2025-05-03,EMPRESA NUEVE DE JULIO S.A.T.,BSAS_LINEA_561B,SI,COLECTIVO,MUNICIPAL,BUENOS AIRES,LA PLATA,514,NO,5,Mayo,Sábado,Fin de semana,Otoño
2025-05-03,EMPRESA NUEVE DE JULIO S.A.T.,LINEA OESTE,SI,COLECTIVO,MUNICIPAL,BUENOS AIRES,LA PLATA,31819,NO,5,Mayo,Sábado,Fin de semana,Otoño
2025-05-03,FUERTE BARRAGAN S.A.T.I.C.I.,LINEA_506F_BSAS,SI,COLECTIVO,MUNICIPAL,BUENOS AIRES,LA PLATA,4869,NO,5,Mayo,Sábado,Fin de semana,Otoño
2025-05-03,UNION PLATENSE SRL,NORTE MUNICIPAL,SI,COLECTIVO,MUNICIPAL,BUENOS AIRES,LA PLATA,3962,NO,5,Mayo,Sábado,Fin de semana,Otoño
2025-05-04,UNION PLATENSE SRL,BSAS_LINEA_502_SUR,SI,COLECTIVO,MUNICIPAL,BUENOS AIRES,LA PLATA,1451,NO,5,Mayo,Domingo,Fin de semana,Otoño
2025-05-04,MICROEXPRES S.A.,BSAS_LINEA_503_ESTE,SI,COLECTIVO,MUNICIPAL,BUENOS AIRES,LA PLATA,2289,NO,5,Mayo,Domingo,Fin de semana,Otoño
2025-05-04,EXPRESO LA PLATA BUENOS AIRES S.A.,BSAS_LINEA_503E,SI,COLECTIVO,MUNICIPAL,BUENOS AIRES,LA PLATA,9583,NO,5,Mayo,Domingo,Fin de semana,Otoño
2025-05-04,EMPRESA NUEVE DE JULIO S.A.T.,BSAS_LINEA_508C,SI,COLECTIVO,MUNICIPAL,BUENOS AIRES,LA PLATA,275,NO,5,Mayo,Domingo,Fin de semana,Otoño
2025-05-04,UNION PLATENSE SRL,BSAS_LINEA_520C,SI,COLECTIVO,MUNICIPAL,BUENOS AIRES,LA PLATA,2347,NO,5,Mayo,Domingo,Fin de semana,Otoño
2025-05-04,EMPRESA NUEVE DE JULIO S.A.T.,BSAS_LINEA_561B,SI,COLECTIVO,MUNICIPAL,BUENOS AIRES,LA PLATA,322,NO,5,Mayo,Domingo,Fin de semana,Otoño
2025-05-04,EMPRESA NUEVE DE JULIO S.A.T.,LINEA OESTE,SI,COLECTIVO,MUNICIPAL,BUENOS AIRES,LA PLATA,17051,NO,5,Mayo,Domingo,Fin de semana,Otoño
2025-05-04,FUERTE BARRAGAN S.A.T.I.C.I.,LINEA_506F_BSAS,SI,COLECTIVO,MUNICIPAL,BUENOS AIRES,LA PLATA,2993,NO,5,Mayo,Domingo,Fin de semana,Otoño
2025-05-04,UNION PLATENSE SRL,NORTE MUNICIPAL,SI,COLECTIVO,MUNICIPAL,BUENOS AIRES,LA PLATA,2089,NO,5,Mayo,Domingo,Fin de semana,Otoño
2025-05-05,UNION PLATENSE SRL,BSAS_LINEA_502_SUR,SI,COLECTIVO,MUNICIPAL,BUENOS AIRES,LA PLATA,11591,NO,5,Mayo,Lunes,Día de semana,Otoño
2025-05-05,MICROEXPRES S.A.,BSAS_LINEA_503_ESTE,SI,COLECTIVO,MUNICIPAL,BUENOS AIRES,LA PLATA,7377,NO,5,Mayo,Lunes,Día de semana,Otoño
2025-05-05,EXPRESO LA PLATA BUENOS AIRES S.A.,BSAS_LINEA_503E,SI,COLECTIVO,MUNICIPAL,BUENOS AIRES,LA PLATA,27227,NO,5,Mayo,Lunes,Día de semana,Otoño
2025-05-05,EMPRESA NUEVE DE JULIO S.A.T.,BSAS_LINEA_508C,SI,COLECTIVO,MUNICIPAL,BUENOS AIRES,LA PLATA,1021,NO,5,Mayo,Lunes,Día de semana,Otoño
2025-05-05,EXPRESO LA PLATA BUENOS AIRES S.A.,BSAS_LINEA_518,SI,COLECTIVO,MUNICIPAL,BUENOS AIRES,LA PLATA,731,NO,5,Mayo,Lunes,Día de semana,Otoño
2025-05-05,UNION PLATENSE SRL,BSAS_LINEA_520C,SI,COLECTIVO,MUNICIPAL,BUENOS AIRES,LA PLATA,12323,NO,5,Mayo,Lunes,Día de semana,Otoño
2025-05-05,EMPRESA NUEVE DE JULIO S.A.T.,BSAS_LINEA_561B,SI,COLECTIVO,MUNICIPAL,BUENOS AIRES,LA PLATA,1439,NO,5,Mayo,Lunes,Día de semana,Otoño
2025-05-05,EMPRESA NUEVE DE JULIO S.A.T.,LINEA OESTE,SI,COLECTIVO,MUNICIPAL,BUENOS AIRES,LA PLATA,55298,NO,5,Mayo,Lunes,Día de semana,Otoño
2025-05-05,FUERTE BARRAGAN S.A.T.I.C.I.,LINEA_506F_BSAS,SI,COLECTIVO,MUNICIPAL,BUENOS AIRES,LA PLATA,9524,NO,5,Mayo,Lunes,Día de semana,Otoño
2025-05-05,UNION PLATENSE SRL,NORTE MUNICIPAL,SI,COLECTIVO,MUNICIPAL,BUENOS AIRES,LA PLATA,11183,NO,5,Mayo,Lunes,Día de semana,Otoño
2025-05-06,EMPRESA NUEVE DE JULIO S.A.T.,LINEA OESTE,SI,COLECTIVO,MUNICIPAL,BUENOS AIRES,LA PLATA,3,NO,5,Mayo,Martes,Día de semana,Otoño
2025-05-07,UNION PLATENSE SRL,BSAS_LINEA_502_SUR,SI,COLECTIVO,MUNICIPAL,BUENOS AIRES,LA PLATA,14756,NO,5,Mayo,Miércoles,Día de semana,Otoño
2025-05-07,MICROEXPRES S.A.,BSAS_LINEA_503_ESTE,SI,COLECTIVO,MUNICIPAL,BUENOS AIRES,LA PLATA,8982,NO,5,Mayo,Miércoles,Día de semana,Otoño
2025-05-07,EXPRESO LA PLATA BUENOS AIRES S.A.,BSAS_LINEA_503E,SI,COLECTIVO,MUNICIPAL,BUENOS AIRES,LA PLATA,35314,NO,5,Mayo,Miércoles,Día de semana,Otoño
2025-05-07,EMPRESA NUEVE DE JULIO S.A.T.,BSAS_LINEA_508C,SI,COLECTIVO,MUNICIPAL,BUENOS AIRES,LA PLATA,1343,NO,5,Mayo,Miércoles,Día de semana,Otoño
2025-05-07,EXPRESO LA PLATA BUENOS AIRES S.A.,BSAS_LINEA_518,SI,COLECTIVO,MUNICIPAL,BUENOS AIRES,LA PLATA,886,NO,5,Mayo,Miércoles,Día de semana,Otoño
2025-05-07,UNION PLATENSE SRL,BSAS_LINEA_520C,SI,COLECTIVO,MUNICIPAL,BUENOS AIRES,LA PLATA,15360,NO,5,Mayo,Miércoles,Día de semana,Otoño
2025-05-07,EMPRESA NUEVE DE JULIO S.A.T.,BSAS_LINEA_561B,SI,COLECTIVO,MUNICIPAL,BUENOS AIRES,LA PLATA,1792,NO,5,Mayo,Miércoles,Día de semana,Otoño
2025-05-07,EMPRESA NUEVE DE JULIO S.A.T.,LINEA OESTE,SI,COLECTIVO,MUNICIPAL,BUENOS AIRES,LA PLATA,73306,NO,5,Mayo,Miércoles,Día de semana,Otoño
2025-05-07,FUERTE BARRAGAN S.A.T.I.C.I.,LINEA_506F_BSAS,SI,COLECTIVO,MUNICIPAL,BUENOS AIRES,LA PLATA,13758,NO,5,Mayo,Miércoles,Día de semana,Otoño
2025-05-07,UNION PLATENSE SRL,NORTE MUNICIPAL,SI,COLECTIVO,MUNICIPAL,BUENOS AIRES,LA PLATA,13958,NO,5,Mayo,Miércoles,Día de semana,Otoño
2025-05-08,UNION PLATENSE SRL,BSAS_LINEA_502_SUR,SI,COLECTIVO,MUNICIPAL,BUENOS AIRES,LA PLATA,14025,NO,5,Mayo,Jueves,Día de semana,Otoño
2025-05-08,MICROEXPRES S.A.,BSAS_LINEA_503_ESTE,SI,COLECTIVO,MUNICIPAL,BUENOS AIRES,LA PLATA,8794,NO,5,Mayo,Jueves,Día de semana,Otoño
2025-05-08,EXPRESO LA PLATA BUENOS AIRES S.A.,BSAS_LINEA_503E,SI,COLECTIVO,MUNICIPAL,BUENOS AIRES,LA PLATA,34981,NO,5,Mayo,Jueves,Día de semana,Otoño
2025-05-08,EMPRESA NUEVE DE JULIO S.A.T.,BSAS_LINEA_508C,SI,COLECTIVO,MUNICIPAL,BUENOS AIRES,LA PLATA,1184,NO,5,Mayo,Jueves,Día de semana,Otoño
2025-05-08,EXPRESO LA PLATA BUENOS AIRES S.A.,BSAS_LINEA_518,SI,COLECTIVO,MUNICIPAL,BUENOS AIRES,LA PLATA,1002,NO,5,Mayo,Jueves,Día de semana,Otoño
2025-05-08,UNION PLATENSE SRL,BSAS_LINEA_520C,SI,COLECTIVO,MUNICIPAL,BUENOS AIRES,LA PLATA,14952,NO,5,Mayo,Jueves,Día de semana,Otoño
2025-05-08,EMPRESA NUEVE DE JULIO S.A.T.,BSAS_LINEA_561B,SI,COLECTIVO,MUNICIPAL,BUENOS AIRES,LA PLATA,1639,NO,5,Mayo,Jueves,Día de semana,Otoño
2025-05-08,EMPRESA NUEVE DE JULIO S.A.T.,LINEA OESTE,SI,COLECTIVO,MUNICIPAL,BUENOS AIRES,LA PLATA,69962,NO,5,Mayo,Jueves,Día de semana,Otoño
2025-05-08,FUERTE BARRAGAN S.A.T.I.C.I.,LINEA_506F_BSAS,SI,COLECTIVO,MUNICIPAL,BUENOS AIRES,LA PLATA,12648,NO,5,Mayo,Jueves,Día de semana,Otoño
2025-05-08,UNION PLATENSE SRL,NORTE MUNICIPAL,SI,COLECTIVO,MUNICIPAL,BUENOS AIRES,LA PLATA,13427,NO,5,Mayo,Jueves,Día de semana,Otoño
2025-05-09,UNION PLATENSE SRL,BSAS_LINEA_502_SUR,SI,COLECTIVO,MUNICIPAL,BUENOS AIRES,LA PLATA,14843,NO,5,Mayo,Viernes,Día de semana,Otoño
2025-05-09,MICROEXPRES S.A.,BSAS_LINEA_503_ESTE,SI,COLECTIVO,MUNICIPAL,BUENOS AIRES,LA PLATA,9515,NO,5,Mayo,Viernes,Día de semana,Otoño
2025-05-09,EXPRESO LA PLATA BUENOS AIRES S.A.,BSAS_LINEA_503E,SI,COLECTIVO,MUNICIPAL,BUENOS AIRES,LA PLATA,36967,NO,5,Mayo,Viernes,Día de semana,Otoño
2025-05-09,EMPRESA NUEVE DE JULIO S.A.T.,BSAS_LINEA_508C,SI,COLECTIVO,MUNICIPAL,BUENOS AIRES,LA PLATA,1466,NO,5,Mayo,Viernes,Día de semana,Otoño
2025-05-09,EXPRESO LA PLATA BUENOS AIRES S.A.,BSAS_LINEA_518,SI,COLECTIVO,MUNICIPAL,BUENOS AIRES,LA PLATA,929,NO,5,Mayo,Viernes,Día de semana,Otoño
2025-05-09,UNION PLATENSE SRL,BSAS_LINEA_520C,SI,COLECTIVO,MUNICIPAL,BUENOS AIRES,LA PLATA,16373,NO,5,Mayo,Viernes,Día de semana,Otoño
2025-05-09,EMPRESA NUEVE DE JULIO S.A.T.,BSAS_LINEA_561B,SI,COLECTIVO,MUNICIPAL,BUENOS AIRES,LA PLATA,1925,NO,5,Mayo,Viernes,Día de semana,Otoño
2025-05-09,EMPRESA NUEVE DE JULIO S.A.T.,LINEA OESTE,SI,COLECTIVO,MUNICIPAL,BUENOS AIRES,LA PLATA,76582,NO,5,Mayo,Viernes,Día de semana,Otoño
2025-05-09,FUERTE BARRAGAN S.A.T.I.C.I.,LINEA_506F_BSAS,SI,COLECTIVO,MUNICIPAL,BUENOS AIRES,LA PLATA,14052,NO,5,Mayo,Viernes,Día de semana,Otoño
2025-05-09,UNION PLATENSE SRL,NORTE MUNICIPAL,SI,COLECTIVO,MUNICIPAL,BUENOS AIRES,LA PLATA,14228,NO,5,Mayo,Viernes,Día de semana,Otoño
2025-05-10,UNION PLATENSE SRL,BSAS_LINEA_502_SUR,SI,COLECTIVO,MUNICIPAL,BUENOS AIRES,LA PLATA,5038,NO,5,Mayo,Sábado,Fin de semana,Otoño
2025-05-10,MICROEXPRES S.A.,BSAS_LINEA_503_ESTE,SI,COLECTIVO,MUNICIPAL,BUENOS AIRES,LA PLATA,4527,NO,5,Mayo,Sábado,Fin de semana,Otoño
2025-05-10,EXPRESO LA PLATA BUENOS AIRES S.A.,BSAS_LINEA_503E,SI,COLECTIVO,MUNICIPAL,BUENOS AIRES,LA PLATA,17543,NO,5,Mayo,Sábado,Fin de semana,Otoño
2025-05-10,EMPRESA NUEVE DE JULIO S.A.T.,BSAS_LINEA_508C,SI,COLECTIVO,MUNICIPAL,BUENOS AIRES,LA PLATA,540,NO,5,Mayo,Sábado,Fin de semana,Otoño
2025-05-10,EXPRESO LA PLATA BUENOS AIRES S.A.,BSAS_LINEA_518,SI,COLECTIVO,MUNICIPAL,BUENOS AIRES,LA PLATA,407,NO,5,Mayo,Sábado,Fin de semana,Otoño
2025-05-10,UNION PLATENSE SRL,BSAS_LINEA_520C,SI,COLECTIVO,MUNICIPAL,BUENOS AIRES,LA PLATA,6566,NO,5,Mayo,Sábado,Fin de semana,Otoño
2025-05-10,EMPRESA NUEVE DE JULIO S.A.T.,BSAS_LINEA_561B,SI,COLECTIVO,MUNICIPAL,BUENOS AIRES,LA PLATA,497,NO,5,Mayo,Sábado,Fin de semana,Otoño
2025-05-10,EMPRESA NUEVE DE JULIO S.A.T.,LINEA OESTE,SI,COLECTIVO,MUNICIPAL,BUENOS AIRES,LA PLATA,34998,NO,5,Mayo,Sábado,Fin de semana,Otoño
2025-05-10,FUERTE BARRAGAN S.A.T.I.C.I.,LINEA_506F_BSAS,SI,COLECTIVO,MUNICIPAL,BUENOS AIRES,LA PLATA,6125,NO,5,Mayo,Sábado,Fin de semana,Otoño
2025-05-10,UNION PLATENSE SRL,NORTE MUNICIPAL,SI,COLECTIVO,MUNICIPAL,BUENOS AIRES,LA PLATA,4207,NO,5,Mayo,Sábado,Fin de semana,Otoño
2025-05-11,UNION PLATENSE SRL,BSAS_LINEA_502_SUR,SI,COLECTIVO,MUNICIPAL,BUENOS AIRES,LA PLATA,1566,NO,5,Mayo,Domingo,Fin de semana,Otoño
2025-05-11,MICROEXPRES S.A.,BSAS_LINEA_503_ESTE,SI,COLECTIVO,MUNICIPAL,BUENOS AIRES,LA PLATA,2956,NO,5,Mayo,Domingo,Fin de semana,Otoño
2025-05-11,EXPRESO LA PLATA BUENOS AIRES S.A.,BSAS_LINEA_503E,SI,COLECTIVO,MUNICIPAL,BUENOS AIRES,LA PLATA,10772,NO,5,Mayo,Domingo,Fin de semana,Otoño
2025-05-11,EMPRESA NUEVE DE JULIO S.A.T.,BSAS_LINEA_508C,SI,COLECTIVO,MUNICIPAL,BUENOS AIRES,LA PLATA,317,NO,5,Mayo,Domingo,Fin de semana,Otoño
2025-05-11,UNION PLATENSE SRL,BSAS_LINEA_520C,SI,COLECTIVO,MUNICIPAL,BUENOS AIRES,LA PLATA,2436,NO,5,Mayo,Domingo,Fin de semana,Otoño
2025-05-11,EMPRESA NUEVE DE JULIO S.A.T.,BSAS_LINEA_561B,SI,COLECTIVO,MUNICIPAL,BUENOS AIRES,LA PLATA,368,NO,5,Mayo,Domingo,Fin de semana,Otoño
2025-05-11,EMPRESA NUEVE DE JULIO S.A.T.,LINEA OESTE,SI,COLECTIVO,MUNICIPAL,BUENOS AIRES,LA PLATA,19429,NO,5,Mayo,Domingo,Fin de semana,Otoño
2025-05-11,FUERTE BARRAGAN S.A.T.I.C.I.,LINEA_506F_BSAS,SI,COLECTIVO,MUNICIPAL,BUENOS AIRES,LA PLATA,4053,NO,5,Mayo,Domingo,Fin de semana,Otoño
2025-05-11,UNION PLATENSE SRL,NORTE MUNICIPAL,SI,COLECTIVO,MUNICIPAL,BUENOS AIRES,LA PLATA,2061,NO,5,Mayo,Domingo,Fin de semana,Otoño
2025-05-12,UNION PLATENSE SRL,BSAS_LINEA_502_SUR,SI,COLECTIVO,MUNICIPAL,BUENOS AIRES,LA PLATA,12990,NO,5,Mayo,Lunes,Día de semana,Otoño
2025-05-12,MICROEXPRES S.A.,BSAS_LINEA_503_ESTE,SI,COLECTIVO,MUNICIPAL,BUENOS AIRES,LA PLATA,9042,NO,5,Mayo,Lunes,Día de semana,Otoño
2025-05-12,EXPRESO LA PLATA BUENOS AIRES S.A.,BSAS_LINEA_503E,SI,COLECTIVO,MUNICIPAL,BUENOS AIRES,LA PLATA,32757,NO,5,Mayo,Lunes,Día de semana,Otoño
2025-05-12,EMPRESA NUEVE DE JULIO S.A.T.,BSAS_LINEA_508C,SI,COLECTIVO,MUNICIPAL,BUENOS AIRES,LA PLATA,1437,NO,5,Mayo,Lunes,Día de semana,Otoño
2025-05-12,EXPRESO LA PLATA BUENOS AIRES S.A.,BSAS_LINEA_518,SI,COLECTIVO,MUNICIPAL,BUENOS AIRES,LA PLATA,1112,NO,5,Mayo,Lunes,Día de semana,Otoño
2025-05-12,UNION PLATENSE SRL,BSAS_LINEA_520C,SI,COLECTIVO,MUNICIPAL,BUENOS AIRES,LA PLATA,15388,NO,5,Mayo,Lunes,Día de semana,Otoño
2025-05-12,EMPRESA NUEVE DE JULIO S.A.T.,BSAS_LINEA_561B,SI,COLECTIVO,MUNICIPAL,BUENOS AIRES,LA PLATA,1677,NO,5,Mayo,Lunes,Día de semana,Otoño
2025-05-12,EMPRESA NUEVE DE JULIO S.A.T.,LINEA OESTE,SI,COLECTIVO,MUNICIPAL,BUENOS AIRES,LA PLATA,74106,NO,5,Mayo,Lunes,Día de semana,Otoño
2025-05-12,FUERTE BARRAGAN S.A.T.I.C.I.,LINEA_506F_BSAS,SI,COLECTIVO,MUNICIPAL,BUENOS AIRES,LA PLATA,13620,NO,5,Mayo,Lunes,Día de semana,Otoño
2025-05-12,UNION PLATENSE SRL,NORTE MUNICIPAL,SI,COLECTIVO,MUNICIPAL,BUENOS AIRES,LA PLATA,13168,NO,5,Mayo,Lunes,Día de semana,Otoño
2025-05-13,UNION PLATENSE SRL,BSAS_LINEA_502_SUR,SI,COLECTIVO,MUNICIPAL,BUENOS AIRES,LA PLATA,14400,NO,5,Mayo,Martes,Día de semana,Otoño
2025-05-13,MICROEXPRES S.A.,BSAS_LINEA_503_ESTE,SI,COLECTIVO,MUNICIPAL,BUENOS AIRES,LA PLATA,9492,NO,5,Mayo,Martes,Día de semana,Otoño
2025-05-13,EXPRESO LA PLATA BUENOS AIRES S.A.,BSAS_LINEA_503E,SI,COLECTIVO,MUNICIPAL,BUENOS AIRES,LA PLATA,36310,NO,5,Mayo,Martes,Día de semana,Otoño
2025-05-13,EMPRESA NUEVE DE JULIO S.A.T.,BSAS_LINEA_508C,SI,COLECTIVO,MUNICIPAL,BUENOS AIRES,LA PLATA,1452,NO,5,Mayo,Martes,Día de semana,Otoño
2025-05-13,EXPRESO LA PLATA BUENOS AIRES S.A.,BSAS_LINEA_518,SI,COLECTIVO,MUNICIPAL,BUENOS AIRES,LA PLATA,996,NO,5,Mayo,Martes,Día de semana,Otoño
2025-05-13,UNION PLATENSE SRL,BSAS_LINEA_520C,SI,COLECTIVO,MUNICIPAL,BUENOS AIRES,LA PLATA,16298,NO,5,Mayo,Martes,Día de semana,Otoño
2025-05-13,EMPRESA NUEVE DE JULIO S.A.T.,BSAS_LINEA_561B,SI,COLECTIVO,MUNICIPAL,BUENOS AIRES,LA PLATA,1873,NO,5,Mayo,Martes,Día de semana,Otoño
2025-05-13,EMPRESA NUEVE DE JULIO S.A.T.,LINEA OESTE,SI,COLECTIVO,MUNICIPAL,BUENOS AIRES,LA PLATA,75250,NO,5,Mayo,Martes,Día de semana,Otoño
2025-05-13,FUERTE BARRAGAN S.A.T.I.C.I.,LINEA_506F_BSAS,SI,COLECTIVO,MUNICIPAL,BUENOS AIRES,LA PLATA,13958,NO,5,Mayo,Martes,Día de semana,Otoño
2025-05-13,UNION PLATENSE SRL,NORTE MUNICIPAL,SI,COLECTIVO,MUNICIPAL,BUENOS AIRES,LA PLATA,13894,NO,5,Mayo,Martes,Día de semana,Otoño
2025-05-14,UNION PLATENSE SRL,BSAS_LINEA_502_SUR,SI,COLECTIVO,MUNICIPAL,BUENOS AIRES,LA PLATA,14006,NO,5,Mayo,Miércoles,Día de semana,Otoño
2025-05-14,MICROEXPRES S.A.,BSAS_LINEA_503_ESTE,SI,COLECTIVO,MUNICIPAL,BUENOS AIRES,LA PLATA,9477,NO,5,Mayo,Miércoles,Día de semana,Otoño
2025-05-14,EXPRESO LA PLATA BUENOS AIRES S.A.,BSAS_LINEA_503E,SI,COLECTIVO,MUNICIPAL,BUENOS AIRES,LA PLATA,35302,NO,5,Mayo,Miércoles,Día de semana,Otoño
2025-05-14,EMPRESA NUEVE DE JULIO S.A.T.,BSAS_LINEA_508C,SI,COLECTIVO,MUNICIPAL,BUENOS AIRES,LA PLATA,1329,NO,5,Mayo,Miércoles,Día de semana,Otoño
2025-05-14,EXPRESO LA PLATA BUENOS AIRES S.A.,BSAS_LINEA_518,SI,COLECTIVO,MUNICIPAL,BUENOS AIRES,LA PLATA,1023,NO,5,Mayo,Miércoles,Día de semana,Otoño
2025-05-14,UNION PLATENSE SRL,BSAS_LINEA_520C,SI,COLECTIVO,MUNICIPAL,BUENOS AIRES,LA PLATA,16024,NO,5,Mayo,Miércoles,Día de semana,Otoño
2025-05-14,EMPRESA NUEVE DE JULIO S.A.T.,BSAS_LINEA_561B,SI,COLECTIVO,MUNICIPAL,BUENOS AIRES,LA PLATA,1831,NO,5,Mayo,Miércoles,Día de semana,Otoño
2025-05-14,EMPRESA NUEVE DE JULIO S.A.T.,LINEA OESTE,SI,COLECTIVO,MUNICIPAL,BUENOS AIRES,LA PLATA,76323,NO,5,Mayo,Miércoles,Día de semana,Otoño
2025-05-14,FUERTE BARRAGAN S.A.T.I.C.I.,LINEA_506F_BSAS,SI,COLECTIVO,MUNICIPAL,BUENOS AIRES,LA PLATA,13488,NO,5,Mayo,Miércoles,Día de semana,Otoño
2025-05-14,UNION PLATENSE SRL,NORTE MUNICIPAL,SI,COLECTIVO,MUNICIPAL,BUENOS AIRES,LA PLATA,13756,NO,5,Mayo,Miércoles,Día de semana,Otoño
2025-05-15,UNION PLATENSE SRL,BSAS_LINEA_502_SUR,SI,COLECTIVO,MUNICIPAL,BUENOS AIRES,LA PLATA,14149,NO,5,Mayo,Jueves,Día de semana,Otoño
2025-05-15,MICROEXPRES S.A.,BSAS_LINEA_503_ESTE,SI,COLECTIVO,MUNICIPAL,BUENOS AIRES,LA PLATA,8749,NO,5,Mayo,Jueves,Día de semana,Otoño
2025-05-15,EXPRESO LA PLATA BUENOS AIRES S.A.,BSAS_LINEA_503E,SI,COLECTIVO,MUNICIPAL,BUENOS AIRES,LA PLATA,34946,NO,5,Mayo,Jueves,Día de semana,Otoño
2025-05-15,EMPRESA NUEVE DE JULIO S.A.T.,BSAS_LINEA_508C,SI,COLECTIVO,MUNICIPAL,BUENOS AIRES,LA PLATA,1478,NO,5,Mayo,Jueves,Día de semana,Otoño
2025-05-15,EXPRESO LA PLATA BUENOS AIRES S.A.,BSAS_LINEA_518,SI,COLECTIVO,MUNICIPAL,BUENOS AIRES,LA PLATA,994,NO,5,Mayo,Jueves,Día de semana,Otoño
2025-05-15,UNION PLATENSE SRL,BSAS_LINEA_520C,SI,COLECTIVO,MUNICIPAL,BUENOS AIRES,LA PLATA,15899,NO,5,Mayo,Jueves,Día de semana,Otoño
2025-05-15,EMPRESA NUEVE DE JULIO S.A.T.,BSAS_LINEA_561B,SI,COLECTIVO,MUNICIPAL,BUENOS AIRES,LA PLATA,1644,NO,5,Mayo,Jueves,Día de semana,Otoño
2025-05-15,EMPRESA NUEVE DE JULIO S.A.T.,LINEA OESTE,SI,COLECTIVO,MUNICIPAL,BUENOS AIRES,LA PLATA,73080,NO,5,Mayo,Jueves,Día de semana,Otoño
2025-05-15,FUERTE BARRAGAN S.A.T.I.C.I.,LINEA_506F_BSAS,SI,COLECTIVO,MUNICIPAL,BUENOS AIRES,LA PLATA,13095,NO,5,Mayo,Jueves,Día de semana,Otoño
2025-05-15,UNION PLATENSE SRL,NORTE MUNICIPAL,SI,COLECTIVO,MUNICIPAL,BUENOS AIRES,LA PLATA,13218,NO,5,Mayo,Jueves,Día de semana,Otoño
2025-05-16,UNION PLATENSE SRL,BSAS_LINEA_502_SUR,SI,COLECTIVO,MUNICIPAL,BUENOS AIRES,LA PLATA,8689,NO,5,Mayo,Viernes,Día de semana,Otoño
2025-05-16,MICROEXPRES S.A.,BSAS_LINEA_503_ESTE,SI,COLECTIVO,MUNICIPAL,BUENOS AIRES,LA PLATA,4697,NO,5,Mayo,Viernes,Día de semana,Otoño
2025-05-16,EXPRESO LA PLATA BUENOS AIRES S.A.,BSAS_LINEA_503E,SI,COLECTIVO,MUNICIPAL,BUENOS AIRES,LA PLATA,18439,NO,5,Mayo,Viernes,Día de semana,Otoño
2025-05-16,EMPRESA NUEVE DE JULIO S.A.T.,BSAS_LINEA_508C,SI,COLECTIVO,MUNICIPAL,BUENOS AIRES,LA PLATA,777,NO,5,Mayo,Viernes,Día de semana,Otoño
2025-05-16,EXPRESO LA PLATA BUENOS AIRES S.A.,BSAS_LINEA_518,SI,COLECTIVO,MUNICIPAL,BUENOS AIRES,LA PLATA,533,NO,5,Mayo,Viernes,Día de semana,Otoño
2025-05-16,UNION PLATENSE SRL,BSAS_LINEA_520C,SI,COLECTIVO,MUNICIPAL,BUENOS AIRES,LA PLATA,8211,NO,5,Mayo,Viernes,Día de semana,Otoño
2025-05-16,EMPRESA NUEVE DE JULIO S.A.T.,BSAS_LINEA_561B,SI,COLECTIVO,MUNICIPAL,BUENOS AIRES,LA PLATA,991,NO,5,Mayo,Viernes,Día de semana,Otoño
2025-05-16,EMPRESA NUEVE DE JULIO S.A.T.,LINEA OESTE,SI,COLECTIVO,MUNICIPAL,BUENOS AIRES,LA PLATA,36622,NO,5,Mayo,Viernes,Día de semana,Otoño
2025-05-16,FUERTE BARRAGAN S.A.T.I.C.I.,LINEA_506F_BSAS,SI,COLECTIVO,MUNICIPAL,BUENOS AIRES,LA PLATA,6471,NO,5,Mayo,Viernes,Día de semana,Otoño
2025-05-16,UNION PLATENSE SRL,NORTE MUNICIPAL,SI,COLECTIVO,MUNICIPAL,BUENOS AIRES,LA PLATA,7285,NO,5,Mayo,Viernes,Día de semana,Otoño
2025-05-17,UNION PLATENSE SRL,BSAS_LINEA_502_SUR,SI,COLECTIVO,MUNICIPAL,BUENOS AIRES,LA PLATA,2670,NO,5,Mayo,Sábado,Fin de semana,Otoño
2025-05-17,MICROEXPRES S.A.,BSAS_LINEA_503_ESTE,SI,COLECTIVO,MUNICIPAL,BUENOS AIRES,LA PLATA,2249,NO,5,Mayo,Sábado,Fin de semana,Otoño
2025-05-17,EXPRESO LA PLATA BUENOS AIRES S.A.,BSAS_LINEA_503E,SI,COLECTIVO,MUNICIPAL,BUENOS AIRES,LA PLATA,9638,NO,5,Mayo,Sábado,Fin de semana,Otoño
2025-05-17,EMPRESA NUEVE DE JULIO S.A.T.,BSAS_LINEA_508C,SI,COLECTIVO,MUNICIPAL,BUENOS AIRES,LA PLATA,248,NO,5,Mayo,Sábado,Fin de semana,Otoño
2025-05-17,EXPRESO LA PLATA BUENOS AIRES S.A.,BSAS_LINEA_518,SI,COLECTIVO,MUNICIPAL,BUENOS AIRES,LA PLATA,230,NO,5,Mayo,Sábado,Fin de semana,Otoño
2025-05-17,UNION PLATENSE SRL,BSAS_LINEA_520C,SI,COLECTIVO,MUNICIPAL,BUENOS AIRES,LA PLATA,3411,NO,5,Mayo,Sábado,Fin de semana,Otoño
2025-05-17,EMPRESA NUEVE DE JULIO S.A.T.,BSAS_LINEA_561B,SI,COLECTIVO,MUNICIPAL,BUENOS AIRES,LA PLATA,223,NO,5,Mayo,Sábado,Fin de semana,Otoño
2025-05-17,EMPRESA NUEVE DE JULIO S.A.T.,LINEA OESTE,SI,COLECTIVO,MUNICIPAL,BUENOS AIRES,LA PLATA,17745,NO,5,Mayo,Sábado,Fin de semana,Otoño
2025-05-17,FUERTE BARRAGAN S.A.T.I.C.I.,LINEA_506F_BSAS,SI,COLECTIVO,MUNICIPAL,BUENOS AIRES,LA PLATA,2570,NO,5,Mayo,Sábado,Fin de semana,Otoño
2025-05-17,UNION PLATENSE SRL,NORTE MUNICIPAL,SI,COLECTIVO,MUNICIPAL,BUENOS AIRES,LA PLATA,2228,NO,5,Mayo,Sábado,Fin de semana,Otoño
2025-05-18,UNION PLATENSE SRL,BSAS_LINEA_502_SUR,SI,COLECTIVO,MUNICIPAL,BUENOS AIRES,LA PLATA,1299,NO,5,Mayo,Domingo,Fin de semana,Otoño
2025-05-18,MICROEXPRES S.A.,BSAS_LINEA_503_ESTE,SI,COLECTIVO,MUNICIPAL,BUENOS AIRES,LA PLATA,2118,NO,5,Mayo,Domingo,Fin de semana,Otoño
2025-05-18,EXPRESO LA PLATA BUENOS AIRES S.A.,BSAS_LINEA_503E,SI,COLECTIVO,MUNICIPAL,BUENOS AIRES,LA PLATA,9162,NO,5,Mayo,Domingo,Fin de semana,Otoño
2025-05-18,EMPRESA NUEVE DE JULIO S.A.T.,BSAS_LINEA_508C,SI,COLECTIVO,MUNICIPAL,BUENOS AIRES,LA PLATA,238,NO,5,Mayo,Domingo,Fin de semana,Otoño
2025-05-18,UNION PLATENSE SRL,BSAS_LINEA_520C,SI,COLECTIVO,MUNICIPAL,BUENOS AIRES,LA PLATA,2424,NO,5,Mayo,Domingo,Fin de semana,Otoño
2025-05-18,EMPRESA NUEVE DE JULIO S.A.T.,BSAS_LINEA_561B,SI,COLECTIVO,MUNICIPAL,BUENOS AIRES,LA PLATA,237,NO,5,Mayo,Domingo,Fin de semana,Otoño
2025-05-18,EMPRESA NUEVE DE JULIO S.A.T.,LINEA OESTE,SI,COLECTIVO,MUNICIPAL,BUENOS AIRES,LA PLATA,15716,NO,5,Mayo,Domingo,Fin de semana,Otoño
2025-05-18,FUERTE BARRAGAN S.A.T.I.C.I.,LINEA_506F_BSAS,SI,COLECTIVO,MUNICIPAL,BUENOS AIRES,LA PLATA,3103,NO,5,Mayo,Domingo,Fin de semana,Otoño
2025-05-18,UNION PLATENSE SRL,NORTE MUNICIPAL,SI,COLECTIVO,MUNICIPAL,BUENOS AIRES,LA PLATA,1762,NO,5,Mayo,Domingo,Fin de semana,Otoño
2025-05-19,UNION PLATENSE SRL,BSAS_LINEA_502_SUR,SI,COLECTIVO,MUNICIPAL,BUENOS AIRES,LA PLATA,13707,NO,5,Mayo,Lunes,Día de semana,Otoño
2025-05-19,MICROEXPRES S.A.,BSAS_LINEA_503_ESTE,SI,COLECTIVO,MUNICIPAL,BUENOS AIRES,LA PLATA,9116,NO,5,Mayo,Lunes,Día de semana,Otoño
2025-05-19,EXPRESO LA PLATA BUENOS AIRES S.A.,BSAS_LINEA_503E,SI,COLECTIVO,MUNICIPAL,BUENOS AIRES,LA PLATA,34173,NO,5,Mayo,Lunes,Día de semana,Otoño
2025-05-19,EMPRESA NUEVE DE JULIO S.A.T.,BSAS_LINEA_508C,SI,COLECTIVO,MUNICIPAL,BUENOS AIRES,LA PLATA,1357,NO,5,Mayo,Lunes,Día de semana,Otoño
2025-05-19,EXPRESO LA PLATA BUENOS AIRES S.A.,BSAS_LINEA_518,SI,COLECTIVO,MUNICIPAL,BUENOS AIRES,LA PLATA,1031,NO,5,Mayo,Lunes,Día de semana,Otoño
2025-05-19,UNION PLATENSE SRL,BSAS_LINEA_520C,SI,COLECTIVO,MUNICIPAL,BUENOS AIRES,LA PLATA,16131,NO,5,Mayo,Lunes,Día de semana,Otoño
2025-05-19,EMPRESA NUEVE DE JULIO S.A.T.,BSAS_LINEA_561B,SI,COLECTIVO,MUNICIPAL,BUENOS AIRES,LA PLATA,1656,NO,5,Mayo,Lunes,Día de semana,Otoño
2025-05-19,EMPRESA NUEVE DE JULIO S.A.T.,LINEA OESTE,SI,COLECTIVO,MUNICIPAL,BUENOS AIRES,LA PLATA,72129,NO,5,Mayo,Lunes,Día de semana,Otoño
2025-05-19,FUERTE BARRAGAN S.A.T.I.C.I.,LINEA_506F_BSAS,SI,COLECTIVO,MUNICIPAL,BUENOS AIRES,LA PLATA,12502,NO,5,Mayo,Lunes,Día de semana,Otoño
2025-05-19,UNION PLATENSE SRL,NORTE MUNICIPAL,SI,COLECTIVO,MUNICIPAL,BUENOS AIRES,LA PLATA,12910,NO,5,Mayo,Lunes,Día de semana,Otoño
2025-05-20,UNION PLATENSE SRL,BSAS_LINEA_502_SUR,SI,COLECTIVO,MUNICIPAL,BUENOS AIRES,LA PLATA,11175,NO,5,Mayo,Martes,Día de semana,Otoño
2025-05-20,MICROEXPRES S.A.,BSAS_LINEA_503_ESTE,SI,COLECTIVO,MUNICIPAL,BUENOS AIRES,LA PLATA,7712,NO,5,Mayo,Martes,Día de semana,Otoño
2025-05-20,EXPRESO LA PLATA BUENOS AIRES S.A.,BSAS_LINEA_503E,SI,COLECTIVO,MUNICIPAL,BUENOS AIRES,LA PLATA,28706,NO,5,Mayo,Martes,Día de semana,Otoño
2025-05-20,EMPRESA NUEVE DE JULIO S.A.T.,BSAS_LINEA_508C,SI,COLECTIVO,MUNICIPAL,BUENOS AIRES,LA PLATA,1178,NO,5,Mayo,Martes,Día de semana,Otoño
2025-05-20,EXPRESO LA PLATA BUENOS AIRES S.A.,BSAS_LINEA_518,SI,COLECTIVO,MUNICIPAL,BUENOS AIRES,LA PLATA,971,NO,5,Mayo,Martes,Día de semana,Otoño
2025-05-20,UNION PLATENSE SRL,BSAS_LINEA_520C,SI,COLECTIVO,MUNICIPAL,BUENOS AIRES,LA PLATA,13227,NO,5,Mayo,Martes,Día de semana,Otoño
2025-05-20,EMPRESA NUEVE DE JULIO S.A.T.,BSAS_LINEA_561B,SI,COLECTIVO,MUNICIPAL,BUENOS AIRES,LA PLATA,1785,NO,5,Mayo,Martes,Día de semana,Otoño
2025-05-20,EMPRESA NUEVE DE JULIO S.A.T.,LINEA OESTE,SI,COLECTIVO,MUNICIPAL,BUENOS AIRES,LA PLATA,58913,NO,5,Mayo,Martes,Día de semana,Otoño
2025-05-20,FUERTE BARRAGAN S.A.T.I.C.I.,LINEA_506F_BSAS,SI,COLECTIVO,MUNICIPAL,BUENOS AIRES,LA PLATA,10089,NO,5,Mayo,Martes,Día de semana,Otoño
2025-05-20,UNION PLATENSE SRL,NORTE MUNICIPAL,SI,COLECTIVO,MUNICIPAL,BUENOS AIRES,LA PLATA,11809,NO,5,Mayo,Martes,Día de semana,Otoño
2025-05-21,UNION PLATENSE SRL,BSAS_LINEA_502_SUR,SI,COLECTIVO,MUNICIPAL,BUENOS AIRES,LA PLATA,13388,NO,5,Mayo,Miércoles,Día de semana,Otoño
2025-05-21,MICROEXPRES S.A.,BSAS_LINEA_503_ESTE,SI,COLECTIVO,MUNICIPAL,BUENOS AIRES,LA PLATA,9462,NO,5,Mayo,Miércoles,Día de semana,Otoño
2025-05-21,EXPRESO LA PLATA BUENOS AIRES S.A.,BSAS_LINEA_503E,SI,COLECTIVO,MUNICIPAL,BUENOS AIRES,LA PLATA,35420,NO,5,Mayo,Miércoles,Día de semana,Otoño
2025-05-21,EMPRESA NUEVE DE JULIO S.A.T.,BSAS_LINEA_508C,SI,COLECTIVO,MUNICIPAL,BUENOS AIRES,LA PLATA,1558,NO,5,Mayo,Miércoles,Día de semana,Otoño
2025-05-21,EXPRESO LA PLATA BUENOS AIRES S.A.,BSAS_LINEA_518,SI,COLECTIVO,MUNICIPAL,BUENOS AIRES,LA PLATA,1051,NO,5,Mayo,Miércoles,Día de semana,Otoño
2025-05-21,UNION PLATENSE SRL,BSAS_LINEA_520C,SI,COLECTIVO,MUNICIPAL,BUENOS AIRES,LA PLATA,16421,NO,5,Mayo,Miércoles,Día de semana,Otoño
2025-05-21,EMPRESA NUEVE DE JULIO S.A.T.,BSAS_LINEA_561B,SI,COLECTIVO,MUNICIPAL,BUENOS AIRES,LA PLATA,1844,NO,5,Mayo,Miércoles,Día de semana,Otoño
2025-05-21,EMPRESA NUEVE DE JULIO S.A.T.,LINEA OESTE,SI,COLECTIVO,MUNICIPAL,BUENOS AIRES,LA PLATA,73559,NO,5,Mayo,Miércoles,Día de semana,Otoño
2025-05-21,FUERTE BARRAGAN S.A.T.I.C.I.,LINEA_506F_BSAS,SI,COLECTIVO,MUNICIPAL,BUENOS AIRES,LA PLATA,13568,NO,5,Mayo,Miércoles,Día de semana,Otoño
2025-05-21,UNION PLATENSE SRL,NORTE MUNICIPAL,SI,COLECTIVO,MUNICIPAL,BUENOS AIRES,LA PLATA,13388,NO,5,Mayo,Miércoles,Día de semana,Otoño
2025-05-22,UNION PLATENSE SRL,BSAS_LINEA_502_SUR,SI,COLECTIVO,MUNICIPAL,BUENOS AIRES,LA PLATA,11630,NO,5,Mayo,Jueves,Día de semana,Otoño
2025-05-22,MICROEXPRES S.A.,BSAS_LINEA_503_ESTE,SI,COLECTIVO,MUNICIPAL,BUENOS AIRES,LA PLATA,7587,NO,5,Mayo,Jueves,Día de semana,Otoño
2025-05-22,EXPRESO LA PLATA BUENOS AIRES S.A.,BSAS_LINEA_503E,SI,COLECTIVO,MUNICIPAL,BUENOS AIRES,LA PLATA,29695,NO,5,Mayo,Jueves,Día de semana,Otoño
2025-05-22,EMPRESA NUEVE DE JULIO S.A.T.,BSAS_LINEA_508C,SI,COLECTIVO,MUNICIPAL,BUENOS AIRES,LA PLATA,1350,NO,5,Mayo,Jueves,Día de semana,Otoño
2025-05-22,EXPRESO LA PLATA BUENOS AIRES S.A.,BSAS_LINEA_518,SI,COLECTIVO,MUNICIPAL,BUENOS AIRES,LA PLATA,955,NO,5,Mayo,Jueves,Día de semana,Otoño
2025-05-22,UNION PLATENSE SRL,BSAS_LINEA_520C,SI,COLECTIVO,MUNICIPAL,BUENOS AIRES,LA PLATA,13438,NO,5,Mayo,Jueves,Día de semana,Otoño
2025-05-22,EMPRESA NUEVE DE JULIO S.A.T.,BSAS_LINEA_561B,SI,COLECTIVO,MUNICIPAL,BUENOS AIRES,LA PLATA,1720,NO,5,Mayo,Jueves,Día de semana,Otoño
2025-05-22,EMPRESA NUEVE DE JULIO S.A.T.,LINEA OESTE,SI,COLECTIVO,MUNICIPAL,BUENOS AIRES,LA PLATA,59475,NO,5,Mayo,Jueves,Día de semana,Otoño
2025-05-22,FUERTE BARRAGAN S.A.T.I.C.I.,LINEA_506F_BSAS,SI,COLECTIVO,MUNICIPAL,BUENOS AIRES,LA PLATA,10911,NO,5,Mayo,Jueves,Día de semana,Otoño
2025-05-22,UNION PLATENSE SRL,NORTE MUNICIPAL,SI,COLECTIVO,MUNICIPAL,BUENOS AIRES,LA PLATA,11596,NO,5,Mayo,Jueves,Día de semana,Otoño
2025-05-23,UNION PLATENSE SRL,BSAS_LINEA_502_SUR,SI,COLECTIVO,MUNICIPAL,BUENOS AIRES,LA PLATA,12411,NO,5,Mayo,Viernes,Día de semana,Otoño
2025-05-23,MICROEXPRES S.A.,BSAS_LINEA_503_ESTE,SI,COLECTIVO,MUNICIPAL,BUENOS AIRES,LA PLATA,8673,NO,5,Mayo,Viernes,Día de semana,Otoño
2025-05-23,EXPRESO LA PLATA BUENOS AIRES S.A.,BSAS_LINEA_503E,SI,COLECTIVO,MUNICIPAL,BUENOS AIRES,LA PLATA,33459,NO,5,Mayo,Viernes,Día de semana,Otoño
2025-05-23,EMPRESA NUEVE DE JULIO S.A.T.,BSAS_LINEA_508C,SI,COLECTIVO,MUNICIPAL,BUENOS AIRES,LA PLATA,1212,NO,5,Mayo,Viernes,Día de semana,Otoño
2025-05-23,EXPRESO LA PLATA BUENOS AIRES S.A.,BSAS_LINEA_518,SI,COLECTIVO,MUNICIPAL,BUENOS AIRES,LA PLATA,961,NO,5,Mayo,Viernes,Día de semana,Otoño
2025-05-23,UNION PLATENSE SRL,BSAS_LINEA_520C,SI,COLECTIVO,MUNICIPAL,BUENOS AIRES,LA PLATA,15354,NO,5,Mayo,Viernes,Día de semana,Otoño
2025-05-23,EMPRESA NUEVE DE JULIO S.A.T.,BSAS_LINEA_561B,SI,COLECTIVO,MUNICIPAL,BUENOS AIRES,LA PLATA,1746,NO,5,Mayo,Viernes,Día de semana,Otoño
2025-05-23,EMPRESA NUEVE DE JULIO S.A.T.,LINEA OESTE,SI,COLECTIVO,MUNICIPAL,BUENOS AIRES,LA PLATA,69651,NO,5,Mayo,Viernes,Día de semana,Otoño
2025-05-23,FUERTE BARRAGAN S.A.T.I.C.I.,LINEA_506F_BSAS,SI,COLECTIVO,MUNICIPAL,BUENOS AIRES,LA PLATA,12819,NO,5,Mayo,Viernes,Día de semana,Otoño
2025-05-23,UNION PLATENSE SRL,NORTE MUNICIPAL,SI,COLECTIVO,MUNICIPAL,BUENOS AIRES,LA PLATA,12290,NO,5,Mayo,Viernes,Día de semana,Otoño
2025-05-24,UNION PLATENSE SRL,BSAS_LINEA_502_SUR,SI,COLECTIVO,MUNICIPAL,BUENOS AIRES,LA PLATA,4873,NO,5,Mayo,Sábado,Fin de semana,Otoño
2025-05-24,MICROEXPRES S.A.,BSAS_LINEA_503_ESTE,SI,COLECTIVO,MUNICIPAL,BUENOS AIRES,LA PLATA,4583,NO,5,Mayo,Sábado,Fin de semana,Otoño
2025-05-24,EXPRESO LA PLATA BUENOS AIRES S.A.,BSAS_LINEA_503E,SI,COLECTIVO,MUNICIPAL,BUENOS AIRES,LA PLATA,17538,NO,5,Mayo,Sábado,Fin de semana,Otoño
2025-05-24,EMPRESA NUEVE DE JULIO S.A.T.,BSAS_LINEA_508C,SI,COLECTIVO,MUNICIPAL,BUENOS AIRES,LA PLATA,465,NO,5,Mayo,Sábado,Fin de semana,Otoño
2025-05-24,EXPRESO LA PLATA BUENOS AIRES S.A.,BSAS_LINEA_518,SI,COLECTIVO,MUNICIPAL,BUENOS AIRES,LA PLATA,362,NO,5,Mayo,Sábado,Fin de semana,Otoño
2025-05-24,UNION PLATENSE SRL,BSAS_LINEA_520C,SI,COLECTIVO,MUNICIPAL,BUENOS AIRES,LA PLATA,6210,NO,5,Mayo,Sábado,Fin de semana,Otoño
2025-05-24,EMPRESA NUEVE DE JULIO S.A.T.,BSAS_LINEA_561B,SI,COLECTIVO,MUNICIPAL,BUENOS AIRES,LA PLATA,520,NO,5,Mayo,Sábado,Fin de semana,Otoño
2025-05-24,EMPRESA NUEVE DE JULIO S.A.T.,LINEA OESTE,SI,COLECTIVO,MUNICIPAL,BUENOS AIRES,LA PLATA,33726,NO,5,Mayo,Sábado,Fin de semana,Otoño
2025-05-24,FUERTE BARRAGAN S.A.T.I.C.I.,LINEA_506F_BSAS,SI,COLECTIVO,MUNICIPAL,BUENOS AIRES,LA PLATA,5186,NO,5,Mayo,Sábado,Fin de semana,Otoño
2025-05-24,UNION PLATENSE SRL,NORTE MUNICIPAL,SI,COLECTIVO,MUNICIPAL,BUENOS AIRES,LA PLATA,4302,NO,5,Mayo,Sábado,Fin de semana,Otoño
2025-05-25,UNION PLATENSE SRL,BSAS_LINEA_502_SUR,SI,COLECTIVO,MUNICIPAL,BUENOS AIRES,LA PLATA,1356,NO,5,Mayo,Domingo,Fin de semana,Otoño
2025-05-25,MICROEXPRES S.A.,BSAS_LINEA_503_ESTE,SI,COLECTIVO,MUNICIPAL,BUENOS AIRES,LA PLATA,2512,NO,5,Mayo,Domingo,Fin de semana,Otoño
2025-05-25,EXPRESO LA PLATA BUENOS AIRES S.A.,BSAS_LINEA_503E,SI,COLECTIVO,MUNICIPAL,BUENOS AIRES,LA PLATA,9832,NO,5,Mayo,Domingo,Fin de semana,Otoño
2025-05-25,EMPRESA NUEVE DE JULIO S.A.T.,BSAS_LINEA_508C,SI,COLECTIVO,MUNICIPAL,BUENOS AIRES,LA PLATA,329,NO,5,Mayo,Domingo,Fin de semana,Otoño
2025-05-25,UNION PLATENSE SRL,BSAS_LINEA_520C,SI,COLECTIVO,MUNICIPAL,BUENOS AIRES,LA PLATA,2668,NO,5,Mayo,Domingo,Fin de semana,Otoño
2025-05-25,EMPRESA NUEVE DE JULIO S.A.T.,BSAS_LINEA_561B,SI,COLECTIVO,MUNICIPAL,BUENOS AIRES,LA PLATA,268,NO,5,Mayo,Domingo,Fin de semana,Otoño
2025-05-25,EMPRESA NUEVE DE JULIO S.A.T.,LINEA OESTE,SI,COLECTIVO,MUNICIPAL,BUENOS AIRES,LA PLATA,17396,NO,5,Mayo,Domingo,Fin de semana,Otoño
2025-05-25,FUERTE BARRAGAN S.A.T.I.C.I.,LINEA_506F_BSAS,SI,COLECTIVO,MUNICIPAL,BUENOS AIRES,LA PLATA,3324,NO,5,Mayo,Domingo,Fin de semana,Otoño
2025-05-25,UNION PLATENSE SRL,NORTE MUNICIPAL,SI,COLECTIVO,MUNICIPAL,BUENOS AIRES,LA PLATA,1794,NO,5,Mayo,Domingo,Fin de semana,Otoño
2025-05-26,UNION PLATENSE SRL,BSAS_LINEA_502_SUR,SI,COLECTIVO,MUNICIPAL,BUENOS AIRES,LA PLATA,12375,NO,5,Mayo,Lunes,Día de semana,Otoño
2025-05-26,MICROEXPRES S.A.,BSAS_LINEA_503_ESTE,SI,COLECTIVO,MUNICIPAL,BUENOS AIRES,LA PLATA,8412,NO,5,Mayo,Lunes,Día de semana,Otoño
2025-05-26,EXPRESO LA PLATA BUENOS AIRES S.A.,BSAS_LINEA_503E,SI,COLECTIVO,MUNICIPAL,BUENOS AIRES,LA PLATA,31499,NO,5,Mayo,Lunes,Día de semana,Otoño
2025-05-26,EMPRESA NUEVE DE JULIO S.A.T.,BSAS_LINEA_508C,SI,COLECTIVO,MUNICIPAL,BUENOS AIRES,LA PLATA,949,NO,5,Mayo,Lunes,Día de semana,Otoño
2025-05-26,EXPRESO LA PLATA BUENOS AIRES S.A.,BSAS_LINEA_518,SI,COLECTIVO,MUNICIPAL,BUENOS AIRES,LA PLATA,874,NO,5,Mayo,Lunes,Día de semana,Otoño
2025-05-26,UNION PLATENSE SRL,BSAS_LINEA_520C,SI,COLECTIVO,MUNICIPAL,BUENOS AIRES,LA PLATA,14975,NO,5,Mayo,Lunes,Día de semana,Otoño
2025-05-26,EMPRESA NUEVE DE JULIO S.A.T.,BSAS_LINEA_561B,SI,COLECTIVO,MUNICIPAL,BUENOS AIRES,LA PLATA,1445,NO,5,Mayo,Lunes,Día de semana,Otoño
2025-05-26,EMPRESA NUEVE DE JULIO S.A.T.,LINEA OESTE,SI,COLECTIVO,MUNICIPAL,BUENOS AIRES,LA PLATA,58874,NO,5,Mayo,Lunes,Día de semana,Otoño
2025-05-26,FUERTE BARRAGAN S.A.T.I.C.I.,LINEA_506F_BSAS,SI,COLECTIVO,MUNICIPAL,BUENOS AIRES,LA PLATA,10382,NO,5,Mayo,Lunes,Día de semana,Otoño
2025-05-26,UNION PLATENSE SRL,NORTE MUNICIPAL,SI,COLECTIVO,MUNICIPAL,BUENOS AIRES,LA PLATA,12346,NO,5,Mayo,Lunes,Día de semana,Otoño
2025-05-27,UNION PLATENSE SRL,BSAS_LINEA_502_SUR,SI,COLECTIVO,MUNICIPAL,BUENOS AIRES,LA PLATA,8685,NO,5,Mayo,Martes,Día de semana,Otoño
2025-05-27,MICROEXPRES S.A.,BSAS_LINEA_503_ESTE,SI,COLECTIVO,MUNICIPAL,BUENOS AIRES,LA PLATA,5228,NO,5,Mayo,Martes,Día de semana,Otoño
2025-05-27,EXPRESO LA PLATA BUENOS AIRES S.A.,BSAS_LINEA_503E,SI,COLECTIVO,MUNICIPAL,BUENOS AIRES,LA PLATA,20556,NO,5,Mayo,Martes,Día de semana,Otoño
2025-05-27,EMPRESA NUEVE DE JULIO S.A.T.,BSAS_LINEA_508C,SI,COLECTIVO,MUNICIPAL,BUENOS AIRES,LA PLATA,751,NO,5,Mayo,Martes,Día de semana,Otoño
2025-05-27,EXPRESO LA PLATA BUENOS AIRES S.A.,BSAS_LINEA_518,SI,COLECTIVO,MUNICIPAL,BUENOS AIRES,LA PLATA,599,NO,5,Mayo,Martes,Día de semana,Otoño
2025-05-27,UNION PLATENSE SRL,BSAS_LINEA_520C,SI,COLECTIVO,MUNICIPAL,BUENOS AIRES,LA PLATA,9231,NO,5,Mayo,Martes,Día de semana,Otoño
2025-05-27,EMPRESA NUEVE DE JULIO S.A.T.,BSAS_LINEA_561B,SI,COLECTIVO,MUNICIPAL,BUENOS AIRES,LA PLATA,1109,NO,5,Mayo,Martes,Día de semana,Otoño
2025-05-27,EMPRESA NUEVE DE JULIO S.A.T.,LINEA OESTE,SI,COLECTIVO,MUNICIPAL,BUENOS AIRES,LA PLATA,39919,NO,5,Mayo,Martes,Día de semana,Otoño
2025-05-27,FUERTE BARRAGAN S.A.T.I.C.I.,LINEA_506F_BSAS,SI,COLECTIVO,MUNICIPAL,BUENOS AIRES,LA PLATA,7033,NO,5,Mayo,Martes,Día de semana,Otoño
2025-05-27,UNION PLATENSE SRL,NORTE MUNICIPAL,SI,COLECTIVO,MUNICIPAL,BUENOS AIRES,LA PLATA,9074,NO,5,Mayo,Martes,Día de semana,Otoño
2025-05-28,UNION PLATENSE SRL,BSAS_LINEA_502_SUR,SI,COLECTIVO,MUNICIPAL,BUENOS AIRES,LA PLATA,14114,NO,5,Mayo,Miércoles,Día de semana,Otoño
2025-05-28,MICROEXPRES S.A.,BSAS_LINEA_503_ESTE,SI,COLECTIVO,MUNICIPAL,BUENOS AIRES,LA PLATA,9163,NO,5,Mayo,Miércoles,Día de semana,Otoño
2025-05-28,EXPRESO LA PLATA BUENOS AIRES S.A.,BSAS_LINEA_503E,SI,COLECTIVO,MUNICIPAL,BUENOS AIRES,LA PLATA,34680,NO,5,Mayo,Miércoles,Día de semana,Otoño
2025-05-28,EMPRESA NUEVE DE JULIO S.A.T.,BSAS_LINEA_508C,SI,COLECTIVO,MUNICIPAL,BUENOS AIRES,LA PLATA,1392,NO,5,Mayo,Miércoles,Día de semana,Otoño
2025-05-28,EXPRESO LA PLATA BUENOS AIRES S.A.,BSAS_LINEA_518,SI,COLECTIVO,MUNICIPAL,BUENOS AIRES,LA PLATA,953,NO,5,Mayo,Miércoles,Día de semana,Otoño
2025-05-28,UNION PLATENSE SRL,BSAS_LINEA_520C,SI,COLECTIVO,MUNICIPAL,BUENOS AIRES,LA PLATA,16148,NO,5,Mayo,Miércoles,Día de semana,Otoño
2025-05-28,EMPRESA NUEVE DE JULIO S.A.T.,BSAS_LINEA_561B,SI,COLECTIVO,MUNICIPAL,BUENOS AIRES,LA PLATA,1788,NO,5,Mayo,Miércoles,Día de semana,Otoño
2025-05-28,EMPRESA NUEVE DE JULIO S.A.T.,LINEA OESTE,SI,COLECTIVO,MUNICIPAL,BUENOS AIRES,LA PLATA,73631,NO,5,Mayo,Miércoles,Día de semana,Otoño
2025-05-28,FUERTE BARRAGAN S.A.T.I.C.I.,LINEA_506F_BSAS,SI,COLECTIVO,MUNICIPAL,BUENOS AIRES,LA PLATA,12653,NO,5,Mayo,Miércoles,Día de semana,Otoño
2025-05-28,UNION PLATENSE SRL,NORTE MUNICIPAL,SI,COLECTIVO,MUNICIPAL,BUENOS AIRES,LA PLATA,13656,NO,5,Mayo,Miércoles,Día de semana,Otoño
2025-05-29,UNION PLATENSE SRL,BSAS_LINEA_502_SUR,SI,COLECTIVO,MUNICIPAL,BUENOS AIRES,LA PLATA,14116,NO,5,Mayo,Jueves,Día de semana,Otoño
2025-05-29,MICROEXPRES S.A.,BSAS_LINEA_503_ESTE,SI,COLECTIVO,MUNICIPAL,BUENOS AIRES,LA PLATA,9000,NO,5,Mayo,Jueves,Día de semana,Otoño
2025-05-29,EXPRESO LA PLATA BUENOS AIRES S.A.,BSAS_LINEA_503E,SI,COLECTIVO,MUNICIPAL,BUENOS AIRES,LA PLATA,35040,NO,5,Mayo,Jueves,Día de semana,Otoño
2025-05-29,EMPRESA NUEVE DE JULIO S.A.T.,BSAS_LINEA_508C,SI,COLECTIVO,MUNICIPAL,BUENOS AIRES,LA PLATA,1336,NO,5,Mayo,Jueves,Día de semana,Otoño
2025-05-29,EXPRESO LA PLATA BUENOS AIRES S.A.,BSAS_LINEA_518,SI,COLECTIVO,MUNICIPAL,BUENOS AIRES,LA PLATA,944,NO,5,Mayo,Jueves,Día de semana,Otoño
2025-05-29,UNION PLATENSE SRL,BSAS_LINEA_520C,SI,COLECTIVO,MUNICIPAL,BUENOS AIRES,LA PLATA,16247,NO,5,Mayo,Jueves,Día de semana,Otoño
2025-05-29,EMPRESA NUEVE DE JULIO S.A.T.,BSAS_LINEA_561B,SI,COLECTIVO,MUNICIPAL,BUENOS AIRES,LA PLATA,1721,NO,5,Mayo,Jueves,Día de semana,Otoño
2025-05-29,EMPRESA NUEVE DE JULIO S.A.T.,LINEA OESTE,SI,COLECTIVO,MUNICIPAL,BUENOS AIRES,LA PLATA,72239,NO,5,Mayo,Jueves,Día de semana,Otoño
2025-05-29,FUERTE BARRAGAN S.A.T.I.C.I.,LINEA_506F_BSAS,SI,COLECTIVO,MUNICIPAL,BUENOS AIRES,LA PLATA,12780,NO,5,Mayo,Jueves,Día de semana,Otoño
2025-05-29,UNION PLATENSE SRL,NORTE MUNICIPAL,SI,COLECTIVO,MUNICIPAL,BUENOS AIRES,LA PLATA,13546,NO,5,Mayo,Jueves,Día de semana,Otoño
2025-05-30,UNION PLATENSE SRL,BSAS_LINEA_502_SUR,SI,COLECTIVO,MUNICIPAL,BUENOS AIRES,LA PLATA,13497,NO,5,Mayo,Viernes,Día de semana,Otoño
2025-05-30,MICROEXPRES S.A.,BSAS_LINEA_503_ESTE,SI,COLECTIVO,MUNICIPAL,BUENOS AIRES,LA PLATA,8856,NO,5,Mayo,Viernes,Día de semana,Otoño
2025-05-30,EXPRESO LA PLATA BUENOS AIRES S.A.,BSAS_LINEA_503E,SI,COLECTIVO,MUNICIPAL,BUENOS AIRES,LA PLATA,34803,NO,5,Mayo,Viernes,Día de semana,Otoño
2025-05-30,EMPRESA NUEVE DE JULIO S.A.T.,BSAS_LINEA_508C,SI,COLECTIVO,MUNICIPAL,BUENOS AIRES,LA PLATA,1300,NO,5,Mayo,Viernes,Día de semana,Otoño
2025-05-30,EXPRESO LA PLATA BUENOS AIRES S.A.,BSAS_LINEA_518,SI,COLECTIVO,MUNICIPAL,BUENOS AIRES,LA PLATA,971,NO,5,Mayo,Viernes,Día de semana,Otoño
2025-05-30,UNION PLATENSE SRL,BSAS_LINEA_520C,SI,COLECTIVO,MUNICIPAL,BUENOS AIRES,LA PLATA,15782,NO,5,Mayo,Viernes,Día de semana,Otoño
2025-05-30,EMPRESA NUEVE DE JULIO S.A.T.,BSAS_LINEA_561B,SI,COLECTIVO,MUNICIPAL,BUENOS AIRES,LA PLATA,1689,NO,5,Mayo,Viernes,Día de semana,Otoño
2025-05-30,EMPRESA NUEVE DE JULIO S.A.T.,LINEA OESTE,SI,COLECTIVO,MUNICIPAL,BUENOS AIRES,LA PLATA,72163,NO,5,Mayo,Viernes,Día de semana,Otoño
2025-05-30,FUERTE BARRAGAN S.A.T.I.C.I.,LINEA_506F_BSAS,SI,COLECTIVO,MUNICIPAL,BUENOS AIRES,LA PLATA,12365,NO,5,Mayo,Viernes,Día de semana,Otoño
2025-05-30,UNION PLATENSE SRL,NORTE MUNICIPAL,SI,COLECTIVO,MUNICIPAL,BUENOS AIRES,LA PLATA,13198,NO,5,Mayo,Viernes,Día de semana,Otoño
2025-05-31,UNION PLATENSE SRL,BSAS_LINEA_502_SUR,SI,COLECTIVO,MUNICIPAL,BUENOS AIRES,LA PLATA,4680,NO,5,Mayo,Sábado,Fin de semana,Otoño
2025-05-31,MICROEXPRES S.A.,BSAS_LINEA_503_ESTE,SI,COLECTIVO,MUNICIPAL,BUENOS AIRES,LA PLATA,4293,NO,5,Mayo,Sábado,Fin de semana,Otoño
2025-05-31,EXPRESO LA PLATA BUENOS AIRES S.A.,BSAS_LINEA_503E,SI,COLECTIVO,MUNICIPAL,BUENOS AIRES,LA PLATA,16670,NO,5,Mayo,Sábado,Fin de semana,Otoño
2025-05-31,EMPRESA NUEVE DE JULIO S.A.T.,BSAS_LINEA_508C,SI,COLECTIVO,MUNICIPAL,BUENOS AIRES,LA PLATA,407,NO,5,Mayo,Sábado,Fin de semana,Otoño
2025-05-31,EXPRESO LA PLATA BUENOS AIRES S.A.,BSAS_LINEA_518,SI,COLECTIVO,MUNICIPAL,BUENOS AIRES,LA PLATA,429,NO,5,Mayo,Sábado,Fin de semana,Otoño
2025-05-31,UNION PLATENSE SRL,BSAS_LINEA_520C,SI,COLECTIVO,MUNICIPAL,BUENOS AIRES,LA PLATA,5977,NO,5,Mayo,Sábado,Fin de semana,Otoño
2025-05-31,EMPRESA NUEVE DE JULIO S.A.T.,BSAS_LINEA_561B,SI,COLECTIVO,MUNICIPAL,BUENOS AIRES,LA PLATA,490,NO,5,Mayo,Sábado,Fin de semana,Otoño
2025-05-31,EMPRESA NUEVE DE JULIO S.A.T.,LINEA OESTE,SI,COLECTIVO,MUNICIPAL,BUENOS AIRES,LA PLATA,31470,NO,5,Mayo,Sábado,Fin de semana,Otoño
2025-05-31,FUERTE BARRAGAN S.A.T.I.C.I.,LINEA_506F_BSAS,SI,COLECTIVO,MUNICIPAL,BUENOS AIRES,LA PLATA,4837,NO,5,Mayo,Sábado,Fin de semana,Otoño
2025-05-31,UNION PLATENSE SRL,NORTE MUNICIPAL,SI,COLECTIVO,MUNICIPAL,BUENOS AIRES,LA PLATA,6661,NO,5,Mayo,Sábado,Fin de semana,Otoño
2025-06-01,UNION PLATENSE SRL,BSAS_LINEA_502_SUR,SI,COLECTIVO,MUNICIPAL,BUENOS AIRES,LA PLATA,1574,NO,6,Junio,Domingo,Fin de semana,Otoño
2025-06-01,MICROEXPRES S.A.,BSAS_LINEA_503_ESTE,SI,COLECTIVO,MUNICIPAL,BUENOS AIRES,LA PLATA,2933,NO,6,Junio,Domingo,Fin de semana,Otoño
2025-06-01,EXPRESO LA PLATA BUENOS AIRES S.A.,BSAS_LINEA_503E,SI,COLECTIVO,MUNICIPAL,BUENOS AIRES,LA PLATA,10467,NO,6,Junio,Domingo,Fin de semana,Otoño
2025-06-01,EMPRESA NUEVE DE JULIO S.A.T.,BSAS_LINEA_508C,SI,COLECTIVO,MUNICIPAL,BUENOS AIRES,LA PLATA,274,NO,6,Junio,Domingo,Fin de semana,Otoño
2025-06-01,UNION PLATENSE SRL,BSAS_LINEA_520C,SI,COLECTIVO,MUNICIPAL,BUENOS AIRES,LA PLATA,2879,NO,6,Junio,Domingo,Fin de semana,Otoño
2025-06-01,EMPRESA NUEVE DE JULIO S.A.T.,BSAS_LINEA_561B,SI,COLECTIVO,MUNICIPAL,BUENOS AIRES,LA PLATA,339,NO,6,Junio,Domingo,Fin de semana,Otoño
2025-06-01,EMPRESA NUEVE DE JULIO S.A.T.,LINEA OESTE,SI,COLECTIVO,MUNICIPAL,BUENOS AIRES,LA PLATA,18010,NO,6,Junio,Domingo,Fin de semana,Otoño
2025-06-01,FUERTE BARRAGAN S.A.T.I.C.I.,LINEA_506F_BSAS,SI,COLECTIVO,MUNICIPAL,BUENOS AIRES,LA PLATA,3557,NO,6,Junio,Domingo,Fin de semana,Otoño
2025-06-01,UNION PLATENSE SRL,NORTE MUNICIPAL,SI,COLECTIVO,MUNICIPAL,BUENOS AIRES,LA PLATA,1741,NO,6,Junio,Domingo,Fin de semana,Otoño
2025-06-02,UNION PLATENSE SRL,BSAS_LINEA_502_SUR,SI,COLECTIVO,MUNICIPAL,BUENOS AIRES,LA PLATA,14096,NO,6,Junio,Lunes,Día de semana,Otoño
2025-06-02,MICROEXPRES S.A.,BSAS_LINEA_503_ESTE,SI,COLECTIVO,MUNICIPAL,BUENOS AIRES,LA PLATA,9007,NO,6,Junio,Lunes,Día de semana,Otoño
2025-06-02,EXPRESO LA PLATA BUENOS AIRES S.A.,BSAS_LINEA_503E,SI,COLECTIVO,MUNICIPAL,BUENOS AIRES,LA PLATA,34758,NO,6,Junio,Lunes,Día de semana,Otoño
2025-06-02,EMPRESA NUEVE DE JULIO S.A.T.,BSAS_LINEA_508C,SI,COLECTIVO,MUNICIPAL,BUENOS AIRES,LA PLATA,1323,NO,6,Junio,Lunes,Día de semana,Otoño
2025-06-02,EXPRESO LA PLATA BUENOS AIRES S.A.,BSAS_LINEA_518,SI,COLECTIVO,MUNICIPAL,BUENOS AIRES,LA PLATA,1026,NO,6,Junio,Lunes,Día de semana,Otoño
2025-06-02,UNION PLATENSE SRL,BSAS_LINEA_520C,SI,COLECTIVO,MUNICIPAL,BUENOS AIRES,LA PLATA,15845,NO,6,Junio,Lunes,Día de semana,Otoño
2025-06-02,EMPRESA NUEVE DE JULIO S.A.T.,BSAS_LINEA_561B,SI,COLECTIVO,MUNICIPAL,BUENOS AIRES,LA PLATA,1763,NO,6,Junio,Lunes,Día de semana,Otoño
2025-06-02,EMPRESA NUEVE DE JULIO S.A.T.,LINEA OESTE,SI,COLECTIVO,MUNICIPAL,BUENOS AIRES,LA PLATA,71858,NO,6,Junio,Lunes,Día de semana,Otoño
2025-06-02,FUERTE BARRAGAN S.A.T.I.C.I.,LINEA_506F_BSAS,SI,COLECTIVO,MUNICIPAL,BUENOS AIRES,LA PLATA,13295,NO,6,Junio,Lunes,Día de semana,Otoño
2025-06-02,UNION PLATENSE SRL,NORTE MUNICIPAL,SI,COLECTIVO,MUNICIPAL,BUENOS AIRES,LA PLATA,13056,NO,6,Junio,Lunes,Día de semana,Otoño
2025-06-03,UNION PLATENSE SRL,BSAS_LINEA_502_SUR,SI,COLECTIVO,MUNICIPAL,BUENOS AIRES,LA PLATA,13728,NO,6,Junio,Martes,Día de semana,Otoño
2025-06-03,MICROEXPRES S.A.,BSAS_LINEA_503_ESTE,SI,COLECTIVO,MUNICIPAL,BUENOS AIRES,LA PLATA,8792,NO,6,Junio,Martes,Día de semana,Otoño
2025-06-03,EXPRESO LA PLATA BUENOS AIRES S.A.,BSAS_LINEA_503E,SI,COLECTIVO,MUNICIPAL,BUENOS AIRES,LA PLATA,35052,NO,6,Junio,Martes,Día de semana,Otoño
2025-06-03,EMPRESA NUEVE DE JULIO S.A.T.,BSAS_LINEA_508C,SI,COLECTIVO,MUNICIPAL,BUENOS AIRES,LA PLATA,1350,NO,6,Junio,Martes,Día de semana,Otoño
2025-06-03,EXPRESO LA PLATA BUENOS AIRES S.A.,BSAS_LINEA_518,SI,COLECTIVO,MUNICIPAL,BUENOS AIRES,LA PLATA,1025,NO,6,Junio,Martes,Día de semana,Otoño
2025-06-03,UNION PLATENSE SRL,BSAS_LINEA_520C,SI,COLECTIVO,MUNICIPAL,BUENOS AIRES,LA PLATA,15896,NO,6,Junio,Martes,Día de semana,Otoño
2025-06-03,EMPRESA NUEVE DE JULIO S.A.T.,BSAS_LINEA_561B,SI,COLECTIVO,MUNICIPAL,BUENOS AIRES,LA PLATA,1702,NO,6,Junio,Martes,Día de semana,Otoño
2025-06-03,EMPRESA NUEVE DE JULIO S.A.T.,LINEA OESTE,SI,COLECTIVO,MUNICIPAL,BUENOS AIRES,LA PLATA,72693,NO,6,Junio,Martes,Día de semana,Otoño
2025-06-03,FUERTE BARRAGAN S.A.T.I.C.I.,LINEA_506F_BSAS,SI,COLECTIVO,MUNICIPAL,BUENOS AIRES,LA PLATA,12695,NO,6,Junio,Martes,Día de semana,Otoño
2025-06-03,UNION PLATENSE SRL,NORTE MUNICIPAL,SI,COLECTIVO,MUNICIPAL,BUENOS AIRES,LA PLATA,12630,NO,6,Junio,Martes,Día de semana,Otoño
2025-06-04,UNION PLATENSE SRL,BSAS_LINEA_502_SUR,SI,COLECTIVO,MUNICIPAL,BUENOS AIRES,LA PLATA,13767,NO,6,Junio,Miércoles,Día de semana,Otoño
2025-06-04,MICROEXPRES S.A.,BSAS_LINEA_503_ESTE,SI,COLECTIVO,MUNICIPAL,BUENOS AIRES,LA PLATA,9365,NO,6,Junio,Miércoles,Día de semana,Otoño
2025-06-04,EXPRESO LA PLATA BUENOS AIRES S.A.,BSAS_LINEA_503E,SI,COLECTIVO,MUNICIPAL,BUENOS AIRES,LA PLATA,35078,NO,6,Junio,Miércoles,Día de semana,Otoño
2025-06-04,EMPRESA NUEVE DE JULIO S.A.T.,BSAS_LINEA_508C,SI,COLECTIVO,MUNICIPAL,BUENOS AIRES,LA PLATA,1295,NO,6,Junio,Miércoles,Día de semana,Otoño
2025-06-04,EXPRESO LA PLATA BUENOS AIRES S.A.,BSAS_LINEA_518,SI,COLECTIVO,MUNICIPAL,BUENOS AIRES,LA PLATA,1010,NO,6,Junio,Miércoles,Día de semana,Otoño
2025-06-04,UNION PLATENSE SRL,BSAS_LINEA_520C,SI,COLECTIVO,MUNICIPAL,BUENOS AIRES,LA PLATA,16146,NO,6,Junio,Miércoles,Día de semana,Otoño
2025-06-04,EMPRESA NUEVE DE JULIO S.A.T.,BSAS_LINEA_561B,SI,COLECTIVO,MUNICIPAL,BUENOS AIRES,LA PLATA,1738,NO,6,Junio,Miércoles,Día de semana,Otoño
2025-06-04,EMPRESA NUEVE DE JULIO S.A.T.,LINEA OESTE,SI,COLECTIVO,MUNICIPAL,BUENOS AIRES,LA PLATA,72951,NO,6,Junio,Miércoles,Día de semana,Otoño
2025-06-04,FUERTE BARRAGAN S.A.T.I.C.I.,LINEA_506F_BSAS,SI,COLECTIVO,MUNICIPAL,BUENOS AIRES,LA PLATA,12862,NO,6,Junio,Miércoles,Día de semana,Otoño
2025-06-04,UNION PLATENSE SRL,NORTE MUNICIPAL,SI,COLECTIVO,MUNICIPAL,BUENOS AIRES,LA PLATA,13014,NO,6,Junio,Miércoles,Día de semana,Otoño
2025-06-05,UNION PLATENSE SRL,BSAS_LINEA_502_SUR,SI,COLECTIVO,MUNICIPAL,BUENOS AIRES,LA PLATA,14321,NO,6,Junio,Jueves,Día de semana,Otoño
2025-06-05,MICROEXPRES S.A.,BSAS_LINEA_503_ESTE,SI,COLECTIVO,MUNICIPAL,BUENOS AIRES,LA PLATA,9137,NO,6,Junio,Jueves,Día de semana,Otoño
2025-06-05,EXPRESO LA PLATA BUENOS AIRES S.A.,BSAS_LINEA_503E,SI,COLECTIVO,MUNICIPAL,BUENOS AIRES,LA PLATA,34970,NO,6,Junio,Jueves,Día de semana,Otoño
2025-06-05,EMPRESA NUEVE DE JULIO S.A.T.,BSAS_LINEA_508C,SI,COLECTIVO,MUNICIPAL,BUENOS AIRES,LA PLATA,1370,NO,6,Junio,Jueves,Día de semana,Otoño
2025-06-05,EXPRESO LA PLATA BUENOS AIRES S.A.,BSAS_LINEA_518,SI,COLECTIVO,MUNICIPAL,BUENOS AIRES,LA PLATA,951,NO,6,Junio,Jueves,Día de semana,Otoño
2025-06-05,UNION PLATENSE SRL,BSAS_LINEA_520C,SI,COLECTIVO,MUNICIPAL,BUENOS AIRES,LA PLATA,15985,NO,6,Junio,Jueves,Día de semana,Otoño
2025-06-05,EMPRESA NUEVE DE JULIO S.A.T.,BSAS_LINEA_561B,SI,COLECTIVO,MUNICIPAL,BUENOS AIRES,LA PLATA,1613,NO,6,Junio,Jueves,Día de semana,Otoño
2025-06-05,EMPRESA NUEVE DE JULIO S.A.T.,LINEA OESTE,SI,COLECTIVO,MUNICIPAL,BUENOS AIRES,LA PLATA,72500,NO,6,Junio,Jueves,Día de semana,Otoño
2025-06-05,FUERTE BARRAGAN S.A.T.I.C.I.,LINEA_506F_BSAS,SI,COLECTIVO,MUNICIPAL,BUENOS AIRES,LA PLATA,13161,NO,6,Junio,Jueves,Día de semana,Otoño
2025-06-05,UNION PLATENSE SRL,NORTE MUNICIPAL,SI,COLECTIVO,MUNICIPAL,BUENOS AIRES,LA PLATA,13657,NO,6,Junio,Jueves,Día de semana,Otoño
2025-06-06,UNION PLATENSE SRL,BSAS_LINEA_502_SUR,SI,COLECTIVO,MUNICIPAL,BUENOS AIRES,LA PLATA,13879,NO,6,Junio,Viernes,Día de semana,Otoño
2025-06-06,MICROEXPRES S.A.,BSAS_LINEA_503_ESTE,SI,COLECTIVO,MUNICIPAL,BUENOS AIRES,LA PLATA,9304,NO,6,Junio,Viernes,Día de semana,Otoño
2025-06-06,EXPRESO LA PLATA BUENOS AIRES S.A.,BSAS_LINEA_503E,SI,COLECTIVO,MUNICIPAL,BUENOS AIRES,LA PLATA,34302,NO,6,Junio,Viernes,Día de semana,Otoño
2025-06-06,EMPRESA NUEVE DE JULIO S.A.T.,BSAS_LINEA_508C,SI,COLECTIVO,MUNICIPAL,BUENOS AIRES,LA PLATA,1349,NO,6,Junio,Viernes,Día de semana,Otoño
2025-06-06,EXPRESO LA PLATA BUENOS AIRES S.A.,BSAS_LINEA_518,SI,COLECTIVO,MUNICIPAL,BUENOS AIRES,LA PLATA,974,NO,6,Junio,Viernes,Día de semana,Otoño
2025-06-06,UNION PLATENSE SRL,BSAS_LINEA_520C,SI,COLECTIVO,MUNICIPAL,BUENOS AIRES,LA PLATA,15878,NO,6,Junio,Viernes,Día de semana,Otoño
2025-06-06,EMPRESA NUEVE DE JULIO S.A.T.,BSAS_LINEA_561B,SI,COLECTIVO,MUNICIPAL,BUENOS AIRES,LA PLATA,1857,NO,6,Junio,Viernes,Día de semana,Otoño
2025-06-06,EMPRESA NUEVE DE JULIO S.A.T.,LINEA OESTE,SI,COLECTIVO,MUNICIPAL,BUENOS AIRES,LA PLATA,71607,NO,6,Junio,Viernes,Día de semana,Otoño
2025-06-06,FUERTE BARRAGAN S.A.T.I.C.I.,LINEA_506F_BSAS,SI,COLECTIVO,MUNICIPAL,BUENOS AIRES,LA PLATA,13675,NO,6,Junio,Viernes,Día de semana,Otoño
2025-06-06,UNION PLATENSE SRL,NORTE MUNICIPAL,SI,COLECTIVO,MUNICIPAL,BUENOS AIRES,LA PLATA,12458,NO,6,Junio,Viernes,Día de semana,Otoño
2025-06-07,UNION PLATENSE SRL,BSAS_LINEA_502_SUR,SI,COLECTIVO,MUNICIPAL,BUENOS AIRES,LA PLATA,4790,NO,6,Junio,Sábado,Fin de semana,Otoño
2025-06-07,MICROEXPRES S.A.,BSAS_LINEA_503_ESTE,SI,COLECTIVO,MUNICIPAL,BUENOS AIRES,LA PLATA,4492,NO,6,Junio,Sábado,Fin de semana,Otoño
2025-06-07,EXPRESO LA PLATA BUENOS AIRES S.A.,BSAS_LINEA_503E,SI,COLECTIVO,MUNICIPAL,BUENOS AIRES,LA PLATA,17146,NO,6,Junio,Sábado,Fin de semana,Otoño
2025-06-07,EMPRESA NUEVE DE JULIO S.A.T.,BSAS_LINEA_508C,SI,COLECTIVO,MUNICIPAL,BUENOS AIRES,LA PLATA,476,NO,6,Junio,Sábado,Fin de semana,Otoño
2025-06-07,EXPRESO LA PLATA BUENOS AIRES S.A.,BSAS_LINEA_518,SI,COLECTIVO,MUNICIPAL,BUENOS AIRES,LA PLATA,384,NO,6,Junio,Sábado,Fin de semana,Otoño
2025-06-07,UNION PLATENSE SRL,BSAS_LINEA_520C,SI,COLECTIVO,MUNICIPAL,BUENOS AIRES,LA PLATA,6238,NO,6,Junio,Sábado,Fin de semana,Otoño
2025-06-07,EMPRESA NUEVE DE JULIO S.A.T.,BSAS_LINEA_561B,SI,COLECTIVO,MUNICIPAL,BUENOS AIRES,LA PLATA,490,NO,6,Junio,Sábado,Fin de semana,Otoño
2025-06-07,EMPRESA NUEVE DE JULIO S.A.T.,LINEA OESTE,SI,COLECTIVO,MUNICIPAL,BUENOS AIRES,LA PLATA,32846,NO,6,Junio,Sábado,Fin de semana,Otoño
2025-06-07,FUERTE BARRAGAN S.A.T.I.C.I.,LINEA_506F_BSAS,SI,COLECTIVO,MUNICIPAL,BUENOS AIRES,LA PLATA,5899,NO,6,Junio,Sábado,Fin de semana,Otoño
2025-06-07,UNION PLATENSE SRL,NORTE MUNICIPAL,SI,COLECTIVO,MUNICIPAL,BUENOS AIRES,LA PLATA,4107,NO,6,Junio,Sábado,Fin de semana,Otoño
2025-06-08,UNION PLATENSE SRL,BSAS_LINEA_502_SUR,SI,COLECTIVO,MUNICIPAL,BUENOS AIRES,LA PLATA,1373,NO,6,Junio,Domingo,Fin de semana,Otoño
2025-06-08,MICROEXPRES S.A.,BSAS_LINEA_503_ESTE,SI,COLECTIVO,MUNICIPAL,BUENOS AIRES,LA PLATA,2535,NO,6,Junio,Domingo,Fin de semana,Otoño
2025-06-08,EXPRESO LA PLATA BUENOS AIRES S.A.,BSAS_LINEA_503E,SI,COLECTIVO,MUNICIPAL,BUENOS AIRES,LA PLATA,9619,NO,6,Junio,Domingo,Fin de semana,Otoño
2025-06-08,EMPRESA NUEVE DE JULIO S.A.T.,BSAS_LINEA_508C,SI,COLECTIVO,MUNICIPAL,BUENOS AIRES,LA PLATA,264,NO,6,Junio,Domingo,Fin de semana,Otoño
2025-06-08,UNION PLATENSE SRL,BSAS_LINEA_520C,SI,COLECTIVO,MUNICIPAL,BUENOS AIRES,LA PLATA,2725,NO,6,Junio,Domingo,Fin de semana,Otoño
2025-06-08,EMPRESA NUEVE DE JULIO S.A.T.,BSAS_LINEA_561B,SI,COLECTIVO,MUNICIPAL,BUENOS AIRES,LA PLATA,269,NO,6,Junio,Domingo,Fin de semana,Otoño
2025-06-08,EMPRESA NUEVE DE JULIO S.A.T.,LINEA OESTE,SI,COLECTIVO,MUNICIPAL,BUENOS AIRES,LA PLATA,16539,NO,6,Junio,Domingo,Fin de semana,Otoño
2025-06-08,FUERTE BARRAGAN S.A.T.I.C.I.,LINEA_506F_BSAS,SI,COLECTIVO,MUNICIPAL,BUENOS AIRES,LA PLATA,3131,NO,6,Junio,Domingo,Fin de semana,Otoño
2025-06-08,UNION PLATENSE SRL,NORTE MUNICIPAL,SI,COLECTIVO,MUNICIPAL,BUENOS AIRES,LA PLATA,2011,NO,6,Junio,Domingo,Fin de semana,Otoño
2025-06-09,UNION PLATENSE SRL,BSAS_LINEA_502_SUR,SI,COLECTIVO,MUNICIPAL,BUENOS AIRES,LA PLATA,13991,NO,6,Junio,Lunes,Día de semana,Otoño
2025-06-09,MICROEXPRES S.A.,BSAS_LINEA_503_ESTE,SI,COLECTIVO,MUNICIPAL,BUENOS AIRES,LA PLATA,9019,NO,6,Junio,Lunes,Día de semana,Otoño
2025-06-09,EXPRESO LA PLATA BUENOS AIRES S.A.,BSAS_LINEA_503E,SI,COLECTIVO,MUNICIPAL,BUENOS AIRES,LA PLATA,34039,NO,6,Junio,Lunes,Día de semana,Otoño
2025-06-09,EMPRESA NUEVE DE JULIO S.A.T.,BSAS_LINEA_508C,SI,COLECTIVO,MUNICIPAL,BUENOS AIRES,LA PLATA,1350,NO,6,Junio,Lunes,Día de semana,Otoño
2025-06-09,EXPRESO LA PLATA BUENOS AIRES S.A.,BSAS_LINEA_518,SI,COLECTIVO,MUNICIPAL,BUENOS AIRES,LA PLATA,1016,NO,6,Junio,Lunes,Día de semana,Otoño
2025-06-09,UNION PLATENSE SRL,BSAS_LINEA_520C,SI,COLECTIVO,MUNICIPAL,BUENOS AIRES,LA PLATA,16132,NO,6,Junio,Lunes,Día de semana,Otoño
2025-06-09,EMPRESA NUEVE DE JULIO S.A.T.,BSAS_LINEA_561B,SI,COLECTIVO,MUNICIPAL,BUENOS AIRES,LA PLATA,1725,NO,6,Junio,Lunes,Día de semana,Otoño
2025-06-09,EMPRESA NUEVE DE JULIO S.A.T.,LINEA OESTE,SI,COLECTIVO,MUNICIPAL,BUENOS AIRES,LA PLATA,72200,NO,6,Junio,Lunes,Día de semana,Otoño
2025-06-09,FUERTE BARRAGAN S.A.T.I.C.I.,LINEA_506F_BSAS,SI,COLECTIVO,MUNICIPAL,BUENOS AIRES,LA PLATA,13301,NO,6,Junio,Lunes,Día de semana,Otoño
2025-06-09,UNION PLATENSE SRL,NORTE MUNICIPAL,SI,COLECTIVO,MUNICIPAL,BUENOS AIRES,LA PLATA,12989,NO,6,Junio,Lunes,Día de semana,Otoño
2025-06-10,UNION PLATENSE SRL,BSAS_LINEA_502_SUR,SI,COLECTIVO,MUNICIPAL,BUENOS AIRES,LA PLATA,14263,NO,6,Junio,Martes,Día de semana,Otoño
2025-06-10,MICROEXPRES S.A.,BSAS_LINEA_503_ESTE,SI,COLECTIVO,MUNICIPAL,BUENOS AIRES,LA PLATA,9226,NO,6,Junio,Martes,Día de semana,Otoño
2025-06-10,EXPRESO LA PLATA BUENOS AIRES S.A.,BSAS_LINEA_503E,SI,COLECTIVO,MUNICIPAL,BUENOS AIRES,LA PLATA,35279,NO,6,Junio,Martes,Día de semana,Otoño
2025-06-10,EMPRESA NUEVE DE JULIO S.A.T.,BSAS_LINEA_508C,SI,COLECTIVO,MUNICIPAL,BUENOS AIRES,LA PLATA,1352,NO,6,Junio,Martes,Día de semana,Otoño
2025-06-10,EXPRESO LA PLATA BUENOS AIRES S.A.,BSAS_LINEA_518,SI,COLECTIVO,MUNICIPAL,BUENOS AIRES,LA PLATA,982,NO,6,Junio,Martes,Día de semana,Otoño
2025-06-10,UNION PLATENSE SRL,BSAS_LINEA_520C,SI,COLECTIVO,MUNICIPAL,BUENOS AIRES,LA PLATA,16049,NO,6,Junio,Martes,Día de semana,Otoño
2025-06-10,EMPRESA NUEVE DE JULIO S.A.T.,BSAS_LINEA_561B,SI,COLECTIVO,MUNICIPAL,BUENOS AIRES,LA PLATA,1808,NO,6,Junio,Martes,Día de semana,Otoño
2025-06-10,EMPRESA NUEVE DE JULIO S.A.T.,LINEA OESTE,SI,COLECTIVO,MUNICIPAL,BUENOS AIRES,LA PLATA,73357,NO,6,Junio,Martes,Día de semana,Otoño
2025-06-10,FUERTE BARRAGAN S.A.T.I.C.I.,LINEA_506F_BSAS,SI,COLECTIVO,MUNICIPAL,BUENOS AIRES,LA PLATA,12799,NO,6,Junio,Martes,Día de semana,Otoño
2025-06-10,UNION PLATENSE SRL,NORTE MUNICIPAL,SI,COLECTIVO,MUNICIPAL,BUENOS AIRES,LA PLATA,13218,NO,6,Junio,Martes,Día de semana,Otoño
2025-06-11,UNION PLATENSE SRL,BSAS_LINEA_502_SUR,SI,COLECTIVO,MUNICIPAL,BUENOS AIRES,LA PLATA,11493,NO,6,Junio,Miércoles,Día de semana,Otoño
2025-06-11,MICROEXPRES S.A.,BSAS_LINEA_503_ESTE,SI,COLECTIVO,MUNICIPAL,BUENOS AIRES,LA PLATA,7499,NO,6,Junio,Miércoles,Día de semana,Otoño
2025-06-11,EXPRESO LA PLATA BUENOS AIRES S.A.,BSAS_LINEA_503E,SI,COLECTIVO,MUNICIPAL,BUENOS AIRES,LA PLATA,27895,NO,6,Junio,Miércoles,Día de semana,Otoño
2025-06-11,EMPRESA NUEVE DE JULIO S.A.T.,BSAS_LINEA_508C,SI,COLECTIVO,MUNICIPAL,BUENOS AIRES,LA PLATA,1205,NO,6,Junio,Miércoles,Día de semana,Otoño
2025-06-11,EXPRESO LA PLATA BUENOS AIRES S.A.,BSAS_LINEA_518,SI,COLECTIVO,MUNICIPAL,BUENOS AIRES,LA PLATA,839,NO,6,Junio,Miércoles,Día de semana,Otoño
2025-06-11,UNION PLATENSE SRL,BSAS_LINEA_520C,SI,COLECTIVO,MUNICIPAL,BUENOS AIRES,LA PLATA,13439,NO,6,Junio,Miércoles,Día de semana,Otoño
2025-06-11,EMPRESA NUEVE DE JULIO S.A.T.,BSAS_LINEA_561B,SI,COLECTIVO,MUNICIPAL,BUENOS AIRES,LA PLATA,1525,NO,6,Junio,Miércoles,Día de semana,Otoño
2025-06-11,EMPRESA NUEVE DE JULIO S.A.T.,LINEA OESTE,SI,COLECTIVO,MUNICIPAL,BUENOS AIRES,LA PLATA,57925,NO,6,Junio,Miércoles,Día de semana,Otoño
2025-06-11,FUERTE BARRAGAN S.A.T.I.C.I.,LINEA_506F_BSAS,SI,COLECTIVO,MUNICIPAL,BUENOS AIRES,LA PLATA,11095,NO,6,Junio,Miércoles,Día de semana,Otoño
2025-06-11,UNION PLATENSE SRL,NORTE MUNICIPAL,SI,COLECTIVO,MUNICIPAL,BUENOS AIRES,LA PLATA,11328,NO,6,Junio,Miércoles,Día de semana,Otoño
2025-06-12,UNION PLATENSE SRL,BSAS_LINEA_502_SUR,SI,COLECTIVO,MUNICIPAL,BUENOS AIRES,LA PLATA,13834,NO,6,Junio,Jueves,Día de semana,Otoño
2025-06-12,MICROEXPRES S.A.,BSAS_LINEA_503_ESTE,SI,COLECTIVO,MUNICIPAL,BUENOS AIRES,LA PLATA,8991,NO,6,Junio,Jueves,Día de semana,Otoño
2025-06-12,EXPRESO LA PLATA BUENOS AIRES S.A.,BSAS_LINEA_503E,SI,COLECTIVO,MUNICIPAL,BUENOS AIRES,LA PLATA,34015,NO,6,Junio,Jueves,Día de semana,Otoño
2025-06-12,EMPRESA NUEVE DE JULIO S.A.T.,BSAS_LINEA_508C,SI,COLECTIVO,MUNICIPAL,BUENOS AIRES,LA PLATA,1224,NO,6,Junio,Jueves,Día de semana,Otoño
2025-06-12,EXPRESO LA PLATA BUENOS AIRES S.A.,BSAS_LINEA_518,SI,COLECTIVO,MUNICIPAL,BUENOS AIRES,LA PLATA,924,NO,6,Junio,Jueves,Día de semana,Otoño
2025-06-12,UNION PLATENSE SRL,BSAS_LINEA_520C,SI,COLECTIVO,MUNICIPAL,BUENOS AIRES,LA PLATA,15781,NO,6,Junio,Jueves,Día de semana,Otoño
2025-06-12,EMPRESA NUEVE DE JULIO S.A.T.,BSAS_LINEA_561B,SI,COLECTIVO,MUNICIPAL,BUENOS AIRES,LA PLATA,1811,NO,6,Junio,Jueves,Día de semana,Otoño
2025-06-12,EMPRESA NUEVE DE JULIO S.A.T.,LINEA OESTE,SI,COLECTIVO,MUNICIPAL,BUENOS AIRES,LA PLATA,69539,NO,6,Junio,Jueves,Día de semana,Otoño
2025-06-12,FUERTE BARRAGAN S.A.T.I.C.I.,LINEA_506F_BSAS,SI,COLECTIVO,MUNICIPAL,BUENOS AIRES,LA PLATA,13293,NO,6,Junio,Jueves,Día de semana,Otoño
2025-06-12,UNION PLATENSE SRL,NORTE MUNICIPAL,SI,COLECTIVO,MUNICIPAL,BUENOS AIRES,LA PLATA,12811,NO,6,Junio,Jueves,Día de semana,Otoño
2025-06-13,UNION PLATENSE SRL,BSAS_LINEA_502_SUR,SI,COLECTIVO,MUNICIPAL,BUENOS AIRES,LA PLATA,13180,NO,6,Junio,Viernes,Día de semana,Otoño
2025-06-13,MICROEXPRES S.A.,BSAS_LINEA_503_ESTE,SI,COLECTIVO,MUNICIPAL,BUENOS AIRES,LA PLATA,8467,NO,6,Junio,Viernes,Día de semana,Otoño
2025-06-13,EXPRESO LA PLATA BUENOS AIRES S.A.,BSAS_LINEA_503E,SI,COLECTIVO,MUNICIPAL,BUENOS AIRES,LA PLATA,33067,NO,6,Junio,Viernes,Día de semana,Otoño
2025-06-13,EMPRESA NUEVE DE JULIO S.A.T.,BSAS_LINEA_508C,SI,COLECTIVO,MUNICIPAL,BUENOS AIRES,LA PLATA,1185,NO,6,Junio,Viernes,Día de semana,Otoño
2025-06-13,EXPRESO LA PLATA BUENOS AIRES S.A.,BSAS_LINEA_518,SI,COLECTIVO,MUNICIPAL,BUENOS AIRES,LA PLATA,1017,NO,6,Junio,Viernes,Día de semana,Otoño
2025-06-13,UNION PLATENSE SRL,BSAS_LINEA_520C,SI,COLECTIVO,MUNICIPAL,BUENOS AIRES,LA PLATA,14686,NO,6,Junio,Viernes,Día de semana,Otoño
2025-06-13,EMPRESA NUEVE DE JULIO S.A.T.,BSAS_LINEA_561B,SI,COLECTIVO,MUNICIPAL,BUENOS AIRES,LA PLATA,1650,NO,6,Junio,Viernes,Día de semana,Otoño
2025-06-13,EMPRESA NUEVE DE JULIO S.A.T.,LINEA OESTE,SI,COLECTIVO,MUNICIPAL,BUENOS AIRES,LA PLATA,66280,NO,6,Junio,Viernes,Día de semana,Otoño
2025-06-13,FUERTE BARRAGAN S.A.T.I.C.I.,LINEA_506F_BSAS,SI,COLECTIVO,MUNICIPAL,BUENOS AIRES,LA PLATA,12529,NO,6,Junio,Viernes,Día de semana,Otoño
2025-06-13,UNION PLATENSE SRL,NORTE MUNICIPAL,SI,COLECTIVO,MUNICIPAL,BUENOS AIRES,LA PLATA,12361,NO,6,Junio,Viernes,Día de semana,Otoño
2025-06-14,UNION PLATENSE SRL,BSAS_LINEA_502_SUR,SI,COLECTIVO,MUNICIPAL,BUENOS AIRES,LA PLATA,3431,NO,6,Junio,Sábado,Fin de semana,Otoño
2025-06-14,MICROEXPRES S.A.,BSAS_LINEA_503_ESTE,SI,COLECTIVO,MUNICIPAL,BUENOS AIRES,LA PLATA,2768,NO,6,Junio,Sábado,Fin de semana,Otoño
2025-06-14,EXPRESO LA PLATA BUENOS AIRES S.A.,BSAS_LINEA_503E,SI,COLECTIVO,MUNICIPAL,BUENOS AIRES,LA PLATA,12188,NO,6,Junio,Sábado,Fin de semana,Otoño
2025-06-14,EMPRESA NUEVE DE JULIO S.A.T.,BSAS_LINEA_508C,SI,COLECTIVO,MUNICIPAL,BUENOS AIRES,LA PLATA,303,NO,6,Junio,Sábado,Fin de semana,Otoño
2025-06-14,EXPRESO LA PLATA BUENOS AIRES S.A.,BSAS_LINEA_518,SI,COLECTIVO,MUNICIPAL,BUENOS AIRES,LA PLATA,236,NO,6,Junio,Sábado,Fin de semana,Otoño
2025-06-14,UNION PLATENSE SRL,BSAS_LINEA_520C,SI,COLECTIVO,MUNICIPAL,BUENOS AIRES,LA PLATA,4408,NO,6,Junio,Sábado,Fin de semana,Otoño
2025-06-14,EMPRESA NUEVE DE JULIO S.A.T.,BSAS_LINEA_561B,SI,COLECTIVO,MUNICIPAL,BUENOS AIRES,LA PLATA,326,NO,6,Junio,Sábado,Fin de semana,Otoño
2025-06-14,EMPRESA NUEVE DE JULIO S.A.T.,LINEA OESTE,SI,COLECTIVO,MUNICIPAL,BUENOS AIRES,LA PLATA,21431,NO,6,Junio,Sábado,Fin de semana,Otoño
2025-06-14,FUERTE BARRAGAN S.A.T.I.C.I.,LINEA_506F_BSAS,SI,COLECTIVO,MUNICIPAL,BUENOS AIRES,LA PLATA,3214,NO,6,Junio,Sábado,Fin de semana,Otoño
2025-06-14,UNION PLATENSE SRL,NORTE MUNICIPAL,SI,COLECTIVO,MUNICIPAL,BUENOS AIRES,LA PLATA,2777,NO,6,Junio,Sábado,Fin de semana,Otoño
2025-06-15,UNION PLATENSE SRL,BSAS_LINEA_502_SUR,SI,COLECTIVO,MUNICIPAL,BUENOS AIRES,LA PLATA,1178,NO,6,Junio,Domingo,Fin de semana,Otoño
2025-06-15,MICROEXPRES S.A.,BSAS_LINEA_503_ESTE,SI,COLECTIVO,MUNICIPAL,BUENOS AIRES,LA PLATA,2130,NO,6,Junio,Domingo,Fin de semana,Otoño
2025-06-15,EXPRESO LA PLATA BUENOS AIRES S.A.,BSAS_LINEA_503E,SI,COLECTIVO,MUNICIPAL,BUENOS AIRES,LA PLATA,8924,NO,6,Junio,Domingo,Fin de semana,Otoño
2025-06-15,EMPRESA NUEVE DE JULIO S.A.T.,BSAS_LINEA_508C,SI,COLECTIVO,MUNICIPAL,BUENOS AIRES,LA PLATA,177,NO,6,Junio,Domingo,Fin de semana,Otoño
2025-06-15,UNION PLATENSE SRL,BSAS_LINEA_520C,SI,COLECTIVO,MUNICIPAL,BUENOS AIRES,LA PLATA,2434,NO,6,Junio,Domingo,Fin de semana,Otoño
2025-06-15,EMPRESA NUEVE DE JULIO S.A.T.,BSAS_LINEA_561B,SI,COLECTIVO,MUNICIPAL,BUENOS AIRES,LA PLATA,314,NO,6,Junio,Domingo,Fin de semana,Otoño
2025-06-15,EMPRESA NUEVE DE JULIO S.A.T.,LINEA OESTE,SI,COLECTIVO,MUNICIPAL,BUENOS AIRES,LA PLATA,15174,NO,6,Junio,Domingo,Fin de semana,Otoño
2025-06-15,FUERTE BARRAGAN S.A.T.I.C.I.,LINEA_506F_BSAS,SI,COLECTIVO,MUNICIPAL,BUENOS AIRES,LA PLATA,2873,NO,6,Junio,Domingo,Fin de semana,Otoño
2025-06-15,UNION PLATENSE SRL,NORTE MUNICIPAL,SI,COLECTIVO,MUNICIPAL,BUENOS AIRES,LA PLATA,1632,NO,6,Junio,Domingo,Fin de semana,Otoño
2025-06-16,UNION PLATENSE SRL,BSAS_LINEA_502_SUR,SI,COLECTIVO,MUNICIPAL,BUENOS AIRES,LA PLATA,1699,NO,6,Junio,Lunes,Día de semana,Otoño
2025-06-16,MICROEXPRES S.A.,BSAS_LINEA_503_ESTE,SI,COLECTIVO,MUNICIPAL,BUENOS AIRES,LA PLATA,2517,NO,6,Junio,Lunes,Día de semana,Otoño
2025-06-16,EXPRESO LA PLATA BUENOS AIRES S.A.,BSAS_LINEA_503E,SI,COLECTIVO,MUNICIPAL,BUENOS AIRES,LA PLATA,9956,NO,6,Junio,Lunes,Día de semana,Otoño
2025-06-16,EMPRESA NUEVE DE JULIO S.A.T.,BSAS_LINEA_508C,SI,COLECTIVO,MUNICIPAL,BUENOS AIRES,LA PLATA,338,NO,6,Junio,Lunes,Día de semana,Otoño
2025-06-16,UNION PLATENSE SRL,BSAS_LINEA_520C,SI,COLECTIVO,MUNICIPAL,BUENOS AIRES,LA PLATA,3088,NO,6,Junio,Lunes,Día de semana,Otoño
2025-06-16,EMPRESA NUEVE DE JULIO S.A.T.,BSAS_LINEA_561B,SI,COLECTIVO,MUNICIPAL,BUENOS AIRES,LA PLATA,399,NO,6,Junio,Lunes,Día de semana,Otoño
2025-06-16,EMPRESA NUEVE DE JULIO S.A.T.,LINEA OESTE,SI,COLECTIVO,MUNICIPAL,BUENOS AIRES,LA PLATA,18657,NO,6,Junio,Lunes,Día de semana,Otoño
2025-06-16,FUERTE BARRAGAN S.A.T.I.C.I.,LINEA_506F_BSAS,SI,COLECTIVO,MUNICIPAL,BUENOS AIRES,LA PLATA,3530,NO,6,Junio,Lunes,Día de semana,Otoño
2025-06-16,UNION PLATENSE SRL,NORTE MUNICIPAL,SI,COLECTIVO,MUNICIPAL,BUENOS AIRES,LA PLATA,2035,NO,6,Junio,Lunes,Día de semana,Otoño
2025-06-17,UNION PLATENSE SRL,BSAS_LINEA_502_SUR,SI,COLECTIVO,MUNICIPAL,BUENOS AIRES,LA PLATA,14024,NO,6,Junio,Martes,Día de semana,Otoño
2025-06-17,MICROEXPRES S.A.,BSAS_LINEA_503_ESTE,SI,COLECTIVO,MUNICIPAL,BUENOS AIRES,LA PLATA,8674,NO,6,Junio,Martes,Día de semana,Otoño
2025-06-17,EXPRESO LA PLATA BUENOS AIRES S.A.,BSAS_LINEA_503E,SI,COLECTIVO,MUNICIPAL,BUENOS AIRES,LA PLATA,33546,NO,6,Junio,Martes,Día de semana,Otoño
2025-06-17,EMPRESA NUEVE DE JULIO S.A.T.,BSAS_LINEA_508C,SI,COLECTIVO,MUNICIPAL,BUENOS AIRES,LA PLATA,1405,NO,6,Junio,Martes,Día de semana,Otoño
2025-06-17,EXPRESO LA PLATA BUENOS AIRES S.A.,BSAS_LINEA_518,SI,COLECTIVO,MUNICIPAL,BUENOS AIRES,LA PLATA,904,NO,6,Junio,Martes,Día de semana,Otoño
2025-06-17,UNION PLATENSE SRL,BSAS_LINEA_520C,SI,COLECTIVO,MUNICIPAL,BUENOS AIRES,LA PLATA,15213,NO,6,Junio,Martes,Día de semana,Otoño
2025-06-17,EMPRESA NUEVE DE JULIO S.A.T.,BSAS_LINEA_561B,SI,COLECTIVO,MUNICIPAL,BUENOS AIRES,LA PLATA,1717,NO,6,Junio,Martes,Día de semana,Otoño
2025-06-17,EMPRESA NUEVE DE JULIO S.A.T.,LINEA OESTE,SI,COLECTIVO,MUNICIPAL,BUENOS AIRES,LA PLATA,68935,NO,6,Junio,Martes,Día de semana,Otoño
2025-06-17,FUERTE BARRAGAN S.A.T.I.C.I.,LINEA_506F_BSAS,SI,COLECTIVO,MUNICIPAL,BUENOS AIRES,LA PLATA,12342,NO,6,Junio,Martes,Día de semana,Otoño
2025-06-17,UNION PLATENSE SRL,NORTE MUNICIPAL,SI,COLECTIVO,MUNICIPAL,BUENOS AIRES,LA PLATA,12817,NO,6,Junio,Martes,Día de semana,Otoño
2025-06-18,UNION PLATENSE SRL,BSAS_LINEA_502_SUR,SI,COLECTIVO,MUNICIPAL,BUENOS AIRES,LA PLATA,11448,NO,6,Junio,Miércoles,Día de semana,Otoño
2025-06-18,MICROEXPRES S.A.,BSAS_LINEA_503_ESTE,SI,COLECTIVO,MUNICIPAL,BUENOS AIRES,LA PLATA,7782,NO,6,Junio,Miércoles,Día de semana,Otoño
2025-06-18,EXPRESO LA PLATA BUENOS AIRES S.A.,BSAS_LINEA_503E,SI,COLECTIVO,MUNICIPAL,BUENOS AIRES,LA PLATA,28980,NO,6,Junio,Miércoles,Día de semana,Otoño
2025-06-18,EMPRESA NUEVE DE JULIO S.A.T.,BSAS_LINEA_508C,SI,COLECTIVO,MUNICIPAL,BUENOS AIRES,LA PLATA,1336,NO,6,Junio,Miércoles,Día de semana,Otoño
2025-06-18,EXPRESO LA PLATA BUENOS AIRES S.A.,BSAS_LINEA_518,SI,COLECTIVO,MUNICIPAL,BUENOS AIRES,LA PLATA,886,NO,6,Junio,Miércoles,Día de semana,Otoño
2025-06-18,UNION PLATENSE SRL,BSAS_LINEA_520C,SI,COLECTIVO,MUNICIPAL,BUENOS AIRES,LA PLATA,13069,NO,6,Junio,Miércoles,Día de semana,Otoño
2025-06-18,EMPRESA NUEVE DE JULIO S.A.T.,BSAS_LINEA_561B,SI,COLECTIVO,MUNICIPAL,BUENOS AIRES,LA PLATA,1584,NO,6,Junio,Miércoles,Día de semana,Otoño
2025-06-18,EMPRESA NUEVE DE JULIO S.A.T.,LINEA OESTE,SI,COLECTIVO,MUNICIPAL,BUENOS AIRES,LA PLATA,59043,NO,6,Junio,Miércoles,Día de semana,Otoño
2025-06-18,FUERTE BARRAGAN S.A.T.I.C.I.,LINEA_506F_BSAS,SI,COLECTIVO,MUNICIPAL,BUENOS AIRES,LA PLATA,11484,NO,6,Junio,Miércoles,Día de semana,Otoño
2025-06-18,UNION PLATENSE SRL,NORTE MUNICIPAL,SI,COLECTIVO,MUNICIPAL,BUENOS AIRES,LA PLATA,11610,NO,6,Junio,Miércoles,Día de semana,Otoño
2025-06-19,UNION PLATENSE SRL,BSAS_LINEA_502_SUR,SI,COLECTIVO,MUNICIPAL,BUENOS AIRES,LA PLATA,13136,NO,6,Junio,Jueves,Día de semana,Otoño
2025-06-19,MICROEXPRES S.A.,BSAS_LINEA_503_ESTE,SI,COLECTIVO,MUNICIPAL,BUENOS AIRES,LA PLATA,8692,NO,6,Junio,Jueves,Día de semana,Otoño
2025-06-19,EXPRESO LA PLATA BUENOS AIRES S.A.,BSAS_LINEA_503E,SI,COLECTIVO,MUNICIPAL,BUENOS AIRES,LA PLATA,34317,NO,6,Junio,Jueves,Día de semana,Otoño
2025-06-19,EMPRESA NUEVE DE JULIO S.A.T.,BSAS_LINEA_508C,SI,COLECTIVO,MUNICIPAL,BUENOS AIRES,LA PLATA,1439,NO,6,Junio,Jueves,Día de semana,Otoño
2025-06-19,EXPRESO LA PLATA BUENOS AIRES S.A.,BSAS_LINEA_518,SI,COLECTIVO,MUNICIPAL,BUENOS AIRES,LA PLATA,905,NO,6,Junio,Jueves,Día de semana,Otoño
2025-06-19,UNION PLATENSE SRL,BSAS_LINEA_520C,SI,COLECTIVO,MUNICIPAL,BUENOS AIRES,LA PLATA,15199,NO,6,Junio,Jueves,Día de semana,Otoño
2025-06-19,EMPRESA NUEVE DE JULIO S.A.T.,BSAS_LINEA_561B,SI,COLECTIVO,MUNICIPAL,BUENOS AIRES,LA PLATA,1669,NO,6,Junio,Jueves,Día de semana,Otoño
2025-06-19,EMPRESA NUEVE DE JULIO S.A.T.,LINEA OESTE,SI,COLECTIVO,MUNICIPAL,BUENOS AIRES,LA PLATA,69841,NO,6,Junio,Jueves,Día de semana,Otoño
2025-06-19,FUERTE BARRAGAN S.A.T.I.C.I.,LINEA_506F_BSAS,SI,COLECTIVO,MUNICIPAL,BUENOS AIRES,LA PLATA,12757,NO,6,Junio,Jueves,Día de semana,Otoño
2025-06-19,UNION PLATENSE SRL,NORTE MUNICIPAL,SI,COLECTIVO,MUNICIPAL,BUENOS AIRES,LA PLATA,12826,NO,6,Junio,Jueves,Día de semana,Otoño
2025-06-20,UNION PLATENSE SRL,BSAS_LINEA_502_SUR,SI,COLECTIVO,MUNICIPAL,BUENOS AIRES,LA PLATA,2500,NO,6,Junio,Viernes,Día de semana,Otoño
2025-06-20,MICROEXPRES S.A.,BSAS_LINEA_503_ESTE,SI,COLECTIVO,MUNICIPAL,BUENOS AIRES,LA PLATA,3813,NO,6,Junio,Viernes,Día de semana,Otoño
2025-06-20,EXPRESO LA PLATA BUENOS AIRES S.A.,BSAS_LINEA_503E,SI,COLECTIVO,MUNICIPAL,BUENOS AIRES,LA PLATA,13756,NO,6,Junio,Viernes,Día de semana,Otoño
2025-06-20,EMPRESA NUEVE DE JULIO S.A.T.,BSAS_LINEA_508C,SI,COLECTIVO,MUNICIPAL,BUENOS AIRES,LA PLATA,656,NO,6,Junio,Viernes,Día de semana,Otoño
2025-06-20,EXPRESO LA PLATA BUENOS AIRES S.A.,BSAS_LINEA_518,SI,COLECTIVO,MUNICIPAL,BUENOS AIRES,LA PLATA,13,NO,6,Junio,Viernes,Día de semana,Otoño
2025-06-20,UNION PLATENSE SRL,BSAS_LINEA_520C,SI,COLECTIVO,MUNICIPAL,BUENOS AIRES,LA PLATA,4131,NO,6,Junio,Viernes,Día de semana,Otoño
2025-06-20,EMPRESA NUEVE DE JULIO S.A.T.,BSAS_LINEA_561B,SI,COLECTIVO,MUNICIPAL,BUENOS AIRES,LA PLATA,409,NO,6,Junio,Viernes,Día de semana,Otoño
2025-06-20,EMPRESA NUEVE DE JULIO S.A.T.,LINEA OESTE,SI,COLECTIVO,MUNICIPAL,BUENOS AIRES,LA PLATA,25165,NO,6,Junio,Viernes,Día de semana,Otoño
2025-06-20,FUERTE BARRAGAN S.A.T.I.C.I.,LINEA_506F_BSAS,SI,COLECTIVO,MUNICIPAL,BUENOS AIRES,LA PLATA,5056,NO,6,Junio,Viernes,Día de semana,Otoño
2025-06-20,UNION PLATENSE SRL,NORTE MUNICIPAL,SI,COLECTIVO,MUNICIPAL,BUENOS AIRES,LA PLATA,3234,NO,6,Junio,Viernes,Día de semana,Otoño
2025-06-21,UNION PLATENSE SRL,BSAS_LINEA_502_SUR,SI,COLECTIVO,MUNICIPAL,BUENOS AIRES,LA PLATA,4289,NO,6,Junio,Sábado,Fin de semana,Invierno
2025-06-21,MICROEXPRES S.A.,BSAS_LINEA_503_ESTE,SI,COLECTIVO,MUNICIPAL,BUENOS AIRES,LA PLATA,3840,NO,6,Junio,Sábado,Fin de semana,Invierno
2025-06-21,EXPRESO LA PLATA BUENOS AIRES S.A.,BSAS_LINEA_503E,SI,COLECTIVO,MUNICIPAL,BUENOS AIRES,LA PLATA,15885,NO,6,Junio,Sábado,Fin de semana,Invierno
2025-06-21,EMPRESA NUEVE DE JULIO S.A.T.,BSAS_LINEA_508C,SI,COLECTIVO,MUNICIPAL,BUENOS AIRES,LA PLATA,444,NO,6,Junio,Sábado,Fin de semana,Invierno
2025-06-21,EXPRESO LA PLATA BUENOS AIRES S.A.,BSAS_LINEA_518,SI,COLECTIVO,MUNICIPAL,BUENOS AIRES,LA PLATA,343,NO,6,Junio,Sábado,Fin de semana,Invierno
2025-06-21,UNION PLATENSE SRL,BSAS_LINEA_520C,SI,COLECTIVO,MUNICIPAL,BUENOS AIRES,LA PLATA,5542,NO,6,Junio,Sábado,Fin de semana,Invierno
2025-06-21,EMPRESA NUEVE DE JULIO S.A.T.,BSAS_LINEA_561B,SI,COLECTIVO,MUNICIPAL,BUENOS AIRES,LA PLATA,576,NO,6,Junio,Sábado,Fin de semana,Invierno
2025-06-21,EMPRESA NUEVE DE JULIO S.A.T.,LINEA OESTE,SI,COLECTIVO,MUNICIPAL,BUENOS AIRES,LA PLATA,29262,NO,6,Junio,Sábado,Fin de semana,Invierno
2025-06-21,FUERTE BARRAGAN S.A.T.I.C.I.,LINEA_506F_BSAS,SI,COLECTIVO,MUNICIPAL,BUENOS AIRES,LA PLATA,4810,NO,6,Junio,Sábado,Fin de semana,Invierno
2025-06-21,UNION PLATENSE SRL,NORTE MUNICIPAL,SI,COLECTIVO,MUNICIPAL,BUENOS AIRES,LA PLATA,3654,NO,6,Junio,Sábado,Fin de semana,Invierno
2025-06-22,UNION PLATENSE SRL,BSAS_LINEA_502_SUR,SI,COLECTIVO,MUNICIPAL,BUENOS AIRES,LA PLATA,1166,NO,6,Junio,Domingo,Fin de semana,Invierno
2025-06-22,MICROEXPRES S.A.,BSAS_LINEA_503_ESTE,SI,COLECTIVO,MUNICIPAL,BUENOS AIRES,LA PLATA,2061,NO,6,Junio,Domingo,Fin de semana,Invierno
2025-06-22,EXPRESO LA PLATA BUENOS AIRES S.A.,BSAS_LINEA_503E,SI,COLECTIVO,MUNICIPAL,BUENOS AIRES,LA PLATA,8358,NO,6,Junio,Domingo,Fin de semana,Invierno
2025-06-22,EMPRESA NUEVE DE JULIO S.A.T.,BSAS_LINEA_508C,SI,COLECTIVO,MUNICIPAL,BUENOS AIRES,LA PLATA,213,NO,6,Junio,Domingo,Fin de semana,Invierno
2025-06-22,UNION PLATENSE SRL,BSAS_LINEA_520C,SI,COLECTIVO,MUNICIPAL,BUENOS AIRES,LA PLATA,2107,NO,6,Junio,Domingo,Fin de semana,Invierno
2025-06-22,EMPRESA NUEVE DE JULIO S.A.T.,BSAS_LINEA_561B,SI,COLECTIVO,MUNICIPAL,BUENOS AIRES,LA PLATA,281,NO,6,Junio,Domingo,Fin de semana,Invierno
2025-06-22,EMPRESA NUEVE DE JULIO S.A.T.,LINEA OESTE,SI,COLECTIVO,MUNICIPAL,BUENOS AIRES,LA PLATA,13794,NO,6,Junio,Domingo,Fin de semana,Invierno
2025-06-22,FUERTE BARRAGAN S.A.T.I.C.I.,LINEA_506F_BSAS,SI,COLECTIVO,MUNICIPAL,BUENOS AIRES,LA PLATA,2652,NO,6,Junio,Domingo,Fin de semana,Invierno
2025-06-22,UNION PLATENSE SRL,NORTE MUNICIPAL,SI,COLECTIVO,MUNICIPAL,BUENOS AIRES,LA PLATA,1472,NO,6,Junio,Domingo,Fin de semana,Invierno
2025-06-23,UNION PLATENSE SRL,BSAS_LINEA_502_SUR,SI,COLECTIVO,MUNICIPAL,BUENOS AIRES,LA PLATA,9871,NO,6,Junio,Lunes,Día de semana,Invierno
2025-06-23,MICROEXPRES S.A.,BSAS_LINEA_503_ESTE,SI,COLECTIVO,MUNICIPAL,BUENOS AIRES,LA PLATA,6270,NO,6,Junio,Lunes,Día de semana,Invierno
2025-06-23,EXPRESO LA PLATA BUENOS AIRES S.A.,BSAS_LINEA_503E,SI,COLECTIVO,MUNICIPAL,BUENOS AIRES,LA PLATA,24454,NO,6,Junio,Lunes,Día de semana,Invierno
2025-06-23,EMPRESA NUEVE DE JULIO S.A.T.,BSAS_LINEA_508C,SI,COLECTIVO,MUNICIPAL,BUENOS AIRES,LA PLATA,901,NO,6,Junio,Lunes,Día de semana,Invierno
2025-06-23,EXPRESO LA PLATA BUENOS AIRES S.A.,BSAS_LINEA_518,SI,COLECTIVO,MUNICIPAL,BUENOS AIRES,LA PLATA,693,NO,6,Junio,Lunes,Día de semana,Invierno
2025-06-23,UNION PLATENSE SRL,BSAS_LINEA_520C,SI,COLECTIVO,MUNICIPAL,BUENOS AIRES,LA PLATA,11120,NO,6,Junio,Lunes,Día de semana,Invierno
2025-06-23,EMPRESA NUEVE DE JULIO S.A.T.,BSAS_LINEA_561B,SI,COLECTIVO,MUNICIPAL,BUENOS AIRES,LA PLATA,1202,NO,6,Junio,Lunes,Día de semana,Invierno
2025-06-23,EMPRESA NUEVE DE JULIO S.A.T.,LINEA OESTE,SI,COLECTIVO,MUNICIPAL,BUENOS AIRES,LA PLATA,47412,NO,6,Junio,Lunes,Día de semana,Invierno
2025-06-23,FUERTE BARRAGAN S.A.T.I.C.I.,LINEA_506F_BSAS,SI,COLECTIVO,MUNICIPAL,BUENOS AIRES,LA PLATA,8887,NO,6,Junio,Lunes,Día de semana,Invierno
2025-06-23,UNION PLATENSE SRL,NORTE MUNICIPAL,SI,COLECTIVO,MUNICIPAL,BUENOS AIRES,LA PLATA,9692,NO,6,Junio,Lunes,Día de semana,Invierno
2025-06-24,UNION PLATENSE SRL,BSAS_LINEA_502_SUR,SI,COLECTIVO,MUNICIPAL,BUENOS AIRES,LA PLATA,13244,NO,6,Junio,Martes,Día de semana,Invierno
2025-06-24,MICROEXPRES S.A.,BSAS_LINEA_503_ESTE,SI,COLECTIVO,MUNICIPAL,BUENOS AIRES,LA PLATA,8405,NO,6,Junio,Martes,Día de semana,Invierno
2025-06-24,EXPRESO LA PLATA BUENOS AIRES S.A.,BSAS_LINEA_503E,SI,COLECTIVO,MUNICIPAL,BUENOS AIRES,LA PLATA,32218,NO,6,Junio,Martes,Día de semana,Invierno
2025-06-24,EMPRESA NUEVE DE JULIO S.A.T.,BSAS_LINEA_508C,SI,COLECTIVO,MUNICIPAL,BUENOS AIRES,LA PLATA,1244,NO,6,Junio,Martes,Día de semana,Invierno
2025-06-24,EXPRESO LA PLATA BUENOS AIRES S.A.,BSAS_LINEA_518,SI,COLECTIVO,MUNICIPAL,BUENOS AIRES,LA PLATA,877,NO,6,Junio,Martes,Día de semana,Invierno
2025-06-24,UNION PLATENSE SRL,BSAS_LINEA_520C,SI,COLECTIVO,MUNICIPAL,BUENOS AIRES,LA PLATA,13724,NO,6,Junio,Martes,Día de semana,Invierno
2025-06-24,EMPRESA NUEVE DE JULIO S.A.T.,BSAS_LINEA_561B,SI,COLECTIVO,MUNICIPAL,BUENOS AIRES,LA PLATA,1765,NO,6,Junio,Martes,Día de semana,Invierno
2025-06-24,EMPRESA NUEVE DE JULIO S.A.T.,LINEA OESTE,SI,COLECTIVO,MUNICIPAL,BUENOS AIRES,LA PLATA,64393,NO,6,Junio,Martes,Día de semana,Invierno
2025-06-24,FUERTE BARRAGAN S.A.T.I.C.I.,LINEA_506F_BSAS,SI,COLECTIVO,MUNICIPAL,BUENOS AIRES,LA PLATA,12799,NO,6,Junio,Martes,Día de semana,Invierno
2025-06-24,UNION PLATENSE SRL,NORTE MUNICIPAL,SI,COLECTIVO,MUNICIPAL,BUENOS AIRES,LA PLATA,12337,NO,6,Junio,Martes,Día de semana,Invierno
2025-06-25,UNION PLATENSE SRL,BSAS_LINEA_502_SUR,SI,COLECTIVO,MUNICIPAL,BUENOS AIRES,LA PLATA,13715,NO,6,Junio,Miércoles,Día de semana,Invierno
2025-06-25,MICROEXPRES S.A.,BSAS_LINEA_503_ESTE,SI,COLECTIVO,MUNICIPAL,BUENOS AIRES,LA PLATA,8492,NO,6,Junio,Miércoles,Día de semana,Invierno
2025-06-25,EXPRESO LA PLATA BUENOS AIRES S.A.,BSAS_LINEA_503E,SI,COLECTIVO,MUNICIPAL,BUENOS AIRES,LA PLATA,34284,NO,6,Junio,Miércoles,Día de semana,Invierno
2025-06-25,EMPRESA NUEVE DE JULIO S.A.T.,BSAS_LINEA_508C,SI,COLECTIVO,MUNICIPAL,BUENOS AIRES,LA PLATA,1376,NO,6,Junio,Miércoles,Día de semana,Invierno
2025-06-25,EXPRESO LA PLATA BUENOS AIRES S.A.,BSAS_LINEA_518,SI,COLECTIVO,MUNICIPAL,BUENOS AIRES,LA PLATA,969,NO,6,Junio,Miércoles,Día de semana,Invierno
2025-06-25,UNION PLATENSE SRL,BSAS_LINEA_520C,SI,COLECTIVO,MUNICIPAL,BUENOS AIRES,LA PLATA,15438,NO,6,Junio,Miércoles,Día de semana,Invierno
2025-06-25,EMPRESA NUEVE DE JULIO S.A.T.,BSAS_LINEA_561B,SI,COLECTIVO,MUNICIPAL,BUENOS AIRES,LA PLATA,1795,NO,6,Junio,Miércoles,Día de semana,Invierno
2025-06-25,EMPRESA NUEVE DE JULIO S.A.T.,LINEA OESTE,SI,COLECTIVO,MUNICIPAL,BUENOS AIRES,LA PLATA,68663,NO,6,Junio,Miércoles,Día de semana,Invierno
2025-06-25,FUERTE BARRAGAN S.A.T.I.C.I.,LINEA_506F_BSAS,SI,COLECTIVO,MUNICIPAL,BUENOS AIRES,LA PLATA,13648,NO,6,Junio,Miércoles,Día de semana,Invierno
2025-06-25,UNION PLATENSE SRL,NORTE MUNICIPAL,SI,COLECTIVO,MUNICIPAL,BUENOS AIRES,LA PLATA,12894,NO,6,Junio,Miércoles,Día de semana,Invierno
2025-06-26,UNION PLATENSE SRL,BSAS_LINEA_502_SUR,SI,COLECTIVO,MUNICIPAL,BUENOS AIRES,LA PLATA,10263,NO,6,Junio,Jueves,Día de semana,Invierno
2025-06-26,MICROEXPRES S.A.,BSAS_LINEA_503_ESTE,SI,COLECTIVO,MUNICIPAL,BUENOS AIRES,LA PLATA,7012,NO,6,Junio,Jueves,Día de semana,Invierno
2025-06-26,EXPRESO LA PLATA BUENOS AIRES S.A.,BSAS_LINEA_503E,SI,COLECTIVO,MUNICIPAL,BUENOS AIRES,LA PLATA,26917,NO,6,Junio,Jueves,Día de semana,Invierno
2025-06-26,EMPRESA NUEVE DE JULIO S.A.T.,BSAS_LINEA_508C,SI,COLECTIVO,MUNICIPAL,BUENOS AIRES,LA PLATA,1228,NO,6,Junio,Jueves,Día de semana,Invierno
2025-06-26,EXPRESO LA PLATA BUENOS AIRES S.A.,BSAS_LINEA_518,SI,COLECTIVO,MUNICIPAL,BUENOS AIRES,LA PLATA,827,NO,6,Junio,Jueves,Día de semana,Invierno
2025-06-26,UNION PLATENSE SRL,BSAS_LINEA_520C,SI,COLECTIVO,MUNICIPAL,BUENOS AIRES,LA PLATA,13186,NO,6,Junio,Jueves,Día de semana,Invierno
2025-06-26,EMPRESA NUEVE DE JULIO S.A.T.,BSAS_LINEA_561B,SI,COLECTIVO,MUNICIPAL,BUENOS AIRES,LA PLATA,1710,NO,6,Junio,Jueves,Día de semana,Invierno
2025-06-26,EMPRESA NUEVE DE JULIO S.A.T.,LINEA OESTE,SI,COLECTIVO,MUNICIPAL,BUENOS AIRES,LA PLATA,51485,NO,6,Junio,Jueves,Día de semana,Invierno
2025-06-26,FUERTE BARRAGAN S.A.T.I.C.I.,LINEA_506F_BSAS,SI,COLECTIVO,MUNICIPAL,BUENOS AIRES,LA PLATA,10963,NO,6,Junio,Jueves,Día de semana,Invierno
2025-06-26,UNION PLATENSE SRL,NORTE MUNICIPAL,SI,COLECTIVO,MUNICIPAL,BUENOS AIRES,LA PLATA,10327,NO,6,Junio,Jueves,Día de semana,Invierno
2025-06-27,UNION PLATENSE SRL,BSAS_LINEA_502_SUR,SI,COLECTIVO,MUNICIPAL,BUENOS AIRES,LA PLATA,10534,NO,6,Junio,Viernes,Día de semana,Invierno
2025-06-27,MICROEXPRES S.A.,BSAS_LINEA_503_ESTE,SI,COLECTIVO,MUNICIPAL,BUENOS AIRES,LA PLATA,6963,NO,6,Junio,Viernes,Día de semana,Invierno
2025-06-27,EXPRESO LA PLATA BUENOS AIRES S.A.,BSAS_LINEA_503E,SI,COLECTIVO,MUNICIPAL,BUENOS AIRES,LA PLATA,27312,NO,6,Junio,Viernes,Día de semana,Invierno
2025-06-27,EMPRESA NUEVE DE JULIO S.A.T.,BSAS_LINEA_508C,SI,COLECTIVO,MUNICIPAL,BUENOS AIRES,LA PLATA,1132,NO,6,Junio,Viernes,Día de semana,Invierno
2025-06-27,EXPRESO LA PLATA BUENOS AIRES S.A.,BSAS_LINEA_518,SI,COLECTIVO,MUNICIPAL,BUENOS AIRES,LA PLATA,754,NO,6,Junio,Viernes,Día de semana,Invierno
2025-06-27,UNION PLATENSE SRL,BSAS_LINEA_520C,SI,COLECTIVO,MUNICIPAL,BUENOS AIRES,LA PLATA,12282,NO,6,Junio,Viernes,Día de semana,Invierno
2025-06-27,EMPRESA NUEVE DE JULIO S.A.T.,BSAS_LINEA_561B,SI,COLECTIVO,MUNICIPAL,BUENOS AIRES,LA PLATA,1463,NO,6,Junio,Viernes,Día de semana,Invierno
2025-06-27,EMPRESA NUEVE DE JULIO S.A.T.,LINEA OESTE,SI,COLECTIVO,MUNICIPAL,BUENOS AIRES,LA PLATA,53686,NO,6,Junio,Viernes,Día de semana,Invierno
2025-06-27,FUERTE BARRAGAN S.A.T.I.C.I.,LINEA_506F_BSAS,SI,COLECTIVO,MUNICIPAL,BUENOS AIRES,LA PLATA,10511,NO,6,Junio,Viernes,Día de semana,Invierno
2025-06-27,UNION PLATENSE SRL,NORTE MUNICIPAL,SI,COLECTIVO,MUNICIPAL,BUENOS AIRES,LA PLATA,10257,NO,6,Junio,Viernes,Día de semana,Invierno
2025-06-28,UNION PLATENSE SRL,BSAS_LINEA_502_SUR,SI,COLECTIVO,MUNICIPAL,BUENOS AIRES,LA PLATA,4313,NO,6,Junio,Sábado,Fin de semana,Invierno
2025-06-28,MICROEXPRES S.A.,BSAS_LINEA_503_ESTE,SI,COLECTIVO,MUNICIPAL,BUENOS AIRES,LA PLATA,3983,NO,6,Junio,Sábado,Fin de semana,Invierno
2025-06-28,EXPRESO LA PLATA BUENOS AIRES S.A.,BSAS_LINEA_503E,SI,COLECTIVO,MUNICIPAL,BUENOS AIRES,LA PLATA,16291,NO,6,Junio,Sábado,Fin de semana,Invierno
2025-06-28,EMPRESA NUEVE DE JULIO S.A.T.,BSAS_LINEA_508C,SI,COLECTIVO,MUNICIPAL,BUENOS AIRES,LA PLATA,439,NO,6,Junio,Sábado,Fin de semana,Invierno
2025-06-28,EXPRESO LA PLATA BUENOS AIRES S.A.,BSAS_LINEA_518,SI,COLECTIVO,MUNICIPAL,BUENOS AIRES,LA PLATA,329,NO,6,Junio,Sábado,Fin de semana,Invierno
2025-06-28,UNION PLATENSE SRL,BSAS_LINEA_520C,SI,COLECTIVO,MUNICIPAL,BUENOS AIRES,LA PLATA,5954,NO,6,Junio,Sábado,Fin de semana,Invierno
2025-06-28,EMPRESA NUEVE DE JULIO S.A.T.,BSAS_LINEA_561B,SI,COLECTIVO,MUNICIPAL,BUENOS AIRES,LA PLATA,579,NO,6,Junio,Sábado,Fin de semana,Invierno
2025-06-28,EMPRESA NUEVE DE JULIO S.A.T.,LINEA OESTE,SI,COLECTIVO,MUNICIPAL,BUENOS AIRES,LA PLATA,31251,NO,6,Junio,Sábado,Fin de semana,Invierno
2025-06-28,FUERTE BARRAGAN S.A.T.I.C.I.,LINEA_506F_BSAS,SI,COLECTIVO,MUNICIPAL,BUENOS AIRES,LA PLATA,4820,NO,6,Junio,Sábado,Fin de semana,Invierno
2025-06-28,UNION PLATENSE SRL,NORTE MUNICIPAL,SI,COLECTIVO,MUNICIPAL,BUENOS AIRES,LA PLATA,3630,NO,6,Junio,Sábado,Fin de semana,Invierno
2025-06-29,UNION PLATENSE SRL,BSAS_LINEA_502_SUR,SI,COLECTIVO,MUNICIPAL,BUENOS AIRES,LA PLATA,1035,NO,6,Junio,Domingo,Fin de semana,Invierno
2025-06-29,MICROEXPRES S.A.,BSAS_LINEA_503_ESTE,SI,COLECTIVO,MUNICIPAL,BUENOS AIRES,LA PLATA,1874,NO,6,Junio,Domingo,Fin de semana,Invierno
2025-06-29,EXPRESO LA PLATA BUENOS AIRES S.A.,BSAS_LINEA_503E,SI,COLECTIVO,MUNICIPAL,BUENOS AIRES,LA PLATA,8421,NO,6,Junio,Domingo,Fin de semana,Invierno
2025-06-29,EMPRESA NUEVE DE JULIO S.A.T.,BSAS_LINEA_508C,SI,COLECTIVO,MUNICIPAL,BUENOS AIRES,LA PLATA,153,NO,6,Junio,Domingo,Fin de semana,Invierno
2025-06-29,UNION PLATENSE SRL,BSAS_LINEA_520C,SI,COLECTIVO,MUNICIPAL,BUENOS AIRES,LA PLATA,2170,NO,6,Junio,Domingo,Fin de semana,Invierno
2025-06-29,EMPRESA NUEVE DE JULIO S.A.T.,BSAS_LINEA_561B,SI,COLECTIVO,MUNICIPAL,BUENOS AIRES,LA PLATA,241,NO,6,Junio,Domingo,Fin de semana,Invierno
2025-06-29,EMPRESA NUEVE DE JULIO S.A.T.,LINEA OESTE,SI,COLECTIVO,MUNICIPAL,BUENOS AIRES,LA PLATA,13388,NO,6,Junio,Domingo,Fin de semana,Invierno
2025-06-29,FUERTE BARRAGAN S.A.T.I.C.I.,LINEA_506F_BSAS,SI,COLECTIVO,MUNICIPAL,BUENOS AIRES,LA PLATA,2486,NO,6,Junio,Domingo,Fin de semana,Invierno
2025-06-29,UNION PLATENSE SRL,NORTE MUNICIPAL,SI,COLECTIVO,MUNICIPAL,BUENOS AIRES,LA PLATA,1459,NO,6,Junio,Domingo,Fin de semana,Invierno
2025-06-30,UNION PLATENSE SRL,BSAS_LINEA_502_SUR,SI,COLECTIVO,MUNICIPAL,BUENOS AIRES,LA PLATA,11934,NO,6,Junio,Lunes,Día de semana,Invierno
2025-06-30,MICROEXPRES S.A.,BSAS_LINEA_503_ESTE,SI,COLECTIVO,MUNICIPAL,BUENOS AIRES,LA PLATA,7411,NO,6,Junio,Lunes,Día de semana,Invierno
2025-06-30,EXPRESO LA PLATA BUENOS AIRES S.A.,BSAS_LINEA_503E,SI,COLECTIVO,MUNICIPAL,BUENOS AIRES,LA PLATA,30309,NO,6,Junio,Lunes,Día de semana,Invierno
2025-06-30,EMPRESA NUEVE DE JULIO S.A.T.,BSAS_LINEA_508C,SI,COLECTIVO,MUNICIPAL,BUENOS AIRES,LA PLATA,1302,NO,6,Junio,Lunes,Día de semana,Invierno
2025-06-30,EXPRESO LA PLATA BUENOS AIRES S.A.,BSAS_LINEA_518,SI,COLECTIVO,MUNICIPAL,BUENOS AIRES,LA PLATA,813,NO,6,Junio,Lunes,Día de semana,Invierno
2025-06-30,UNION PLATENSE SRL,BSAS_LINEA_520C,SI,COLECTIVO,MUNICIPAL,BUENOS AIRES,LA PLATA,14304,NO,6,Junio,Lunes,Día de semana,Invierno
2025-06-30,EMPRESA NUEVE DE JULIO S.A.T.,BSAS_LINEA_561B,SI,COLECTIVO,MUNICIPAL,BUENOS AIRES,LA PLATA,1483,NO,6,Junio,Lunes,Día de semana,Invierno
2025-06-30,EMPRESA NUEVE DE JULIO S.A.T.,LINEA OESTE,SI,COLECTIVO,MUNICIPAL,BUENOS AIRES,LA PLATA,61176,NO,6,Junio,Lunes,Día de semana,Invierno
2025-06-30,FUERTE BARRAGAN S.A.T.I.C.I.,LINEA_506F_BSAS,SI,COLECTIVO,MUNICIPAL,BUENOS AIRES,LA PLATA,11455,NO,6,Junio,Lunes,Día de semana,Invierno
2025-06-30,UNION PLATENSE SRL,NORTE MUNICIPAL,SI,COLECTIVO,MUNICIPAL,BUENOS AIRES,LA PLATA,11589,NO,6,Junio,Lunes,Día de semana,Invierno
2025-07-01,UNION PLATENSE SRL,BSAS_LINEA_502_SUR,SI,COLECTIVO,MUNICIPAL,BUENOS AIRES,LA PLATA,12114,NO,7,Julio,Martes,Día de semana,Invierno
2025-07-01,MICROEXPRES S.A.,BSAS_LINEA_503_ESTE,SI,COLECTIVO,MUNICIPAL,BUENOS AIRES,LA PLATA,7535,NO,7,Julio,Martes,Día de semana,Invierno
2025-07-01,EXPRESO LA PLATA BUENOS AIRES S.A.,BSAS_LINEA_503E,SI,COLECTIVO,MUNICIPAL,BUENOS AIRES,LA PLATA,29076,NO,7,Julio,Martes,Día de semana,Invierno
2025-07-01,EMPRESA NUEVE DE JULIO S.A.T.,BSAS_LINEA_508C,SI,COLECTIVO,MUNICIPAL,BUENOS AIRES,LA PLATA,1420,NO,7,Julio,Martes,Día de semana,Invierno
2025-07-01,EXPRESO LA PLATA BUENOS AIRES S.A.,BSAS_LINEA_518,SI,COLECTIVO,MUNICIPAL,BUENOS AIRES,LA PLATA,821,NO,7,Julio,Martes,Día de semana,Invierno
2025-07-01,UNION PLATENSE SRL,BSAS_LINEA_520C,SI,COLECTIVO,MUNICIPAL,BUENOS AIRES,LA PLATA,14081,NO,7,Julio,Martes,Día de semana,Invierno
2025-07-01,EMPRESA NUEVE DE JULIO S.A.T.,BSAS_LINEA_561B,SI,COLECTIVO,MUNICIPAL,BUENOS AIRES,LA PLATA,1608,NO,7,Julio,Martes,Día de semana,Invierno
2025-07-01,EMPRESA NUEVE DE JULIO S.A.T.,LINEA OESTE,SI,COLECTIVO,MUNICIPAL,BUENOS AIRES,LA PLATA,57775,NO,7,Julio,Martes,Día de semana,Invierno
2025-07-01,FUERTE BARRAGAN S.A.T.I.C.I.,LINEA_506F_BSAS,SI,COLECTIVO,MUNICIPAL,BUENOS AIRES,LA PLATA,10902,NO,7,Julio,Martes,Día de semana,Invierno
2025-07-01,UNION PLATENSE SRL,NORTE MUNICIPAL,SI,COLECTIVO,MUNICIPAL,BUENOS AIRES,LA PLATA,11542,NO,7,Julio,Martes,Día de semana,Invierno
2025-07-02,UNION PLATENSE SRL,BSAS_LINEA_502_SUR,SI,COLECTIVO,MUNICIPAL,BUENOS AIRES,LA PLATA,13041,NO,7,Julio,Miércoles,Día de semana,Invierno
2025-07-02,MICROEXPRES S.A.,BSAS_LINEA_503_ESTE,SI,COLECTIVO,MUNICIPAL,BUENOS AIRES,LA PLATA,7934,NO,7,Julio,Miércoles,Día de semana,Invierno
2025-07-02,EXPRESO LA PLATA BUENOS AIRES S.A.,BSAS_LINEA_503E,SI,COLECTIVO,MUNICIPAL,BUENOS AIRES,LA PLATA,32481,NO,7,Julio,Miércoles,Día de semana,Invierno
2025-07-02,EMPRESA NUEVE DE JULIO S.A.T.,BSAS_LINEA_508C,SI,COLECTIVO,MUNICIPAL,BUENOS AIRES,LA PLATA,1284,NO,7,Julio,Miércoles,Día de semana,Invierno
2025-07-02,EXPRESO LA PLATA BUENOS AIRES S.A.,BSAS_LINEA_518,SI,COLECTIVO,MUNICIPAL,BUENOS AIRES,LA PLATA,870,NO,7,Julio,Miércoles,Día de semana,Invierno
2025-07-02,UNION PLATENSE SRL,BSAS_LINEA_520C,SI,COLECTIVO,MUNICIPAL,BUENOS AIRES,LA PLATA,14666,NO,7,Julio,Miércoles,Día de semana,Invierno
2025-07-02,EMPRESA NUEVE DE JULIO S.A.T.,BSAS_LINEA_561B,SI,COLECTIVO,MUNICIPAL,BUENOS AIRES,LA PLATA,1646,NO,7,Julio,Miércoles,Día de semana,Invierno
2025-07-02,EMPRESA NUEVE DE JULIO S.A.T.,LINEA OESTE,SI,COLECTIVO,MUNICIPAL,BUENOS AIRES,LA PLATA,61839,NO,7,Julio,Miércoles,Día de semana,Invierno
2025-07-02,FUERTE BARRAGAN S.A.T.I.C.I.,LINEA_506F_BSAS,SI,COLECTIVO,MUNICIPAL,BUENOS AIRES,LA PLATA,12244,NO,7,Julio,Miércoles,Día de semana,Invierno
2025-07-02,UNION PLATENSE SRL,NORTE MUNICIPAL,SI,COLECTIVO,MUNICIPAL,BUENOS AIRES,LA PLATA,12693,NO,7,Julio,Miércoles,Día de semana,Invierno
2025-07-03,UNION PLATENSE SRL,BSAS_LINEA_502_SUR,SI,COLECTIVO,MUNICIPAL,BUENOS AIRES,LA PLATA,13400,NO,7,Julio,Jueves,Día de semana,Invierno
2025-07-03,MICROEXPRES S.A.,BSAS_LINEA_503_ESTE,SI,COLECTIVO,MUNICIPAL,BUENOS AIRES,LA PLATA,8208,NO,7,Julio,Jueves,Día de semana,Invierno
2025-07-03,EXPRESO LA PLATA BUENOS AIRES S.A.,BSAS_LINEA_503E,SI,COLECTIVO,MUNICIPAL,BUENOS AIRES,LA PLATA,34117,NO,7,Julio,Jueves,Día de semana,Invierno
2025-07-03,EMPRESA NUEVE DE JULIO S.A.T.,BSAS_LINEA_508C,SI,COLECTIVO,MUNICIPAL,BUENOS AIRES,LA PLATA,1520,NO,7,Julio,Jueves,Día de semana,Invierno
2025-07-03,EXPRESO LA PLATA BUENOS AIRES S.A.,BSAS_LINEA_518,SI,COLECTIVO,MUNICIPAL,BUENOS AIRES,LA PLATA,1035,NO,7,Julio,Jueves,Día de semana,Invierno
2025-07-03,UNION PLATENSE SRL,BSAS_LINEA_520C,SI,COLECTIVO,MUNICIPAL,BUENOS AIRES,LA PLATA,15548,NO,7,Julio,Jueves,Día de semana,Invierno
2025-07-03,EMPRESA NUEVE DE JULIO S.A.T.,BSAS_LINEA_561B,SI,COLECTIVO,MUNICIPAL,BUENOS AIRES,LA PLATA,1767,NO,7,Julio,Jueves,Día de semana,Invierno
2025-07-03,EMPRESA NUEVE DE JULIO S.A.T.,LINEA OESTE,SI,COLECTIVO,MUNICIPAL,BUENOS AIRES,LA PLATA,65579,NO,7,Julio,Jueves,Día de semana,Invierno
2025-07-03,FUERTE BARRAGAN S.A.T.I.C.I.,LINEA_506F_BSAS,SI,COLECTIVO,MUNICIPAL,BUENOS AIRES,LA PLATA,12940,NO,7,Julio,Jueves,Día de semana,Invierno
2025-07-03,UNION PLATENSE SRL,NORTE MUNICIPAL,SI,COLECTIVO,MUNICIPAL,BUENOS AIRES,LA PLATA,12653,NO,7,Julio,Jueves,Día de semana,Invierno
2025-07-04,UNION PLATENSE SRL,BSAS_LINEA_502_SUR,SI,COLECTIVO,MUNICIPAL,BUENOS AIRES,LA PLATA,13512,NO,7,Julio,Viernes,Día de semana,Invierno
2025-07-04,MICROEXPRES S.A.,BSAS_LINEA_503_ESTE,SI,COLECTIVO,MUNICIPAL,BUENOS AIRES,LA PLATA,8702,NO,7,Julio,Viernes,Día de semana,Invierno
2025-07-04,EXPRESO LA PLATA BUENOS AIRES S.A.,BSAS_LINEA_503E,SI,COLECTIVO,MUNICIPAL,BUENOS AIRES,LA PLATA,34823,NO,7,Julio,Viernes,Día de semana,Invierno
2025-07-04,EMPRESA NUEVE DE JULIO S.A.T.,BSAS_LINEA_508C,SI,COLECTIVO,MUNICIPAL,BUENOS AIRES,LA PLATA,1639,NO,7,Julio,Viernes,Día de semana,Invierno
2025-07-04,EXPRESO LA PLATA BUENOS AIRES S.A.,BSAS_LINEA_518,SI,COLECTIVO,MUNICIPAL,BUENOS AIRES,LA PLATA,918,NO,7,Julio,Viernes,Día de semana,Invierno
2025-07-04,UNION PLATENSE SRL,BSAS_LINEA_520C,SI,COLECTIVO,MUNICIPAL,BUENOS AIRES,LA PLATA,15682,NO,7,Julio,Viernes,Día de semana,Invierno
2025-07-04,EMPRESA NUEVE DE JULIO S.A.T.,BSAS_LINEA_561B,SI,COLECTIVO,MUNICIPAL,BUENOS AIRES,LA PLATA,1744,NO,7,Julio,Viernes,Día de semana,Invierno
2025-07-04,EMPRESA NUEVE DE JULIO S.A.T.,LINEA OESTE,SI,COLECTIVO,MUNICIPAL,BUENOS AIRES,LA PLATA,69941,NO,7,Julio,Viernes,Día de semana,Invierno
2025-07-04,FUERTE BARRAGAN S.A.T.I.C.I.,LINEA_506F_BSAS,SI,COLECTIVO,MUNICIPAL,BUENOS AIRES,LA PLATA,13223,NO,7,Julio,Viernes,Día de semana,Invierno
2025-07-04,UNION PLATENSE SRL,NORTE MUNICIPAL,SI,COLECTIVO,MUNICIPAL,BUENOS AIRES,LA PLATA,12837,NO,7,Julio,Viernes,Día de semana,Invierno
2025-07-05,UNION PLATENSE SRL,BSAS_LINEA_502_SUR,SI,COLECTIVO,MUNICIPAL,BUENOS AIRES,LA PLATA,4826,NO,7,Julio,Sábado,Fin de semana,Invierno
2025-07-05,MICROEXPRES S.A.,BSAS_LINEA_503_ESTE,SI,COLECTIVO,MUNICIPAL,BUENOS AIRES,LA PLATA,4324,NO,7,Julio,Sábado,Fin de semana,Invierno
2025-07-05,EXPRESO LA PLATA BUENOS AIRES S.A.,BSAS_LINEA_503E,SI,COLECTIVO,MUNICIPAL,BUENOS AIRES,LA PLATA,18093,NO,7,Julio,Sábado,Fin de semana,Invierno
2025-07-05,EMPRESA NUEVE DE JULIO S.A.T.,BSAS_LINEA_508C,SI,COLECTIVO,MUNICIPAL,BUENOS AIRES,LA PLATA,538,NO,7,Julio,Sábado,Fin de semana,Invierno
2025-07-05,EXPRESO LA PLATA BUENOS AIRES S.A.,BSAS_LINEA_518,SI,COLECTIVO,MUNICIPAL,BUENOS AIRES,LA PLATA,369,NO,7,Julio,Sábado,Fin de semana,Invierno
2025-07-05,UNION PLATENSE SRL,BSAS_LINEA_520C,SI,COLECTIVO,MUNICIPAL,BUENOS AIRES,LA PLATA,6007,NO,7,Julio,Sábado,Fin de semana,Invierno
2025-07-05,EMPRESA NUEVE DE JULIO S.A.T.,BSAS_LINEA_561B,SI,COLECTIVO,MUNICIPAL,BUENOS AIRES,LA PLATA,490,NO,7,Julio,Sábado,Fin de semana,Invierno
2025-07-05,EMPRESA NUEVE DE JULIO S.A.T.,LINEA OESTE,SI,COLECTIVO,MUNICIPAL,BUENOS AIRES,LA PLATA,32559,NO,7,Julio,Sábado,Fin de semana,Invierno
2025-07-05,FUERTE BARRAGAN S.A.T.I.C.I.,LINEA_506F_BSAS,SI,COLECTIVO,MUNICIPAL,BUENOS AIRES,LA PLATA,5491,NO,7,Julio,Sábado,Fin de semana,Invierno
2025-07-05,UNION PLATENSE SRL,NORTE MUNICIPAL,SI,COLECTIVO,MUNICIPAL,BUENOS AIRES,LA PLATA,4161,NO,7,Julio,Sábado,Fin de semana,Invierno
2025-07-06,UNION PLATENSE SRL,BSAS_LINEA_502_SUR,SI,COLECTIVO,MUNICIPAL,BUENOS AIRES,LA PLATA,1409,NO,7,Julio,Domingo,Fin de semana,Invierno
2025-07-06,MICROEXPRES S.A.,BSAS_LINEA_503_ESTE,SI,COLECTIVO,MUNICIPAL,BUENOS AIRES,LA PLATA,2699,NO,7,Julio,Domingo,Fin de semana,Invierno
2025-07-06,EXPRESO LA PLATA BUENOS AIRES S.A.,BSAS_LINEA_503E,SI,COLECTIVO,MUNICIPAL,BUENOS AIRES,LA PLATA,9981,NO,7,Julio,Domingo,Fin de semana,Invierno
2025-07-06,EMPRESA NUEVE DE JULIO S.A.T.,BSAS_LINEA_508C,SI,COLECTIVO,MUNICIPAL,BUENOS AIRES,LA PLATA,301,NO,7,Julio,Domingo,Fin de semana,Invierno
2025-07-06,UNION PLATENSE SRL,BSAS_LINEA_520C,SI,COLECTIVO,MUNICIPAL,BUENOS AIRES,LA PLATA,2640,NO,7,Julio,Domingo,Fin de semana,Invierno
2025-07-06,EMPRESA NUEVE DE JULIO S.A.T.,BSAS_LINEA_561B,SI,COLECTIVO,MUNICIPAL,BUENOS AIRES,LA PLATA,320,NO,7,Julio,Domingo,Fin de semana,Invierno
2025-07-06,EMPRESA NUEVE DE JULIO S.A.T.,LINEA OESTE,SI,COLECTIVO,MUNICIPAL,BUENOS AIRES,LA PLATA,17439,NO,7,Julio,Domingo,Fin de semana,Invierno
2025-07-06,FUERTE BARRAGAN S.A.T.I.C.I.,LINEA_506F_BSAS,SI,COLECTIVO,MUNICIPAL,BUENOS AIRES,LA PLATA,3527,NO,7,Julio,Domingo,Fin de semana,Invierno
2025-07-06,UNION PLATENSE SRL,NORTE MUNICIPAL,SI,COLECTIVO,MUNICIPAL,BUENOS AIRES,LA PLATA,2087,NO,7,Julio,Domingo,Fin de semana,Invierno
2025-07-07,UNION PLATENSE SRL,BSAS_LINEA_502_SUR,SI,COLECTIVO,MUNICIPAL,BUENOS AIRES,LA PLATA,13493,NO,7,Julio,Lunes,Día de semana,Invierno
2025-07-07,MICROEXPRES S.A.,BSAS_LINEA_503_ESTE,SI,COLECTIVO,MUNICIPAL,BUENOS AIRES,LA PLATA,8747,NO,7,Julio,Lunes,Día de semana,Invierno
2025-07-07,EXPRESO LA PLATA BUENOS AIRES S.A.,BSAS_LINEA_503E,SI,COLECTIVO,MUNICIPAL,BUENOS AIRES,LA PLATA,33623,NO,7,Julio,Lunes,Día de semana,Invierno
2025-07-07,EMPRESA NUEVE DE JULIO S.A.T.,BSAS_LINEA_508C,SI,COLECTIVO,MUNICIPAL,BUENOS AIRES,LA PLATA,1517,NO,7,Julio,Lunes,Día de semana,Invierno
2025-07-07,EXPRESO LA PLATA BUENOS AIRES S.A.,BSAS_LINEA_518,SI,COLECTIVO,MUNICIPAL,BUENOS AIRES,LA PLATA,1018,NO,7,Julio,Lunes,Día de semana,Invierno
2025-07-07,UNION PLATENSE SRL,BSAS_LINEA_520C,SI,COLECTIVO,MUNICIPAL,BUENOS AIRES,LA PLATA,15281,NO,7,Julio,Lunes,Día de semana,Invierno
2025-07-07,EMPRESA NUEVE DE JULIO S.A.T.,BSAS_LINEA_561B,SI,COLECTIVO,MUNICIPAL,BUENOS AIRES,LA PLATA,1768,NO,7,Julio,Lunes,Día de semana,Invierno
2025-07-07,EMPRESA NUEVE DE JULIO S.A.T.,LINEA OESTE,SI,COLECTIVO,MUNICIPAL,BUENOS AIRES,LA PLATA,66953,NO,7,Julio,Lunes,Día de semana,Invierno
2025-07-07,FUERTE BARRAGAN S.A.T.I.C.I.,LINEA_506F_BSAS,SI,COLECTIVO,MUNICIPAL,BUENOS AIRES,LA PLATA,13077,NO,7,Julio,Lunes,Día de semana,Invierno
2025-07-07,UNION PLATENSE SRL,NORTE MUNICIPAL,SI,COLECTIVO,MUNICIPAL,BUENOS AIRES,LA PLATA,12623,NO,7,Julio,Lunes,Día de semana,Invierno
2025-07-08,UNION PLATENSE SRL,BSAS_LINEA_502_SUR,SI,COLECTIVO,MUNICIPAL,BUENOS AIRES,LA PLATA,13932,NO,7,Julio,Martes,Día de semana,Invierno
2025-07-08,MICROEXPRES S.A.,BSAS_LINEA_503_ESTE,SI,COLECTIVO,MUNICIPAL,BUENOS AIRES,LA PLATA,8810,NO,7,Julio,Martes,Día de semana,Invierno
2025-07-08,EXPRESO LA PLATA BUENOS AIRES S.A.,BSAS_LINEA_503E,SI,COLECTIVO,MUNICIPAL,BUENOS AIRES,LA PLATA,35429,NO,7,Julio,Martes,Día de semana,Invierno
2025-07-08,EMPRESA NUEVE DE JULIO S.A.T.,BSAS_LINEA_508C,SI,COLECTIVO,MUNICIPAL,BUENOS AIRES,LA PLATA,1579,NO,7,Julio,Martes,Día de semana,Invierno
2025-07-08,EXPRESO LA PLATA BUENOS AIRES S.A.,BSAS_LINEA_518,SI,COLECTIVO,MUNICIPAL,BUENOS AIRES,LA PLATA,1118,NO,7,Julio,Martes,Día de semana,Invierno
2025-07-08,UNION PLATENSE SRL,BSAS_LINEA_520C,SI,COLECTIVO,MUNICIPAL,BUENOS AIRES,LA PLATA,15914,NO,7,Julio,Martes,Día de semana,Invierno
2025-07-08,EMPRESA NUEVE DE JULIO S.A.T.,BSAS_LINEA_561B,SI,COLECTIVO,MUNICIPAL,BUENOS AIRES,LA PLATA,1875,NO,7,Julio,Martes,Día de semana,Invierno
2025-07-08,EMPRESA NUEVE DE JULIO S.A.T.,LINEA OESTE,SI,COLECTIVO,MUNICIPAL,BUENOS AIRES,LA PLATA,69834,NO,7,Julio,Martes,Día de semana,Invierno
2025-07-08,FUERTE BARRAGAN S.A.T.I.C.I.,LINEA_506F_BSAS,SI,COLECTIVO,MUNICIPAL,BUENOS AIRES,LA PLATA,13590,NO,7,Julio,Martes,Día de semana,Invierno
2025-07-08,UNION PLATENSE SRL,NORTE MUNICIPAL,SI,COLECTIVO,MUNICIPAL,BUENOS AIRES,LA PLATA,13292,NO,7,Julio,Martes,Día de semana,Invierno
2025-07-09,UNION PLATENSE SRL,BSAS_LINEA_502_SUR,SI,COLECTIVO,MUNICIPAL,BUENOS AIRES,LA PLATA,2101,NO,7,Julio,Miércoles,Día de semana,Invierno
2025-07-09,MICROEXPRES S.A.,BSAS_LINEA_503_ESTE,SI,COLECTIVO,MUNICIPAL,BUENOS AIRES,LA PLATA,3220,NO,7,Julio,Miércoles,Día de semana,Invierno
2025-07-09,EXPRESO LA PLATA BUENOS AIRES S.A.,BSAS_LINEA_503E,SI,COLECTIVO,MUNICIPAL,BUENOS AIRES,LA PLATA,12058,NO,7,Julio,Miércoles,Día de semana,Invierno
2025-07-09,EMPRESA NUEVE DE JULIO S.A.T.,BSAS_LINEA_508C,SI,COLECTIVO,MUNICIPAL,BUENOS AIRES,LA PLATA,413,NO,7,Julio,Miércoles,Día de semana,Invierno
2025-07-09,UNION PLATENSE SRL,BSAS_LINEA_520C,SI,COLECTIVO,MUNICIPAL,BUENOS AIRES,LA PLATA,3634,NO,7,Julio,Miércoles,Día de semana,Invierno
2025-07-09,EMPRESA NUEVE DE JULIO S.A.T.,BSAS_LINEA_561B,SI,COLECTIVO,MUNICIPAL,BUENOS AIRES,LA PLATA,497,NO,7,Julio,Miércoles,Día de semana,Invierno
2025-07-09,EMPRESA NUEVE DE JULIO S.A.T.,LINEA OESTE,SI,COLECTIVO,MUNICIPAL,BUENOS AIRES,LA PLATA,21600,NO,7,Julio,Miércoles,Día de semana,Invierno
2025-07-09,FUERTE BARRAGAN S.A.T.I.C.I.,LINEA_506F_BSAS,SI,COLECTIVO,MUNICIPAL,BUENOS AIRES,LA PLATA,4413,NO,7,Julio,Miércoles,Día de semana,Invierno
2025-07-09,UNION PLATENSE SRL,NORTE MUNICIPAL,SI,COLECTIVO,MUNICIPAL,BUENOS AIRES,LA PLATA,2712,NO,7,Julio,Miércoles,Día de semana,Invierno
2025-07-10,UNION PLATENSE SRL,BSAS_LINEA_502_SUR,SI,COLECTIVO,MUNICIPAL,BUENOS AIRES,LA PLATA,13820,NO,7,Julio,Jueves,Día de semana,Invierno
2025-07-10,MICROEXPRES S.A.,BSAS_LINEA_503_ESTE,SI,COLECTIVO,MUNICIPAL,BUENOS AIRES,LA PLATA,9052,NO,7,Julio,Jueves,Día de semana,Invierno
2025-07-10,EXPRESO LA PLATA BUENOS AIRES S.A.,BSAS_LINEA_503E,SI,COLECTIVO,MUNICIPAL,BUENOS AIRES,LA PLATA,35192,NO,7,Julio,Jueves,Día de semana,Invierno
2025-07-10,EMPRESA NUEVE DE JULIO S.A.T.,BSAS_LINEA_508C,SI,COLECTIVO,MUNICIPAL,BUENOS AIRES,LA PLATA,1506,NO,7,Julio,Jueves,Día de semana,Invierno
2025-07-10,EXPRESO LA PLATA BUENOS AIRES S.A.,BSAS_LINEA_518,SI,COLECTIVO,MUNICIPAL,BUENOS AIRES,LA PLATA,1003,NO,7,Julio,Jueves,Día de semana,Invierno
2025-07-10,UNION PLATENSE SRL,BSAS_LINEA_520C,SI,COLECTIVO,MUNICIPAL,BUENOS AIRES,LA PLATA,16500,NO,7,Julio,Jueves,Día de semana,Invierno
2025-07-10,EMPRESA NUEVE DE JULIO S.A.T.,BSAS_LINEA_561B,SI,COLECTIVO,MUNICIPAL,BUENOS AIRES,LA PLATA,1852,NO,7,Julio,Jueves,Día de semana,Invierno
2025-07-10,EMPRESA NUEVE DE JULIO S.A.T.,LINEA OESTE,SI,COLECTIVO,MUNICIPAL,BUENOS AIRES,LA PLATA,69881,NO,7,Julio,Jueves,Día de semana,Invierno
2025-07-10,FUERTE BARRAGAN S.A.T.I.C.I.,LINEA_506F_BSAS,SI,COLECTIVO,MUNICIPAL,BUENOS AIRES,LA PLATA,13436,NO,7,Julio,Jueves,Día de semana,Invierno
2025-07-10,UNION PLATENSE SRL,NORTE MUNICIPAL,SI,COLECTIVO,MUNICIPAL,BUENOS AIRES,LA PLATA,13135,NO,7,Julio,Jueves,Día de semana,Invierno
2025-07-11,UNION PLATENSE SRL,BSAS_LINEA_502_SUR,SI,COLECTIVO,MUNICIPAL,BUENOS AIRES,LA PLATA,13707,NO,7,Julio,Viernes,Día de semana,Invierno
2025-07-11,MICROEXPRES S.A.,BSAS_LINEA_503_ESTE,SI,COLECTIVO,MUNICIPAL,BUENOS AIRES,LA PLATA,8961,NO,7,Julio,Viernes,Día de semana,Invierno
2025-07-11,EXPRESO LA PLATA BUENOS AIRES S.A.,BSAS_LINEA_503E,SI,COLECTIVO,MUNICIPAL,BUENOS AIRES,LA PLATA,34517,NO,7,Julio,Viernes,Día de semana,Invierno
2025-07-11,EMPRESA NUEVE DE JULIO S.A.T.,BSAS_LINEA_508C,SI,COLECTIVO,MUNICIPAL,BUENOS AIRES,LA PLATA,1454,NO,7,Julio,Viernes,Día de semana,Invierno
2025-07-11,EXPRESO LA PLATA BUENOS AIRES S.A.,BSAS_LINEA_518,SI,COLECTIVO,MUNICIPAL,BUENOS AIRES,LA PLATA,998,NO,7,Julio,Viernes,Día de semana,Invierno
2025-07-11,UNION PLATENSE SRL,BSAS_LINEA_520C,SI,COLECTIVO,MUNICIPAL,BUENOS AIRES,LA PLATA,15890,NO,7,Julio,Viernes,Día de semana,Invierno
2025-07-11,EMPRESA NUEVE DE JULIO S.A.T.,BSAS_LINEA_561B,SI,COLECTIVO,MUNICIPAL,BUENOS AIRES,LA PLATA,1767,NO,7,Julio,Viernes,Día de semana,Invierno
2025-07-11,EMPRESA NUEVE DE JULIO S.A.T.,LINEA OESTE,SI,COLECTIVO,MUNICIPAL,BUENOS AIRES,LA PLATA,70914,NO,7,Julio,Viernes,Día de semana,Invierno
2025-07-11,FUERTE BARRAGAN S.A.T.I.C.I.,LINEA_506F_BSAS,SI,COLECTIVO,MUNICIPAL,BUENOS AIRES,LA PLATA,13470,NO,7,Julio,Viernes,Día de semana,Invierno
2025-07-11,UNION PLATENSE SRL,NORTE MUNICIPAL,SI,COLECTIVO,MUNICIPAL,BUENOS AIRES,LA PLATA,13036,NO,7,Julio,Viernes,Día de semana,Invierno
2025-07-12,UNION PLATENSE SRL,BSAS_LINEA_502_SUR,SI,COLECTIVO,MUNICIPAL,BUENOS AIRES,LA PLATA,4914,NO,7,Julio,Sábado,Fin de semana,Invierno
2025-07-12,MICROEXPRES S.A.,BSAS_LINEA_503_ESTE,SI,COLECTIVO,MUNICIPAL,BUENOS AIRES,LA PLATA,4465,NO,7,Julio,Sábado,Fin de semana,Invierno
2025-07-12,EXPRESO LA PLATA BUENOS AIRES S.A.,BSAS_LINEA_503E,SI,COLECTIVO,MUNICIPAL,BUENOS AIRES,LA PLATA,17308,NO,7,Julio,Sábado,Fin de semana,Invierno
2025-07-12,EMPRESA NUEVE DE JULIO S.A.T.,BSAS_LINEA_508C,SI,COLECTIVO,MUNICIPAL,BUENOS AIRES,LA PLATA,543,NO,7,Julio,Sábado,Fin de semana,Invierno
2025-07-12,EXPRESO LA PLATA BUENOS AIRES S.A.,BSAS_LINEA_518,SI,COLECTIVO,MUNICIPAL,BUENOS AIRES,LA PLATA,386,NO,7,Julio,Sábado,Fin de semana,Invierno
2025-07-12,UNION PLATENSE SRL,BSAS_LINEA_520C,SI,COLECTIVO,MUNICIPAL,BUENOS AIRES,LA PLATA,6326,NO,7,Julio,Sábado,Fin de semana,Invierno
2025-07-12,EMPRESA NUEVE DE JULIO S.A.T.,BSAS_LINEA_561B,SI,COLECTIVO,MUNICIPAL,BUENOS AIRES,LA PLATA,633,NO,7,Julio,Sábado,Fin de semana,Invierno
2025-07-12,EMPRESA NUEVE DE JULIO S.A.T.,LINEA OESTE,SI,COLECTIVO,MUNICIPAL,BUENOS AIRES,LA PLATA,32159,NO,7,Julio,Sábado,Fin de semana,Invierno
2025-07-12,FUERTE BARRAGAN S.A.T.I.C.I.,LINEA_506F_BSAS,SI,COLECTIVO,MUNICIPAL,BUENOS AIRES,LA PLATA,5275,NO,7,Julio,Sábado,Fin de semana,Invierno
2025-07-12,UNION PLATENSE SRL,NORTE MUNICIPAL,SI,COLECTIVO,MUNICIPAL,BUENOS AIRES,LA PLATA,3963,NO,7,Julio,Sábado,Fin de semana,Invierno
2025-07-13,UNION PLATENSE SRL,BSAS_LINEA_502_SUR,SI,COLECTIVO,MUNICIPAL,BUENOS AIRES,LA PLATA,1381,NO,7,Julio,Domingo,Fin de semana,Invierno
2025-07-13,MICROEXPRES S.A.,BSAS_LINEA_503_ESTE,SI,COLECTIVO,MUNICIPAL,BUENOS AIRES,LA PLATA,2530,NO,7,Julio,Domingo,Fin de semana,Invierno
2025-07-13,EXPRESO LA PLATA BUENOS AIRES S.A.,BSAS_LINEA_503E,SI,COLECTIVO,MUNICIPAL,BUENOS AIRES,LA PLATA,10170,NO,7,Julio,Domingo,Fin de semana,Invierno
2025-07-13,EMPRESA NUEVE DE JULIO S.A.T.,BSAS_LINEA_508C,SI,COLECTIVO,MUNICIPAL,BUENOS AIRES,LA PLATA,270,NO,7,Julio,Domingo,Fin de semana,Invierno
2025-07-13,UNION PLATENSE SRL,BSAS_LINEA_520C,SI,COLECTIVO,MUNICIPAL,BUENOS AIRES,LA PLATA,2814,NO,7,Julio,Domingo,Fin de semana,Invierno
2025-07-13,EMPRESA NUEVE DE JULIO S.A.T.,BSAS_LINEA_561B,SI,COLECTIVO,MUNICIPAL,BUENOS AIRES,LA PLATA,310,NO,7,Julio,Domingo,Fin de semana,Invierno
2025-07-13,EMPRESA NUEVE DE JULIO S.A.T.,LINEA OESTE,SI,COLECTIVO,MUNICIPAL,BUENOS AIRES,LA PLATA,17511,NO,7,Julio,Domingo,Fin de semana,Invierno
2025-07-13,FUERTE BARRAGAN S.A.T.I.C.I.,LINEA_506F_BSAS,SI,COLECTIVO,MUNICIPAL,BUENOS AIRES,LA PLATA,3383,NO,7,Julio,Domingo,Fin de semana,Invierno
2025-07-13,UNION PLATENSE SRL,NORTE MUNICIPAL,SI,COLECTIVO,MUNICIPAL,BUENOS AIRES,LA PLATA,1902,NO,7,Julio,Domingo,Fin de semana,Invierno
2025-07-14,UNION PLATENSE SRL,BSAS_LINEA_502_SUR,SI,COLECTIVO,MUNICIPAL,BUENOS AIRES,LA PLATA,13348,NO,7,Julio,Lunes,Día de semana,Invierno
2025-07-14,MICROEXPRES S.A.,BSAS_LINEA_503_ESTE,SI,COLECTIVO,MUNICIPAL,BUENOS AIRES,LA PLATA,8435,NO,7,Julio,Lunes,Día de semana,Invierno
2025-07-14,EXPRESO LA PLATA BUENOS AIRES S.A.,BSAS_LINEA_503E,SI,COLECTIVO,MUNICIPAL,BUENOS AIRES,LA PLATA,33603,NO,7,Julio,Lunes,Día de semana,Invierno
2025-07-14,EMPRESA NUEVE DE JULIO S.A.T.,BSAS_LINEA_508C,SI,COLECTIVO,MUNICIPAL,BUENOS AIRES,LA PLATA,1424,NO,7,Julio,Lunes,Día de semana,Invierno
2025-07-14,EXPRESO LA PLATA BUENOS AIRES S.A.,BSAS_LINEA_518,SI,COLECTIVO,MUNICIPAL,BUENOS AIRES,LA PLATA,904,NO,7,Julio,Lunes,Día de semana,Invierno
2025-07-14,UNION PLATENSE SRL,BSAS_LINEA_520C,SI,COLECTIVO,MUNICIPAL,BUENOS AIRES,LA PLATA,15085,NO,7,Julio,Lunes,Día de semana,Invierno
2025-07-14,EMPRESA NUEVE DE JULIO S.A.T.,BSAS_LINEA_561B,SI,COLECTIVO,MUNICIPAL,BUENOS AIRES,LA PLATA,1773,NO,7,Julio,Lunes,Día de semana,Invierno
2025-07-14,EMPRESA NUEVE DE JULIO S.A.T.,LINEA OESTE,SI,COLECTIVO,MUNICIPAL,BUENOS AIRES,LA PLATA,68989,NO,7,Julio,Lunes,Día de semana,Invierno
2025-07-14,FUERTE BARRAGAN S.A.T.I.C.I.,LINEA_506F_BSAS,SI,COLECTIVO,MUNICIPAL,BUENOS AIRES,LA PLATA,12936,NO,7,Julio,Lunes,Día de semana,Invierno
2025-07-14,UNION PLATENSE SRL,NORTE MUNICIPAL,SI,COLECTIVO,MUNICIPAL,BUENOS AIRES,LA PLATA,12620,NO,7,Julio,Lunes,Día de semana,Invierno
2025-07-15,UNION PLATENSE SRL,BSAS_LINEA_502_SUR,SI,COLECTIVO,MUNICIPAL,BUENOS AIRES,LA PLATA,13404,NO,7,Julio,Martes,Día de semana,Invierno
2025-07-15,MICROEXPRES S.A.,BSAS_LINEA_503_ESTE,SI,COLECTIVO,MUNICIPAL,BUENOS AIRES,LA PLATA,8642,NO,7,Julio,Martes,Día de semana,Invierno
2025-07-15,EXPRESO LA PLATA BUENOS AIRES S.A.,BSAS_LINEA_503E,SI,COLECTIVO,MUNICIPAL,BUENOS AIRES,LA PLATA,32460,NO,7,Julio,Martes,Día de semana,Invierno
2025-07-15,EMPRESA NUEVE DE JULIO S.A.T.,BSAS_LINEA_508C,SI,COLECTIVO,MUNICIPAL,BUENOS AIRES,LA PLATA,1380,NO,7,Julio,Martes,Día de semana,Invierno
2025-07-15,EXPRESO LA PLATA BUENOS AIRES S.A.,BSAS_LINEA_518,SI,COLECTIVO,MUNICIPAL,BUENOS AIRES,LA PLATA,963,NO,7,Julio,Martes,Día de semana,Invierno
2025-07-15,UNION PLATENSE SRL,BSAS_LINEA_520C,SI,COLECTIVO,MUNICIPAL,BUENOS AIRES,LA PLATA,15168,NO,7,Julio,Martes,Día de semana,Invierno
2025-07-15,EMPRESA NUEVE DE JULIO S.A.T.,BSAS_LINEA_561B,SI,COLECTIVO,MUNICIPAL,BUENOS AIRES,LA PLATA,1726,NO,7,Julio,Martes,Día de semana,Invierno
2025-07-15,EMPRESA NUEVE DE JULIO S.A.T.,LINEA OESTE,SI,COLECTIVO,MUNICIPAL,BUENOS AIRES,LA PLATA,67625,NO,7,Julio,Martes,Día de semana,Invierno
2025-07-15,FUERTE BARRAGAN S.A.T.I.C.I.,LINEA_506F_BSAS,SI,COLECTIVO,MUNICIPAL,BUENOS AIRES,LA PLATA,12677,NO,7,Julio,Martes,Día de semana,Invierno
2025-07-15,UNION PLATENSE SRL,NORTE MUNICIPAL,SI,COLECTIVO,MUNICIPAL,BUENOS AIRES,LA PLATA,13078,NO,7,Julio,Martes,Día de semana,Invierno
2025-07-16,UNION PLATENSE SRL,BSAS_LINEA_502_SUR,SI,COLECTIVO,MUNICIPAL,BUENOS AIRES,LA PLATA,9162,NO,7,Julio,Miércoles,Día de semana,Invierno
2025-07-16,MICROEXPRES S.A.,BSAS_LINEA_503_ESTE,SI,COLECTIVO,MUNICIPAL,BUENOS AIRES,LA PLATA,5919,NO,7,Julio,Miércoles,Día de semana,Invierno
2025-07-16,EXPRESO LA PLATA BUENOS AIRES S.A.,BSAS_LINEA_503E,SI,COLECTIVO,MUNICIPAL,BUENOS AIRES,LA PLATA,22763,NO,7,Julio,Miércoles,Día de semana,Invierno
2025-07-16,EMPRESA NUEVE DE JULIO S.A.T.,BSAS_LINEA_508C,SI,COLECTIVO,MUNICIPAL,BUENOS AIRES,LA PLATA,841,NO,7,Julio,Miércoles,Día de semana,Invierno
2025-07-16,EXPRESO LA PLATA BUENOS AIRES S.A.,BSAS_LINEA_518,SI,COLECTIVO,MUNICIPAL,BUENOS AIRES,LA PLATA,645,NO,7,Julio,Miércoles,Día de semana,Invierno
2025-07-16,UNION PLATENSE SRL,BSAS_LINEA_520C,SI,COLECTIVO,MUNICIPAL,BUENOS AIRES,LA PLATA,10050,NO,7,Julio,Miércoles,Día de semana,Invierno
2025-07-16,EMPRESA NUEVE DE JULIO S.A.T.,BSAS_LINEA_561B,SI,COLECTIVO,MUNICIPAL,BUENOS AIRES,LA PLATA,1161,NO,7,Julio,Miércoles,Día de semana,Invierno
2025-07-16,EMPRESA NUEVE DE JULIO S.A.T.,LINEA OESTE,SI,COLECTIVO,MUNICIPAL,BUENOS AIRES,LA PLATA,42222,NO,7,Julio,Miércoles,Día de semana,Invierno
2025-07-16,FUERTE BARRAGAN S.A.T.I.C.I.,LINEA_506F_BSAS,SI,COLECTIVO,MUNICIPAL,BUENOS AIRES,LA PLATA,8009,NO,7,Julio,Miércoles,Día de semana,Invierno
2025-07-16,UNION PLATENSE SRL,NORTE MUNICIPAL,SI,COLECTIVO,MUNICIPAL,BUENOS AIRES,LA PLATA,9072,NO,7,Julio,Miércoles,Día de semana,Invierno
2025-07-17,UNION PLATENSE SRL,BSAS_LINEA_502_SUR,SI,COLECTIVO,MUNICIPAL,BUENOS AIRES,LA PLATA,12703,NO,7,Julio,Jueves,Día de semana,Invierno
2025-07-17,MICROEXPRES S.A.,BSAS_LINEA_503_ESTE,SI,COLECTIVO,MUNICIPAL,BUENOS AIRES,LA PLATA,8182,NO,7,Julio,Jueves,Día de semana,Invierno
2025-07-17,EXPRESO LA PLATA BUENOS AIRES S.A.,BSAS_LINEA_503E,SI,COLECTIVO,MUNICIPAL,BUENOS AIRES,LA PLATA,32128,NO,7,Julio,Jueves,Día de semana,Invierno
2025-07-17,EMPRESA NUEVE DE JULIO S.A.T.,BSAS_LINEA_508C,SI,COLECTIVO,MUNICIPAL,BUENOS AIRES,LA PLATA,1229,NO,7,Julio,Jueves,Día de semana,Invierno
2025-07-17,EXPRESO LA PLATA BUENOS AIRES S.A.,BSAS_LINEA_518,SI,COLECTIVO,MUNICIPAL,BUENOS AIRES,LA PLATA,912,NO,7,Julio,Jueves,Día de semana,Invierno
2025-07-17,UNION PLATENSE SRL,BSAS_LINEA_520C,SI,COLECTIVO,MUNICIPAL,BUENOS AIRES,LA PLATA,14674,NO,7,Julio,Jueves,Día de semana,Invierno
2025-07-17,EMPRESA NUEVE DE JULIO S.A.T.,BSAS_LINEA_561B,SI,COLECTIVO,MUNICIPAL,BUENOS AIRES,LA PLATA,1590,NO,7,Julio,Jueves,Día de semana,Invierno
2025-07-17,EMPRESA NUEVE DE JULIO S.A.T.,LINEA OESTE,SI,COLECTIVO,MUNICIPAL,BUENOS AIRES,LA PLATA,61973,NO,7,Julio,Jueves,Día de semana,Invierno
2025-07-17,FUERTE BARRAGAN S.A.T.I.C.I.,LINEA_506F_BSAS,SI,COLECTIVO,MUNICIPAL,BUENOS AIRES,LA PLATA,12114,NO,7,Julio,Jueves,Día de semana,Invierno
2025-07-17,UNION PLATENSE SRL,NORTE MUNICIPAL,SI,COLECTIVO,MUNICIPAL,BUENOS AIRES,LA PLATA,12305,NO,7,Julio,Jueves,Día de semana,Invierno
2025-07-18,UNION PLATENSE SRL,BSAS_LINEA_502_SUR,SI,COLECTIVO,MUNICIPAL,BUENOS AIRES,LA PLATA,13348,NO,7,Julio,Viernes,Día de semana,Invierno
2025-07-18,MICROEXPRES S.A.,BSAS_LINEA_503_ESTE,SI,COLECTIVO,MUNICIPAL,BUENOS AIRES,LA PLATA,8849,NO,7,Julio,Viernes,Día de semana,Invierno
2025-07-18,EXPRESO LA PLATA BUENOS AIRES S.A.,BSAS_LINEA_503E,SI,COLECTIVO,MUNICIPAL,BUENOS AIRES,LA PLATA,33217,NO,7,Julio,Viernes,Día de semana,Invierno
2025-07-18,EMPRESA NUEVE DE JULIO S.A.T.,BSAS_LINEA_508C,SI,COLECTIVO,MUNICIPAL,BUENOS AIRES,LA PLATA,1407,NO,7,Julio,Viernes,Día de semana,Invierno
2025-07-18,EXPRESO LA PLATA BUENOS AIRES S.A.,BSAS_LINEA_518,SI,COLECTIVO,MUNICIPAL,BUENOS AIRES,LA PLATA,980,NO,7,Julio,Viernes,Día de semana,Invierno
2025-07-18,UNION PLATENSE SRL,BSAS_LINEA_520C,SI,COLECTIVO,MUNICIPAL,BUENOS AIRES,LA PLATA,15365,NO,7,Julio,Viernes,Día de semana,Invierno
2025-07-18,EMPRESA NUEVE DE JULIO S.A.T.,BSAS_LINEA_561B,SI,COLECTIVO,MUNICIPAL,BUENOS AIRES,LA PLATA,1830,NO,7,Julio,Viernes,Día de semana,Invierno
2025-07-18,EMPRESA NUEVE DE JULIO S.A.T.,LINEA OESTE,SI,COLECTIVO,MUNICIPAL,BUENOS AIRES,LA PLATA,67917,NO,7,Julio,Viernes,Día de semana,Invierno
2025-07-18,FUERTE BARRAGAN S.A.T.I.C.I.,LINEA_506F_BSAS,SI,COLECTIVO,MUNICIPAL,BUENOS AIRES,LA PLATA,13223,NO,7,Julio,Viernes,Día de semana,Invierno
2025-07-18,UNION PLATENSE SRL,NORTE MUNICIPAL,SI,COLECTIVO,MUNICIPAL,BUENOS AIRES,LA PLATA,12612,NO,7,Julio,Viernes,Día de semana,Invierno
2025-07-19,UNION PLATENSE SRL,BSAS_LINEA_502_SUR,SI,COLECTIVO,MUNICIPAL,BUENOS AIRES,LA PLATA,4606,NO,7,Julio,Sábado,Fin de semana,Invierno
2025-07-19,MICROEXPRES S.A.,BSAS_LINEA_503_ESTE,SI,COLECTIVO,MUNICIPAL,BUENOS AIRES,LA PLATA,4113,NO,7,Julio,Sábado,Fin de semana,Invierno
2025-07-19,EXPRESO LA PLATA BUENOS AIRES S.A.,BSAS_LINEA_503E,SI,COLECTIVO,MUNICIPAL,BUENOS AIRES,LA PLATA,16933,NO,7,Julio,Sábado,Fin de semana,Invierno
2025-07-19,EMPRESA NUEVE DE JULIO S.A.T.,BSAS_LINEA_508C,SI,COLECTIVO,MUNICIPAL,BUENOS AIRES,LA PLATA,454,NO,7,Julio,Sábado,Fin de semana,Invierno
2025-07-19,EXPRESO LA PLATA BUENOS AIRES S.A.,BSAS_LINEA_518,SI,COLECTIVO,MUNICIPAL,BUENOS AIRES,LA PLATA,479,NO,7,Julio,Sábado,Fin de semana,Invierno
2025-07-19,UNION PLATENSE SRL,BSAS_LINEA_520C,SI,COLECTIVO,MUNICIPAL,BUENOS AIRES,LA PLATA,6356,NO,7,Julio,Sábado,Fin de semana,Invierno
2025-07-19,EMPRESA NUEVE DE JULIO S.A.T.,BSAS_LINEA_561B,SI,COLECTIVO,MUNICIPAL,BUENOS AIRES,LA PLATA,473,NO,7,Julio,Sábado,Fin de semana,Invierno
2025-07-19,EMPRESA NUEVE DE JULIO S.A.T.,LINEA OESTE,SI,COLECTIVO,MUNICIPAL,BUENOS AIRES,LA PLATA,31395,NO,7,Julio,Sábado,Fin de semana,Invierno
2025-07-19,FUERTE BARRAGAN S.A.T.I.C.I.,LINEA_506F_BSAS,SI,COLECTIVO,MUNICIPAL,BUENOS AIRES,LA PLATA,5570,NO,7,Julio,Sábado,Fin de semana,Invierno
2025-07-19,UNION PLATENSE SRL,NORTE MUNICIPAL,SI,COLECTIVO,MUNICIPAL,BUENOS AIRES,LA PLATA,4167,NO,7,Julio,Sábado,Fin de semana,Invierno
2025-07-20,UNION PLATENSE SRL,BSAS_LINEA_502_SUR,SI,COLECTIVO,MUNICIPAL,BUENOS AIRES,LA PLATA,1690,NO,7,Julio,Domingo,Fin de semana,Invierno
2025-07-20,MICROEXPRES S.A.,BSAS_LINEA_503_ESTE,SI,COLECTIVO,MUNICIPAL,BUENOS AIRES,LA PLATA,3219,NO,7,Julio,Domingo,Fin de semana,Invierno
2025-07-20,EXPRESO LA PLATA BUENOS AIRES S.A.,BSAS_LINEA_503E,SI,COLECTIVO,MUNICIPAL,BUENOS AIRES,LA PLATA,11137,NO,7,Julio,Domingo,Fin de semana,Invierno
2025-07-20,EMPRESA NUEVE DE JULIO S.A.T.,BSAS_LINEA_508C,SI,COLECTIVO,MUNICIPAL,BUENOS AIRES,LA PLATA,325,NO,7,Julio,Domingo,Fin de semana,Invierno
2025-07-20,UNION PLATENSE SRL,BSAS_LINEA_520C,SI,COLECTIVO,MUNICIPAL,BUENOS AIRES,LA PLATA,3152,NO,7,Julio,Domingo,Fin de semana,Invierno
2025-07-20,EMPRESA NUEVE DE JULIO S.A.T.,BSAS_LINEA_561B,SI,COLECTIVO,MUNICIPAL,BUENOS AIRES,LA PLATA,316,NO,7,Julio,Domingo,Fin de semana,Invierno
2025-07-20,EMPRESA NUEVE DE JULIO S.A.T.,LINEA OESTE,SI,COLECTIVO,MUNICIPAL,BUENOS AIRES,LA PLATA,19731,NO,7,Julio,Domingo,Fin de semana,Invierno
2025-07-20,FUERTE BARRAGAN S.A.T.I.C.I.,LINEA_506F_BSAS,SI,COLECTIVO,MUNICIPAL,BUENOS AIRES,LA PLATA,4059,NO,7,Julio,Domingo,Fin de semana,Invierno
2025-07-20,UNION PLATENSE SRL,NORTE MUNICIPAL,SI,COLECTIVO,MUNICIPAL,BUENOS AIRES,LA PLATA,2808,NO,7,Julio,Domingo,Fin de semana,Invierno
2025-07-21,UNION PLATENSE SRL,BSAS_LINEA_502_SUR,SI,COLECTIVO,MUNICIPAL,BUENOS AIRES,LA PLATA,7966,NO,7,Julio,Lunes,Día de semana,Invierno
2025-07-21,MICROEXPRES S.A.,BSAS_LINEA_503_ESTE,SI,COLECTIVO,MUNICIPAL,BUENOS AIRES,LA PLATA,5176,NO,7,Julio,Lunes,Día de semana,Invierno
2025-07-21,EXPRESO LA PLATA BUENOS AIRES S.A.,BSAS_LINEA_503E,SI,COLECTIVO,MUNICIPAL,BUENOS AIRES,LA PLATA,22018,NO,7,Julio,Lunes,Día de semana,Invierno
2025-07-21,EMPRESA NUEVE DE JULIO S.A.T.,BSAS_LINEA_508C,SI,COLECTIVO,MUNICIPAL,BUENOS AIRES,LA PLATA,812,NO,7,Julio,Lunes,Día de semana,Invierno
2025-07-21,EXPRESO LA PLATA BUENOS AIRES S.A.,BSAS_LINEA_518,SI,COLECTIVO,MUNICIPAL,BUENOS AIRES,LA PLATA,497,NO,7,Julio,Lunes,Día de semana,Invierno
2025-07-21,UNION PLATENSE SRL,BSAS_LINEA_520C,SI,COLECTIVO,MUNICIPAL,BUENOS AIRES,LA PLATA,9725,NO,7,Julio,Lunes,Día de semana,Invierno
2025-07-21,EMPRESA NUEVE DE JULIO S.A.T.,BSAS_LINEA_561B,SI,COLECTIVO,MUNICIPAL,BUENOS AIRES,LA PLATA,1080,NO,7,Julio,Lunes,Día de semana,Invierno
2025-07-21,EMPRESA NUEVE DE JULIO S.A.T.,LINEA OESTE,SI,COLECTIVO,MUNICIPAL,BUENOS AIRES,LA PLATA,44810,NO,7,Julio,Lunes,Día de semana,Invierno
2025-07-21,FUERTE BARRAGAN S.A.T.I.C.I.,LINEA_506F_BSAS,SI,COLECTIVO,MUNICIPAL,BUENOS AIRES,LA PLATA,8826,NO,7,Julio,Lunes,Día de semana,Invierno
2025-07-21,UNION PLATENSE SRL,NORTE MUNICIPAL,SI,COLECTIVO,MUNICIPAL,BUENOS AIRES,LA PLATA,5785,NO,7,Julio,Lunes,Día de semana,Invierno
2025-07-22,UNION PLATENSE SRL,BSAS_LINEA_502_SUR,SI,COLECTIVO,MUNICIPAL,BUENOS AIRES,LA PLATA,7632,NO,7,Julio,Martes,Día de semana,Invierno
2025-07-22,MICROEXPRES S.A.,BSAS_LINEA_503_ESTE,SI,COLECTIVO,MUNICIPAL,BUENOS AIRES,LA PLATA,5288,NO,7,Julio,Martes,Día de semana,Invierno
2025-07-22,EXPRESO LA PLATA BUENOS AIRES S.A.,BSAS_LINEA_503E,SI,COLECTIVO,MUNICIPAL,BUENOS AIRES,LA PLATA,21140,NO,7,Julio,Martes,Día de semana,Invierno
2025-07-22,EMPRESA NUEVE DE JULIO S.A.T.,BSAS_LINEA_508C,SI,COLECTIVO,MUNICIPAL,BUENOS AIRES,LA PLATA,668,NO,7,Julio,Martes,Día de semana,Invierno
2025-07-22,EXPRESO LA PLATA BUENOS AIRES S.A.,BSAS_LINEA_518,SI,COLECTIVO,MUNICIPAL,BUENOS AIRES,LA PLATA,498,NO,7,Julio,Martes,Día de semana,Invierno
2025-07-22,UNION PLATENSE SRL,BSAS_LINEA_520C,SI,COLECTIVO,MUNICIPAL,BUENOS AIRES,LA PLATA,9089,NO,7,Julio,Martes,Día de semana,Invierno
2025-07-22,EMPRESA NUEVE DE JULIO S.A.T.,BSAS_LINEA_561B,SI,COLECTIVO,MUNICIPAL,BUENOS AIRES,LA PLATA,1129,NO,7,Julio,Martes,Día de semana,Invierno
2025-07-22,EMPRESA NUEVE DE JULIO S.A.T.,LINEA OESTE,SI,COLECTIVO,MUNICIPAL,BUENOS AIRES,LA PLATA,40257,NO,7,Julio,Martes,Día de semana,Invierno
2025-07-22,FUERTE BARRAGAN S.A.T.I.C.I.,LINEA_506F_BSAS,SI,COLECTIVO,MUNICIPAL,BUENOS AIRES,LA PLATA,8558,NO,7,Julio,Martes,Día de semana,Invierno
2025-07-22,UNION PLATENSE SRL,NORTE MUNICIPAL,SI,COLECTIVO,MUNICIPAL,BUENOS AIRES,LA PLATA,5355,NO,7,Julio,Martes,Día de semana,Invierno
2025-07-23,UNION PLATENSE SRL,BSAS_LINEA_502_SUR,SI,COLECTIVO,MUNICIPAL,BUENOS AIRES,LA PLATA,7753,NO,7,Julio,Miércoles,Día de semana,Invierno
2025-07-23,MICROEXPRES S.A.,BSAS_LINEA_503_ESTE,SI,COLECTIVO,MUNICIPAL,BUENOS AIRES,LA PLATA,5537,NO,7,Julio,Miércoles,Día de semana,Invierno
2025-07-23,EXPRESO LA PLATA BUENOS AIRES S.A.,BSAS_LINEA_503E,SI,COLECTIVO,MUNICIPAL,BUENOS AIRES,LA PLATA,21062,NO,7,Julio,Miércoles,Día de semana,Invierno
2025-07-23,EMPRESA NUEVE DE JULIO S.A.T.,BSAS_LINEA_508C,SI,COLECTIVO,MUNICIPAL,BUENOS AIRES,LA PLATA,805,NO,7,Julio,Miércoles,Día de semana,Invierno
2025-07-23,EXPRESO LA PLATA BUENOS AIRES S.A.,BSAS_LINEA_518,SI,COLECTIVO,MUNICIPAL,BUENOS AIRES,LA PLATA,510,NO,7,Julio,Miércoles,Día de semana,Invierno
2025-07-23,UNION PLATENSE SRL,BSAS_LINEA_520C,SI,COLECTIVO,MUNICIPAL,BUENOS AIRES,LA PLATA,9069,NO,7,Julio,Miércoles,Día de semana,Invierno
2025-07-23,EMPRESA NUEVE DE JULIO S.A.T.,BSAS_LINEA_561B,SI,COLECTIVO,MUNICIPAL,BUENOS AIRES,LA PLATA,1060,NO,7,Julio,Miércoles,Día de semana,Invierno
2025-07-23,EMPRESA NUEVE DE JULIO S.A.T.,LINEA OESTE,SI,COLECTIVO,MUNICIPAL,BUENOS AIRES,LA PLATA,42165,NO,7,Julio,Miércoles,Día de semana,Invierno
2025-07-23,FUERTE BARRAGAN S.A.T.I.C.I.,LINEA_506F_BSAS,SI,COLECTIVO,MUNICIPAL,BUENOS AIRES,LA PLATA,8609,NO,7,Julio,Miércoles,Día de semana,Invierno
2025-07-23,UNION PLATENSE SRL,NORTE MUNICIPAL,SI,COLECTIVO,MUNICIPAL,BUENOS AIRES,LA PLATA,5598,NO,7,Julio,Miércoles,Día de semana,Invierno
2025-07-24,UNION PLATENSE SRL,BSAS_LINEA_502_SUR,SI,COLECTIVO,MUNICIPAL,BUENOS AIRES,LA PLATA,7799,NO,7,Julio,Jueves,Día de semana,Invierno
2025-07-24,MICROEXPRES S.A.,BSAS_LINEA_503_ESTE,SI,COLECTIVO,MUNICIPAL,BUENOS AIRES,LA PLATA,5596,NO,7,Julio,Jueves,Día de semana,Invierno
2025-07-24,EXPRESO LA PLATA BUENOS AIRES S.A.,BSAS_LINEA_503E,SI,COLECTIVO,MUNICIPAL,BUENOS AIRES,LA PLATA,22131,NO,7,Julio,Jueves,Día de semana,Invierno
2025-07-24,EMPRESA NUEVE DE JULIO S.A.T.,BSAS_LINEA_508C,SI,COLECTIVO,MUNICIPAL,BUENOS AIRES,LA PLATA,759,NO,7,Julio,Jueves,Día de semana,Invierno
2025-07-24,EXPRESO LA PLATA BUENOS AIRES S.A.,BSAS_LINEA_518,SI,COLECTIVO,MUNICIPAL,BUENOS AIRES,LA PLATA,558,NO,7,Julio,Jueves,Día de semana,Invierno
2025-07-24,UNION PLATENSE SRL,BSAS_LINEA_520C,SI,COLECTIVO,MUNICIPAL,BUENOS AIRES,LA PLATA,9345,NO,7,Julio,Jueves,Día de semana,Invierno
2025-07-24,EMPRESA NUEVE DE JULIO S.A.T.,BSAS_LINEA_561B,SI,COLECTIVO,MUNICIPAL,BUENOS AIRES,LA PLATA,1074,NO,7,Julio,Jueves,Día de semana,Invierno
2025-07-24,EMPRESA NUEVE DE JULIO S.A.T.,LINEA OESTE,SI,COLECTIVO,MUNICIPAL,BUENOS AIRES,LA PLATA,42583,NO,7,Julio,Jueves,Día de semana,Invierno
2025-07-24,FUERTE BARRAGAN S.A.T.I.C.I.,LINEA_506F_BSAS,SI,COLECTIVO,MUNICIPAL,BUENOS AIRES,LA PLATA,8686,NO,7,Julio,Jueves,Día de semana,Invierno
2025-07-24,UNION PLATENSE SRL,NORTE MUNICIPAL,SI,COLECTIVO,MUNICIPAL,BUENOS AIRES,LA PLATA,5509,NO,7,Julio,Jueves,Día de semana,Invierno
2025-07-25,UNION PLATENSE SRL,BSAS_LINEA_502_SUR,SI,COLECTIVO,MUNICIPAL,BUENOS AIRES,LA PLATA,6459,NO,7,Julio,Viernes,Día de semana,Invierno
2025-07-25,MICROEXPRES S.A.,BSAS_LINEA_503_ESTE,SI,COLECTIVO,MUNICIPAL,BUENOS AIRES,LA PLATA,4552,NO,7,Julio,Viernes,Día de semana,Invierno
2025-07-25,EXPRESO LA PLATA BUENOS AIRES S.A.,BSAS_LINEA_503E,SI,COLECTIVO,MUNICIPAL,BUENOS AIRES,LA PLATA,18151,NO,7,Julio,Viernes,Día de semana,Invierno
2025-07-25,EMPRESA NUEVE DE JULIO S.A.T.,BSAS_LINEA_508C,SI,COLECTIVO,MUNICIPAL,BUENOS AIRES,LA PLATA,716,NO,7,Julio,Viernes,Día de semana,Invierno
2025-07-25,EXPRESO LA PLATA BUENOS AIRES S.A.,BSAS_LINEA_518,SI,COLECTIVO,MUNICIPAL,BUENOS AIRES,LA PLATA,396,NO,7,Julio,Viernes,Día de semana,Invierno
2025-07-25,UNION PLATENSE SRL,BSAS_LINEA_520C,SI,COLECTIVO,MUNICIPAL,BUENOS AIRES,LA PLATA,7783,NO,7,Julio,Viernes,Día de semana,Invierno
2025-07-25,EMPRESA NUEVE DE JULIO S.A.T.,BSAS_LINEA_561B,SI,COLECTIVO,MUNICIPAL,BUENOS AIRES,LA PLATA,944,NO,7,Julio,Viernes,Día de semana,Invierno
2025-07-25,EMPRESA NUEVE DE JULIO S.A.T.,LINEA OESTE,SI,COLECTIVO,MUNICIPAL,BUENOS AIRES,LA PLATA,35376,NO,7,Julio,Viernes,Día de semana,Invierno
2025-07-25,FUERTE BARRAGAN S.A.T.I.C.I.,LINEA_506F_BSAS,SI,COLECTIVO,MUNICIPAL,BUENOS AIRES,LA PLATA,6688,NO,7,Julio,Viernes,Día de semana,Invierno
2025-07-25,UNION PLATENSE SRL,NORTE MUNICIPAL,SI,COLECTIVO,MUNICIPAL,BUENOS AIRES,LA PLATA,4476,NO,7,Julio,Viernes,Día de semana,Invierno
2025-07-26,UNION PLATENSE SRL,BSAS_LINEA_502_SUR,SI,COLECTIVO,MUNICIPAL,BUENOS AIRES,LA PLATA,3716,NO,7,Julio,Sábado,Fin de semana,Invierno
2025-07-26,MICROEXPRES S.A.,BSAS_LINEA_503_ESTE,SI,COLECTIVO,MUNICIPAL,BUENOS AIRES,LA PLATA,3390,NO,7,Julio,Sábado,Fin de semana,Invierno
2025-07-26,EXPRESO LA PLATA BUENOS AIRES S.A.,BSAS_LINEA_503E,SI,COLECTIVO,MUNICIPAL,BUENOS AIRES,LA PLATA,13890,NO,7,Julio,Sábado,Fin de semana,Invierno
2025-07-26,EMPRESA NUEVE DE JULIO S.A.T.,BSAS_LINEA_508C,SI,COLECTIVO,MUNICIPAL,BUENOS AIRES,LA PLATA,365,NO,7,Julio,Sábado,Fin de semana,Invierno
2025-07-26,EXPRESO LA PLATA BUENOS AIRES S.A.,BSAS_LINEA_518,SI,COLECTIVO,MUNICIPAL,BUENOS AIRES,LA PLATA,273,NO,7,Julio,Sábado,Fin de semana,Invierno
2025-07-26,UNION PLATENSE SRL,BSAS_LINEA_520C,SI,COLECTIVO,MUNICIPAL,BUENOS AIRES,LA PLATA,5112,NO,7,Julio,Sábado,Fin de semana,Invierno
2025-07-26,EMPRESA NUEVE DE JULIO S.A.T.,BSAS_LINEA_561B,SI,COLECTIVO,MUNICIPAL,BUENOS AIRES,LA PLATA,399,NO,7,Julio,Sábado,Fin de semana,Invierno
2025-07-26,EMPRESA NUEVE DE JULIO S.A.T.,LINEA OESTE,SI,COLECTIVO,MUNICIPAL,BUENOS AIRES,LA PLATA,26046,NO,7,Julio,Sábado,Fin de semana,Invierno
2025-07-26,FUERTE BARRAGAN S.A.T.I.C.I.,LINEA_506F_BSAS,SI,COLECTIVO,MUNICIPAL,BUENOS AIRES,LA PLATA,4717,NO,7,Julio,Sábado,Fin de semana,Invierno
2025-07-26,UNION PLATENSE SRL,NORTE MUNICIPAL,SI,COLECTIVO,MUNICIPAL,BUENOS AIRES,LA PLATA,2978,NO,7,Julio,Sábado,Fin de semana,Invierno
2025-07-27,UNION PLATENSE SRL,BSAS_LINEA_502_SUR,SI,COLECTIVO,MUNICIPAL,BUENOS AIRES,LA PLATA,1231,NO,7,Julio,Domingo,Fin de semana,Invierno
2025-07-27,MICROEXPRES S.A.,BSAS_LINEA_503_ESTE,SI,COLECTIVO,MUNICIPAL,BUENOS AIRES,LA PLATA,1988,NO,7,Julio,Domingo,Fin de semana,Invierno
2025-07-27,EXPRESO LA PLATA BUENOS AIRES S.A.,BSAS_LINEA_503E,SI,COLECTIVO,MUNICIPAL,BUENOS AIRES,LA PLATA,8199,NO,7,Julio,Domingo,Fin de semana,Invierno
2025-07-27,EMPRESA NUEVE DE JULIO S.A.T.,BSAS_LINEA_508C,SI,COLECTIVO,MUNICIPAL,BUENOS AIRES,LA PLATA,225,NO,7,Julio,Domingo,Fin de semana,Invierno
2025-07-27,UNION PLATENSE SRL,BSAS_LINEA_520C,SI,COLECTIVO,MUNICIPAL,BUENOS AIRES,LA PLATA,2583,NO,7,Julio,Domingo,Fin de semana,Invierno
2025-07-27,EMPRESA NUEVE DE JULIO S.A.T.,BSAS_LINEA_561B,SI,COLECTIVO,MUNICIPAL,BUENOS AIRES,LA PLATA,261,NO,7,Julio,Domingo,Fin de semana,Invierno
2025-07-27,EMPRESA NUEVE DE JULIO S.A.T.,LINEA OESTE,SI,COLECTIVO,MUNICIPAL,BUENOS AIRES,LA PLATA,14261,NO,7,Julio,Domingo,Fin de semana,Invierno
2025-07-27,FUERTE BARRAGAN S.A.T.I.C.I.,LINEA_506F_BSAS,SI,COLECTIVO,MUNICIPAL,BUENOS AIRES,LA PLATA,2826,NO,7,Julio,Domingo,Fin de semana,Invierno
2025-07-27,UNION PLATENSE SRL,NORTE MUNICIPAL,SI,COLECTIVO,MUNICIPAL,BUENOS AIRES,LA PLATA,1611,NO,7,Julio,Domingo,Fin de semana,Invierno
2025-07-28,UNION PLATENSE SRL,BSAS_LINEA_502_SUR,SI,COLECTIVO,MUNICIPAL,BUENOS AIRES,LA PLATA,7511,NO,7,Julio,Lunes,Día de semana,Invierno
2025-07-28,MICROEXPRES S.A.,BSAS_LINEA_503_ESTE,SI,COLECTIVO,MUNICIPAL,BUENOS AIRES,LA PLATA,5545,NO,7,Julio,Lunes,Día de semana,Invierno
2025-07-28,EXPRESO LA PLATA BUENOS AIRES S.A.,BSAS_LINEA_503E,SI,COLECTIVO,MUNICIPAL,BUENOS AIRES,LA PLATA,20751,NO,7,Julio,Lunes,Día de semana,Invierno
2025-07-28,EMPRESA NUEVE DE JULIO S.A.T.,BSAS_LINEA_508C,SI,COLECTIVO,MUNICIPAL,BUENOS AIRES,LA PLATA,737,NO,7,Julio,Lunes,Día de semana,Invierno
2025-07-28,EXPRESO LA PLATA BUENOS AIRES S.A.,BSAS_LINEA_518,SI,COLECTIVO,MUNICIPAL,BUENOS AIRES,LA PLATA,504,NO,7,Julio,Lunes,Día de semana,Invierno
2025-07-28,UNION PLATENSE SRL,BSAS_LINEA_520C,SI,COLECTIVO,MUNICIPAL,BUENOS AIRES,LA PLATA,9022,NO,7,Julio,Lunes,Día de semana,Invierno
2025-07-28,EMPRESA NUEVE DE JULIO S.A.T.,BSAS_LINEA_561B,SI,COLECTIVO,MUNICIPAL,BUENOS AIRES,LA PLATA,972,NO,7,Julio,Lunes,Día de semana,Invierno
2025-07-28,EMPRESA NUEVE DE JULIO S.A.T.,LINEA OESTE,SI,COLECTIVO,MUNICIPAL,BUENOS AIRES,LA PLATA,41594,NO,7,Julio,Lunes,Día de semana,Invierno
2025-07-28,FUERTE BARRAGAN S.A.T.I.C.I.,LINEA_506F_BSAS,SI,COLECTIVO,MUNICIPAL,BUENOS AIRES,LA PLATA,8465,NO,7,Julio,Lunes,Día de semana,Invierno
2025-07-28,UNION PLATENSE SRL,NORTE MUNICIPAL,SI,COLECTIVO,MUNICIPAL,BUENOS AIRES,LA PLATA,5360,NO,7,Julio,Lunes,Día de semana,Invierno
2025-07-29,UNION PLATENSE SRL,BSAS_LINEA_502_SUR,SI,COLECTIVO,MUNICIPAL,BUENOS AIRES,LA PLATA,7458,NO,7,Julio,Martes,Día de semana,Invierno
2025-07-29,MICROEXPRES S.A.,BSAS_LINEA_503_ESTE,SI,COLECTIVO,MUNICIPAL,BUENOS AIRES,LA PLATA,5794,NO,7,Julio,Martes,Día de semana,Invierno
2025-07-29,EXPRESO LA PLATA BUENOS AIRES S.A.,BSAS_LINEA_503E,SI,COLECTIVO,MUNICIPAL,BUENOS AIRES,LA PLATA,21449,NO,7,Julio,Martes,Día de semana,Invierno
2025-07-29,EMPRESA NUEVE DE JULIO S.A.T.,BSAS_LINEA_508C,SI,COLECTIVO,MUNICIPAL,BUENOS AIRES,LA PLATA,876,NO,7,Julio,Martes,Día de semana,Invierno
2025-07-29,EXPRESO LA PLATA BUENOS AIRES S.A.,BSAS_LINEA_518,SI,COLECTIVO,MUNICIPAL,BUENOS AIRES,LA PLATA,595,NO,7,Julio,Martes,Día de semana,Invierno
2025-07-29,UNION PLATENSE SRL,BSAS_LINEA_520C,SI,COLECTIVO,MUNICIPAL,BUENOS AIRES,LA PLATA,9245,NO,7,Julio,Martes,Día de semana,Invierno
2025-07-29,EMPRESA NUEVE DE JULIO S.A.T.,BSAS_LINEA_561B,SI,COLECTIVO,MUNICIPAL,BUENOS AIRES,LA PLATA,1109,NO,7,Julio,Martes,Día de semana,Invierno
2025-07-29,EMPRESA NUEVE DE JULIO S.A.T.,LINEA OESTE,SI,COLECTIVO,MUNICIPAL,BUENOS AIRES,LA PLATA,43042,NO,7,Julio,Martes,Día de semana,Invierno
2025-07-29,FUERTE BARRAGAN S.A.T.I.C.I.,LINEA_506F_BSAS,SI,COLECTIVO,MUNICIPAL,BUENOS AIRES,LA PLATA,8928,NO,7,Julio,Martes,Día de semana,Invierno
2025-07-29,UNION PLATENSE SRL,NORTE MUNICIPAL,SI,COLECTIVO,MUNICIPAL,BUENOS AIRES,LA PLATA,5696,NO,7,Julio,Martes,Día de semana,Invierno
2025-07-30,UNION PLATENSE SRL,BSAS_LINEA_502_SUR,SI,COLECTIVO,MUNICIPAL,BUENOS AIRES,LA PLATA,7763,NO,7,Julio,Miércoles,Día de semana,Invierno
2025-07-30,MICROEXPRES S.A.,BSAS_LINEA_503_ESTE,SI,COLECTIVO,MUNICIPAL,BUENOS AIRES,LA PLATA,5896,NO,7,Julio,Miércoles,Día de semana,Invierno
2025-07-30,EXPRESO LA PLATA BUENOS AIRES S.A.,BSAS_LINEA_503E,SI,COLECTIVO,MUNICIPAL,BUENOS AIRES,LA PLATA,21295,NO,7,Julio,Miércoles,Día de semana,Invierno
2025-07-30,EMPRESA NUEVE DE JULIO S.A.T.,BSAS_LINEA_508C,SI,COLECTIVO,MUNICIPAL,BUENOS AIRES,LA PLATA,821,NO,7,Julio,Miércoles,Día de semana,Invierno
2025-07-30,EXPRESO LA PLATA BUENOS AIRES S.A.,BSAS_LINEA_518,SI,COLECTIVO,MUNICIPAL,BUENOS AIRES,LA PLATA,878,NO,7,Julio,Miércoles,Día de semana,Invierno
2025-07-30,UNION PLATENSE SRL,BSAS_LINEA_520C,SI,COLECTIVO,MUNICIPAL,BUENOS AIRES,LA PLATA,9479,NO,7,Julio,Miércoles,Día de semana,Invierno
2025-07-30,EMPRESA NUEVE DE JULIO S.A.T.,BSAS_LINEA_561B,SI,COLECTIVO,MUNICIPAL,BUENOS AIRES,LA PLATA,1202,NO,7,Julio,Miércoles,Día de semana,Invierno
2025-07-30,EMPRESA NUEVE DE JULIO S.A.T.,LINEA OESTE,SI,COLECTIVO,MUNICIPAL,BUENOS AIRES,LA PLATA,43392,NO,7,Julio,Miércoles,Día de semana,Invierno
2025-07-30,FUERTE BARRAGAN S.A.T.I.C.I.,LINEA_506F_BSAS,SI,COLECTIVO,MUNICIPAL,BUENOS AIRES,LA PLATA,9233,NO,7,Julio,Miércoles,Día de semana,Invierno
2025-07-30,UNION PLATENSE SRL,NORTE MUNICIPAL,SI,COLECTIVO,MUNICIPAL,BUENOS AIRES,LA PLATA,5865,NO,7,Julio,Miércoles,Día de semana,Invierno
2025-07-31,UNION PLATENSE SRL,BSAS_LINEA_502_SUR,SI,COLECTIVO,MUNICIPAL,BUENOS AIRES,LA PLATA,7474,NO,7,Julio,Jueves,Día de semana,Invierno
2025-07-31,MICROEXPRES S.A.,BSAS_LINEA_503_ESTE,SI,COLECTIVO,MUNICIPAL,BUENOS AIRES,LA PLATA,5802,NO,7,Julio,Jueves,Día de semana,Invierno
2025-07-31,EXPRESO LA PLATA BUENOS AIRES S.A.,BSAS_LINEA_503E,SI,COLECTIVO,MUNICIPAL,BUENOS AIRES,LA PLATA,22219,NO,7,Julio,Jueves,Día de semana,Invierno
2025-07-31,EMPRESA NUEVE DE JULIO S.A.T.,BSAS_LINEA_508C,SI,COLECTIVO,MUNICIPAL,BUENOS AIRES,LA PLATA,801,NO,7,Julio,Jueves,Día de semana,Invierno
2025-07-31,EXPRESO LA PLATA BUENOS AIRES S.A.,BSAS_LINEA_518,SI,COLECTIVO,MUNICIPAL,BUENOS AIRES,LA PLATA,679,NO,7,Julio,Jueves,Día de semana,Invierno
2025-07-31,UNION PLATENSE SRL,BSAS_LINEA_520C,SI,COLECTIVO,MUNICIPAL,BUENOS AIRES,LA PLATA,9310,NO,7,Julio,Jueves,Día de semana,Invierno
2025-07-31,EMPRESA NUEVE DE JULIO S.A.T.,BSAS_LINEA_561B,SI,COLECTIVO,MUNICIPAL,BUENOS AIRES,LA PLATA,1025,NO,7,Julio,Jueves,Día de semana,Invierno
2025-07-31,EMPRESA NUEVE DE JULIO S.A.T.,LINEA OESTE,SI,COLECTIVO,MUNICIPAL,BUENOS AIRES,LA PLATA,42964,NO,7,Julio,Jueves,Día de semana,Invierno
2025-07-31,FUERTE BARRAGAN S.A.T.I.C.I.,LINEA_506F_BSAS,SI,COLECTIVO,MUNICIPAL,BUENOS AIRES,LA PLATA,8730,NO,7,Julio,Jueves,Día de semana,Invierno
2025-07-31,UNION PLATENSE SRL,NORTE MUNICIPAL,SI,COLECTIVO,MUNICIPAL,BUENOS AIRES,LA PLATA,5328,NO,7,Julio,Jueves,Día de semana,Invierno
2025-08-01,UNION PLATENSE SRL,BSAS_LINEA_502_SUR,SI,COLECTIVO,MUNICIPAL,BUENOS AIRES,LA PLATA,5030,NO,8,Agosto,Viernes,Día de semana,Invierno
2025-08-01,MICROEXPRES S.A.,BSAS_LINEA_503_ESTE,SI,COLECTIVO,MUNICIPAL,BUENOS AIRES,LA PLATA,3695,NO,8,Agosto,Viernes,Día de semana,Invierno
2025-08-01,EXPRESO LA PLATA BUENOS AIRES S.A.,BSAS_LINEA_503E,SI,COLECTIVO,MUNICIPAL,BUENOS AIRES,LA PLATA,14378,NO,8,Agosto,Viernes,Día de semana,Invierno
2025-08-01,EMPRESA NUEVE DE JULIO S.A.T.,BSAS_LINEA_508C,SI,COLECTIVO,MUNICIPAL,BUENOS AIRES,LA PLATA,382,NO,8,Agosto,Viernes,Día de semana,Invierno
2025-08-01,EXPRESO LA PLATA BUENOS AIRES S.A.,BSAS_LINEA_518,SI,COLECTIVO,MUNICIPAL,BUENOS AIRES,LA PLATA,309,NO,8,Agosto,Viernes,Día de semana,Invierno
2025-08-01,UNION PLATENSE SRL,BSAS_LINEA_520C,SI,COLECTIVO,MUNICIPAL,BUENOS AIRES,LA PLATA,6257,NO,8,Agosto,Viernes,Día de semana,Invierno
2025-08-01,EMPRESA NUEVE DE JULIO S.A.T.,BSAS_LINEA_561B,SI,COLECTIVO,MUNICIPAL,BUENOS AIRES,LA PLATA,660,NO,8,Agosto,Viernes,Día de semana,Invierno
2025-08-01,EMPRESA NUEVE DE JULIO S.A.T.,LINEA OESTE,SI,COLECTIVO,MUNICIPAL,BUENOS AIRES,LA PLATA,27349,NO,8,Agosto,Viernes,Día de semana,Invierno
2025-08-01,FUERTE BARRAGAN S.A.T.I.C.I.,LINEA_506F_BSAS,SI,COLECTIVO,MUNICIPAL,BUENOS AIRES,LA PLATA,5469,NO,8,Agosto,Viernes,Día de semana,Invierno
2025-08-01,UNION PLATENSE SRL,NORTE MUNICIPAL,SI,COLECTIVO,MUNICIPAL,BUENOS AIRES,LA PLATA,3522,NO,8,Agosto,Viernes,Día de semana,Invierno
2025-08-02,UNION PLATENSE SRL,BSAS_LINEA_502_SUR,SI,COLECTIVO,MUNICIPAL,BUENOS AIRES,LA PLATA,4342,NO,8,Agosto,Sábado,Fin de semana,Invierno
2025-08-02,MICROEXPRES S.A.,BSAS_LINEA_503_ESTE,SI,COLECTIVO,MUNICIPAL,BUENOS AIRES,LA PLATA,4004,NO,8,Agosto,Sábado,Fin de semana,Invierno
2025-08-02,EXPRESO LA PLATA BUENOS AIRES S.A.,BSAS_LINEA_503E,SI,COLECTIVO,MUNICIPAL,BUENOS AIRES,LA PLATA,15649,NO,8,Agosto,Sábado,Fin de semana,Invierno
2025-08-02,EMPRESA NUEVE DE JULIO S.A.T.,BSAS_LINEA_508C,SI,COLECTIVO,MUNICIPAL,BUENOS AIRES,LA PLATA,498,NO,8,Agosto,Sábado,Fin de semana,Invierno
2025-08-02,EXPRESO LA PLATA BUENOS AIRES S.A.,BSAS_LINEA_518,SI,COLECTIVO,MUNICIPAL,BUENOS AIRES,LA PLATA,447,NO,8,Agosto,Sábado,Fin de semana,Invierno
2025-08-02,UNION PLATENSE SRL,BSAS_LINEA_520C,SI,COLECTIVO,MUNICIPAL,BUENOS AIRES,LA PLATA,5844,NO,8,Agosto,Sábado,Fin de semana,Invierno
2025-08-02,EMPRESA NUEVE DE JULIO S.A.T.,BSAS_LINEA_561B,SI,COLECTIVO,MUNICIPAL,BUENOS AIRES,LA PLATA,431,NO,8,Agosto,Sábado,Fin de semana,Invierno
2025-08-02,EMPRESA NUEVE DE JULIO S.A.T.,LINEA OESTE,SI,COLECTIVO,MUNICIPAL,BUENOS AIRES,LA PLATA,29449,NO,8,Agosto,Sábado,Fin de semana,Invierno
2025-08-02,FUERTE BARRAGAN S.A.T.I.C.I.,LINEA_506F_BSAS,SI,COLECTIVO,MUNICIPAL,BUENOS AIRES,LA PLATA,5005,NO,8,Agosto,Sábado,Fin de semana,Invierno
2025-08-02,UNION PLATENSE SRL,NORTE MUNICIPAL,SI,COLECTIVO,MUNICIPAL,BUENOS AIRES,LA PLATA,3499,NO,8,Agosto,Sábado,Fin de semana,Invierno
2025-08-03,UNION PLATENSE SRL,BSAS_LINEA_502_SUR,SI,COLECTIVO,MUNICIPAL,BUENOS AIRES,LA PLATA,1579,NO,8,Agosto,Domingo,Fin de semana,Invierno
2025-08-03,MICROEXPRES S.A.,BSAS_LINEA_503_ESTE,SI,COLECTIVO,MUNICIPAL,BUENOS AIRES,LA PLATA,2418,NO,8,Agosto,Domingo,Fin de semana,Invierno
2025-08-03,EXPRESO LA PLATA BUENOS AIRES S.A.,BSAS_LINEA_503E,SI,COLECTIVO,MUNICIPAL,BUENOS AIRES,LA PLATA,9844,NO,8,Agosto,Domingo,Fin de semana,Invierno
2025-08-03,EMPRESA NUEVE DE JULIO S.A.T.,BSAS_LINEA_508C,SI,COLECTIVO,MUNICIPAL,BUENOS AIRES,LA PLATA,281,NO,8,Agosto,Domingo,Fin de semana,Invierno
2025-08-03,UNION PLATENSE SRL,BSAS_LINEA_520C,SI,COLECTIVO,MUNICIPAL,BUENOS AIRES,LA PLATA,3112,NO,8,Agosto,Domingo,Fin de semana,Invierno
2025-08-03,EMPRESA NUEVE DE JULIO S.A.T.,BSAS_LINEA_561B,SI,COLECTIVO,MUNICIPAL,BUENOS AIRES,LA PLATA,386,NO,8,Agosto,Domingo,Fin de semana,Invierno
2025-08-03,EMPRESA NUEVE DE JULIO S.A.T.,LINEA OESTE,SI,COLECTIVO,MUNICIPAL,BUENOS AIRES,LA PLATA,18522,NO,8,Agosto,Domingo,Fin de semana,Invierno
2025-08-03,FUERTE BARRAGAN S.A.T.I.C.I.,LINEA_506F_BSAS,SI,COLECTIVO,MUNICIPAL,BUENOS AIRES,LA PLATA,3805,NO,8,Agosto,Domingo,Fin de semana,Invierno
2025-08-03,UNION PLATENSE SRL,NORTE MUNICIPAL,SI,COLECTIVO,MUNICIPAL,BUENOS AIRES,LA PLATA,2143,NO,8,Agosto,Domingo,Fin de semana,Invierno
2025-08-04,UNION PLATENSE SRL,BSAS_LINEA_502_SUR,SI,COLECTIVO,MUNICIPAL,BUENOS AIRES,LA PLATA,12634,NO,8,Agosto,Lunes,Día de semana,Invierno
2025-08-04,MICROEXPRES S.A.,BSAS_LINEA_503_ESTE,SI,COLECTIVO,MUNICIPAL,BUENOS AIRES,LA PLATA,8036,NO,8,Agosto,Lunes,Día de semana,Invierno
2025-08-04,EXPRESO LA PLATA BUENOS AIRES S.A.,BSAS_LINEA_503E,SI,COLECTIVO,MUNICIPAL,BUENOS AIRES,LA PLATA,33115,NO,8,Agosto,Lunes,Día de semana,Invierno
2025-08-04,EMPRESA NUEVE DE JULIO S.A.T.,BSAS_LINEA_508C,SI,COLECTIVO,MUNICIPAL,BUENOS AIRES,LA PLATA,1438,NO,8,Agosto,Lunes,Día de semana,Invierno
2025-08-04,EXPRESO LA PLATA BUENOS AIRES S.A.,BSAS_LINEA_518,SI,COLECTIVO,MUNICIPAL,BUENOS AIRES,LA PLATA,916,NO,8,Agosto,Lunes,Día de semana,Invierno
2025-08-04,UNION PLATENSE SRL,BSAS_LINEA_520C,SI,COLECTIVO,MUNICIPAL,BUENOS AIRES,LA PLATA,14959,NO,8,Agosto,Lunes,Día de semana,Invierno
2025-08-04,EMPRESA NUEVE DE JULIO S.A.T.,BSAS_LINEA_561B,SI,COLECTIVO,MUNICIPAL,BUENOS AIRES,LA PLATA,1676,NO,8,Agosto,Lunes,Día de semana,Invierno
2025-08-04,EMPRESA NUEVE DE JULIO S.A.T.,LINEA OESTE,SI,COLECTIVO,MUNICIPAL,BUENOS AIRES,LA PLATA,66703,NO,8,Agosto,Lunes,Día de semana,Invierno
2025-08-04,FUERTE BARRAGAN S.A.T.I.C.I.,LINEA_506F_BSAS,SI,COLECTIVO,MUNICIPAL,BUENOS AIRES,LA PLATA,12472,NO,8,Agosto,Lunes,Día de semana,Invierno
2025-08-04,UNION PLATENSE SRL,NORTE MUNICIPAL,SI,COLECTIVO,MUNICIPAL,BUENOS AIRES,LA PLATA,16280,NO,8,Agosto,Lunes,Día de semana,Invierno
2025-08-05,UNION PLATENSE SRL,BSAS_LINEA_502_SUR,SI,COLECTIVO,MUNICIPAL,BUENOS AIRES,LA PLATA,12869,NO,8,Agosto,Martes,Día de semana,Invierno
2025-08-05,MICROEXPRES S.A.,BSAS_LINEA_503_ESTE,SI,COLECTIVO,MUNICIPAL,BUENOS AIRES,LA PLATA,8344,NO,8,Agosto,Martes,Día de semana,Invierno
2025-08-05,EXPRESO LA PLATA BUENOS AIRES S.A.,BSAS_LINEA_503E,SI,COLECTIVO,MUNICIPAL,BUENOS AIRES,LA PLATA,33737,NO,8,Agosto,Martes,Día de semana,Invierno
2025-08-05,EMPRESA NUEVE DE JULIO S.A.T.,BSAS_LINEA_508C,SI,COLECTIVO,MUNICIPAL,BUENOS AIRES,LA PLATA,1435,NO,8,Agosto,Martes,Día de semana,Invierno
2025-08-05,EXPRESO LA PLATA BUENOS AIRES S.A.,BSAS_LINEA_518,SI,COLECTIVO,MUNICIPAL,BUENOS AIRES,LA PLATA,858,NO,8,Agosto,Martes,Día de semana,Invierno
2025-08-05,UNION PLATENSE SRL,BSAS_LINEA_520C,SI,COLECTIVO,MUNICIPAL,BUENOS AIRES,LA PLATA,15336,NO,8,Agosto,Martes,Día de semana,Invierno
2025-08-05,EMPRESA NUEVE DE JULIO S.A.T.,BSAS_LINEA_561B,SI,COLECTIVO,MUNICIPAL,BUENOS AIRES,LA PLATA,1565,NO,8,Agosto,Martes,Día de semana,Invierno
2025-08-05,EMPRESA NUEVE DE JULIO S.A.T.,LINEA OESTE,SI,COLECTIVO,MUNICIPAL,BUENOS AIRES,LA PLATA,67951,NO,8,Agosto,Martes,Día de semana,Invierno
2025-08-05,FUERTE BARRAGAN S.A.T.I.C.I.,LINEA_506F_BSAS,SI,COLECTIVO,MUNICIPAL,BUENOS AIRES,LA PLATA,12794,NO,8,Agosto,Martes,Día de semana,Invierno
2025-08-05,UNION PLATENSE SRL,NORTE MUNICIPAL,SI,COLECTIVO,MUNICIPAL,BUENOS AIRES,LA PLATA,17172,NO,8,Agosto,Martes,Día de semana,Invierno
2025-08-06,UNION PLATENSE SRL,BSAS_LINEA_502_SUR,SI,COLECTIVO,MUNICIPAL,BUENOS AIRES,LA PLATA,12773,NO,8,Agosto,Miércoles,Día de semana,Invierno
2025-08-06,MICROEXPRES S.A.,BSAS_LINEA_503_ESTE,SI,COLECTIVO,MUNICIPAL,BUENOS AIRES,LA PLATA,8635,NO,8,Agosto,Miércoles,Día de semana,Invierno
2025-08-06,EXPRESO LA PLATA BUENOS AIRES S.A.,BSAS_LINEA_503E,SI,COLECTIVO,MUNICIPAL,BUENOS AIRES,LA PLATA,33670,NO,8,Agosto,Miércoles,Día de semana,Invierno
2025-08-06,EMPRESA NUEVE DE JULIO S.A.T.,BSAS_LINEA_508C,SI,COLECTIVO,MUNICIPAL,BUENOS AIRES,LA PLATA,1227,NO,8,Agosto,Miércoles,Día de semana,Invierno
2025-08-06,EXPRESO LA PLATA BUENOS AIRES S.A.,BSAS_LINEA_518,SI,COLECTIVO,MUNICIPAL,BUENOS AIRES,LA PLATA,894,NO,8,Agosto,Miércoles,Día de semana,Invierno
2025-08-06,UNION PLATENSE SRL,BSAS_LINEA_520C,SI,COLECTIVO,MUNICIPAL,BUENOS AIRES,LA PLATA,20375,NO,8,Agosto,Miércoles,Día de semana,Invierno
2025-08-06,EMPRESA NUEVE DE JULIO S.A.T.,BSAS_LINEA_561B,SI,COLECTIVO,MUNICIPAL,BUENOS AIRES,LA PLATA,1672,NO,8,Agosto,Miércoles,Día de semana,Invierno
2025-08-06,EMPRESA NUEVE DE JULIO S.A.T.,LINEA OESTE,SI,COLECTIVO,MUNICIPAL,BUENOS AIRES,LA PLATA,69306,NO,8,Agosto,Miércoles,Día de semana,Invierno
2025-08-06,FUERTE BARRAGAN S.A.T.I.C.I.,LINEA_506F_BSAS,SI,COLECTIVO,MUNICIPAL,BUENOS AIRES,LA PLATA,13340,NO,8,Agosto,Miércoles,Día de semana,Invierno
2025-08-06,UNION PLATENSE SRL,NORTE MUNICIPAL,SI,COLECTIVO,MUNICIPAL,BUENOS AIRES,LA PLATA,17115,NO,8,Agosto,Miércoles,Día de semana,Invierno
2025-08-07,UNION PLATENSE SRL,BSAS_LINEA_502_SUR,SI,COLECTIVO,MUNICIPAL,BUENOS AIRES,LA PLATA,13438,NO,8,Agosto,Jueves,Día de semana,Invierno
2025-08-07,MICROEXPRES S.A.,BSAS_LINEA_503_ESTE,SI,COLECTIVO,MUNICIPAL,BUENOS AIRES,LA PLATA,8231,NO,8,Agosto,Jueves,Día de semana,Invierno
2025-08-07,EXPRESO LA PLATA BUENOS AIRES S.A.,BSAS_LINEA_503E,SI,COLECTIVO,MUNICIPAL,BUENOS AIRES,LA PLATA,32903,NO,8,Agosto,Jueves,Día de semana,Invierno
2025-08-07,EMPRESA NUEVE DE JULIO S.A.T.,BSAS_LINEA_508C,SI,COLECTIVO,MUNICIPAL,BUENOS AIRES,LA PLATA,1412,NO,8,Agosto,Jueves,Día de semana,Invierno
2025-08-07,EXPRESO LA PLATA BUENOS AIRES S.A.,BSAS_LINEA_518,SI,COLECTIVO,MUNICIPAL,BUENOS AIRES,LA PLATA,903,NO,8,Agosto,Jueves,Día de semana,Invierno
2025-08-07,UNION PLATENSE SRL,BSAS_LINEA_520C,SI,COLECTIVO,MUNICIPAL,BUENOS AIRES,LA PLATA,13994,NO,8,Agosto,Jueves,Día de semana,Invierno
2025-08-07,EMPRESA NUEVE DE JULIO S.A.T.,BSAS_LINEA_561B,SI,COLECTIVO,MUNICIPAL,BUENOS AIRES,LA PLATA,1593,NO,8,Agosto,Jueves,Día de semana,Invierno
2025-08-07,EMPRESA NUEVE DE JULIO S.A.T.,LINEA OESTE,SI,COLECTIVO,MUNICIPAL,BUENOS AIRES,LA PLATA,66151,NO,8,Agosto,Jueves,Día de semana,Invierno
2025-08-07,FUERTE BARRAGAN S.A.T.I.C.I.,LINEA_506F_BSAS,SI,COLECTIVO,MUNICIPAL,BUENOS AIRES,LA PLATA,12636,NO,8,Agosto,Jueves,Día de semana,Invierno
2025-08-07,UNION PLATENSE SRL,NORTE MUNICIPAL,SI,COLECTIVO,MUNICIPAL,BUENOS AIRES,LA PLATA,17024,NO,8,Agosto,Jueves,Día de semana,Invierno
2025-08-08,UNION PLATENSE SRL,BSAS_LINEA_502_SUR,SI,COLECTIVO,MUNICIPAL,BUENOS AIRES,LA PLATA,12164,NO,8,Agosto,Viernes,Día de semana,Invierno
2025-08-08,MICROEXPRES S.A.,BSAS_LINEA_503_ESTE,SI,COLECTIVO,MUNICIPAL,BUENOS AIRES,LA PLATA,8293,NO,8,Agosto,Viernes,Día de semana,Invierno
2025-08-08,EXPRESO LA PLATA BUENOS AIRES S.A.,BSAS_LINEA_503E,SI,COLECTIVO,MUNICIPAL,BUENOS AIRES,LA PLATA,31543,NO,8,Agosto,Viernes,Día de semana,Invierno
2025-08-08,EMPRESA NUEVE DE JULIO S.A.T.,BSAS_LINEA_508C,SI,COLECTIVO,MUNICIPAL,BUENOS AIRES,LA PLATA,1322,NO,8,Agosto,Viernes,Día de semana,Invierno
2025-08-08,EXPRESO LA PLATA BUENOS AIRES S.A.,BSAS_LINEA_518,SI,COLECTIVO,MUNICIPAL,BUENOS AIRES,LA PLATA,849,NO,8,Agosto,Viernes,Día de semana,Invierno
2025-08-08,UNION PLATENSE SRL,BSAS_LINEA_520C,SI,COLECTIVO,MUNICIPAL,BUENOS AIRES,LA PLATA,13508,NO,8,Agosto,Viernes,Día de semana,Invierno
2025-08-08,EMPRESA NUEVE DE JULIO S.A.T.,BSAS_LINEA_561B,SI,COLECTIVO,MUNICIPAL,BUENOS AIRES,LA PLATA,1595,NO,8,Agosto,Viernes,Día de semana,Invierno
2025-08-08,EMPRESA NUEVE DE JULIO S.A.T.,LINEA OESTE,SI,COLECTIVO,MUNICIPAL,BUENOS AIRES,LA PLATA,66284,NO,8,Agosto,Viernes,Día de semana,Invierno
2025-08-08,FUERTE BARRAGAN S.A.T.I.C.I.,LINEA_506F_BSAS,SI,COLECTIVO,MUNICIPAL,BUENOS AIRES,LA PLATA,12809,NO,8,Agosto,Viernes,Día de semana,Invierno
2025-08-08,UNION PLATENSE SRL,NORTE MUNICIPAL,SI,COLECTIVO,MUNICIPAL,BUENOS AIRES,LA PLATA,16854,NO,8,Agosto,Viernes,Día de semana,Invierno
2025-08-09,UNION PLATENSE SRL,BSAS_LINEA_502_SUR,SI,COLECTIVO,MUNICIPAL,BUENOS AIRES,LA PLATA,4492,NO,8,Agosto,Sábado,Fin de semana,Invierno
2025-08-09,MICROEXPRES S.A.,BSAS_LINEA_503_ESTE,SI,COLECTIVO,MUNICIPAL,BUENOS AIRES,LA PLATA,4266,NO,8,Agosto,Sábado,Fin de semana,Invierno
2025-08-09,EXPRESO LA PLATA BUENOS AIRES S.A.,BSAS_LINEA_503E,SI,COLECTIVO,MUNICIPAL,BUENOS AIRES,LA PLATA,17259,NO,8,Agosto,Sábado,Fin de semana,Invierno
2025-08-09,EMPRESA NUEVE DE JULIO S.A.T.,BSAS_LINEA_508C,SI,COLECTIVO,MUNICIPAL,BUENOS AIRES,LA PLATA,461,NO,8,Agosto,Sábado,Fin de semana,Invierno
2025-08-09,EXPRESO LA PLATA BUENOS AIRES S.A.,BSAS_LINEA_518,SI,COLECTIVO,MUNICIPAL,BUENOS AIRES,LA PLATA,439,NO,8,Agosto,Sábado,Fin de semana,Invierno
2025-08-09,UNION PLATENSE SRL,BSAS_LINEA_520C,SI,COLECTIVO,MUNICIPAL,BUENOS AIRES,LA PLATA,5867,NO,8,Agosto,Sábado,Fin de semana,Invierno
2025-08-09,EMPRESA NUEVE DE JULIO S.A.T.,BSAS_LINEA_561B,SI,COLECTIVO,MUNICIPAL,BUENOS AIRES,LA PLATA,556,NO,8,Agosto,Sábado,Fin de semana,Invierno
2025-08-09,EMPRESA NUEVE DE JULIO S.A.T.,LINEA OESTE,SI,COLECTIVO,MUNICIPAL,BUENOS AIRES,LA PLATA,31110,NO,8,Agosto,Sábado,Fin de semana,Invierno
2025-08-09,FUERTE BARRAGAN S.A.T.I.C.I.,LINEA_506F_BSAS,SI,COLECTIVO,MUNICIPAL,BUENOS AIRES,LA PLATA,5604,NO,8,Agosto,Sábado,Fin de semana,Invierno
2025-08-09,UNION PLATENSE SRL,NORTE MUNICIPAL,SI,COLECTIVO,MUNICIPAL,BUENOS AIRES,LA PLATA,5803,NO,8,Agosto,Sábado,Fin de semana,Invierno
2025-08-10,UNION PLATENSE SRL,BSAS_LINEA_502_SUR,SI,COLECTIVO,MUNICIPAL,BUENOS AIRES,LA PLATA,1639,NO,8,Agosto,Domingo,Fin de semana,Invierno
2025-08-10,MICROEXPRES S.A.,BSAS_LINEA_503_ESTE,SI,COLECTIVO,MUNICIPAL,BUENOS AIRES,LA PLATA,2970,NO,8,Agosto,Domingo,Fin de semana,Invierno
2025-08-10,EXPRESO LA PLATA BUENOS AIRES S.A.,BSAS_LINEA_503E,SI,COLECTIVO,MUNICIPAL,BUENOS AIRES,LA PLATA,10541,NO,8,Agosto,Domingo,Fin de semana,Invierno
2025-08-10,EMPRESA NUEVE DE JULIO S.A.T.,BSAS_LINEA_508C,SI,COLECTIVO,MUNICIPAL,BUENOS AIRES,LA PLATA,348,NO,8,Agosto,Domingo,Fin de semana,Invierno
2025-08-10,UNION PLATENSE SRL,BSAS_LINEA_520C,SI,COLECTIVO,MUNICIPAL,BUENOS AIRES,LA PLATA,2667,NO,8,Agosto,Domingo,Fin de semana,Invierno
2025-08-10,EMPRESA NUEVE DE JULIO S.A.T.,BSAS_LINEA_561B,SI,COLECTIVO,MUNICIPAL,BUENOS AIRES,LA PLATA,376,NO,8,Agosto,Domingo,Fin de semana,Invierno
2025-08-10,EMPRESA NUEVE DE JULIO S.A.T.,LINEA OESTE,SI,COLECTIVO,MUNICIPAL,BUENOS AIRES,LA PLATA,18537,NO,8,Agosto,Domingo,Fin de semana,Invierno
2025-08-10,FUERTE BARRAGAN S.A.T.I.C.I.,LINEA_506F_BSAS,SI,COLECTIVO,MUNICIPAL,BUENOS AIRES,LA PLATA,4067,NO,8,Agosto,Domingo,Fin de semana,Invierno
2025-08-10,UNION PLATENSE SRL,NORTE MUNICIPAL,SI,COLECTIVO,MUNICIPAL,BUENOS AIRES,LA PLATA,3209,NO,8,Agosto,Domingo,Fin de semana,Invierno
2025-08-11,UNION PLATENSE SRL,BSAS_LINEA_502_SUR,SI,COLECTIVO,MUNICIPAL,BUENOS AIRES,LA PLATA,12492,NO,8,Agosto,Lunes,Día de semana,Invierno
2025-08-11,MICROEXPRES S.A.,BSAS_LINEA_503_ESTE,SI,COLECTIVO,MUNICIPAL,BUENOS AIRES,LA PLATA,8413,NO,8,Agosto,Lunes,Día de semana,Invierno
2025-08-11,EXPRESO LA PLATA BUENOS AIRES S.A.,BSAS_LINEA_503E,SI,COLECTIVO,MUNICIPAL,BUENOS AIRES,LA PLATA,32363,NO,8,Agosto,Lunes,Día de semana,Invierno
2025-08-11,EMPRESA NUEVE DE JULIO S.A.T.,BSAS_LINEA_508C,SI,COLECTIVO,MUNICIPAL,BUENOS AIRES,LA PLATA,1389,NO,8,Agosto,Lunes,Día de semana,Invierno
2025-08-11,EXPRESO LA PLATA BUENOS AIRES S.A.,BSAS_LINEA_518,SI,COLECTIVO,MUNICIPAL,BUENOS AIRES,LA PLATA,912,NO,8,Agosto,Lunes,Día de semana,Invierno
2025-08-11,UNION PLATENSE SRL,BSAS_LINEA_520C,SI,COLECTIVO,MUNICIPAL,BUENOS AIRES,LA PLATA,14366,NO,8,Agosto,Lunes,Día de semana,Invierno
2025-08-11,EMPRESA NUEVE DE JULIO S.A.T.,BSAS_LINEA_561B,SI,COLECTIVO,MUNICIPAL,BUENOS AIRES,LA PLATA,1677,NO,8,Agosto,Lunes,Día de semana,Invierno
2025-08-11,EMPRESA NUEVE DE JULIO S.A.T.,LINEA OESTE,SI,COLECTIVO,MUNICIPAL,BUENOS AIRES,LA PLATA,68001,NO,8,Agosto,Lunes,Día de semana,Invierno
2025-08-11,FUERTE BARRAGAN S.A.T.I.C.I.,LINEA_506F_BSAS,SI,COLECTIVO,MUNICIPAL,BUENOS AIRES,LA PLATA,13274,NO,8,Agosto,Lunes,Día de semana,Invierno
2025-08-11,UNION PLATENSE SRL,NORTE MUNICIPAL,SI,COLECTIVO,MUNICIPAL,BUENOS AIRES,LA PLATA,15956,NO,8,Agosto,Lunes,Día de semana,Invierno
2025-08-12,UNION PLATENSE SRL,BSAS_LINEA_502_SUR,SI,COLECTIVO,MUNICIPAL,BUENOS AIRES,LA PLATA,12940,NO,8,Agosto,Martes,Día de semana,Invierno
2025-08-12,MICROEXPRES S.A.,BSAS_LINEA_503_ESTE,SI,COLECTIVO,MUNICIPAL,BUENOS AIRES,LA PLATA,8700,NO,8,Agosto,Martes,Día de semana,Invierno
2025-08-12,EXPRESO LA PLATA BUENOS AIRES S.A.,BSAS_LINEA_503E,SI,COLECTIVO,MUNICIPAL,BUENOS AIRES,LA PLATA,33344,NO,8,Agosto,Martes,Día de semana,Invierno
2025-08-12,EMPRESA NUEVE DE JULIO S.A.T.,BSAS_LINEA_508C,SI,COLECTIVO,MUNICIPAL,BUENOS AIRES,LA PLATA,1106,NO,8,Agosto,Martes,Día de semana,Invierno
2025-08-12,EXPRESO LA PLATA BUENOS AIRES S.A.,BSAS_LINEA_518,SI,COLECTIVO,MUNICIPAL,BUENOS AIRES,LA PLATA,924,NO,8,Agosto,Martes,Día de semana,Invierno
2025-08-12,UNION PLATENSE SRL,BSAS_LINEA_520C,SI,COLECTIVO,MUNICIPAL,BUENOS AIRES,LA PLATA,14388,NO,8,Agosto,Martes,Día de semana,Invierno
2025-08-12,EMPRESA NUEVE DE JULIO S.A.T.,BSAS_LINEA_561B,SI,COLECTIVO,MUNICIPAL,BUENOS AIRES,LA PLATA,1718,NO,8,Agosto,Martes,Día de semana,Invierno
2025-08-12,EMPRESA NUEVE DE JULIO S.A.T.,LINEA OESTE,SI,COLECTIVO,MUNICIPAL,BUENOS AIRES,LA PLATA,69218,NO,8,Agosto,Martes,Día de semana,Invierno
2025-08-12,FUERTE BARRAGAN S.A.T.I.C.I.,LINEA_506F_BSAS,SI,COLECTIVO,MUNICIPAL,BUENOS AIRES,LA PLATA,13602,NO,8,Agosto,Martes,Día de semana,Invierno
2025-08-12,UNION PLATENSE SRL,NORTE MUNICIPAL,SI,COLECTIVO,MUNICIPAL,BUENOS AIRES,LA PLATA,15217,NO,8,Agosto,Martes,Día de semana,Invierno
2025-08-13,UNION PLATENSE SRL,BSAS_LINEA_502_SUR,SI,COLECTIVO,MUNICIPAL,BUENOS AIRES,LA PLATA,12885,NO,8,Agosto,Miércoles,Día de semana,Invierno
2025-08-13,MICROEXPRES S.A.,BSAS_LINEA_503_ESTE,SI,COLECTIVO,MUNICIPAL,BUENOS AIRES,LA PLATA,8315,NO,8,Agosto,Miércoles,Día de semana,Invierno
2025-08-13,EXPRESO LA PLATA BUENOS AIRES S.A.,BSAS_LINEA_503E,SI,COLECTIVO,MUNICIPAL,BUENOS AIRES,LA PLATA,33344,NO,8,Agosto,Miércoles,Día de semana,Invierno
2025-08-13,EMPRESA NUEVE DE JULIO S.A.T.,BSAS_LINEA_508C,SI,COLECTIVO,MUNICIPAL,BUENOS AIRES,LA PLATA,1218,NO,8,Agosto,Miércoles,Día de semana,Invierno
2025-08-13,EXPRESO LA PLATA BUENOS AIRES S.A.,BSAS_LINEA_518,SI,COLECTIVO,MUNICIPAL,BUENOS AIRES,LA PLATA,957,NO,8,Agosto,Miércoles,Día de semana,Invierno
2025-08-13,UNION PLATENSE SRL,BSAS_LINEA_520C,SI,COLECTIVO,MUNICIPAL,BUENOS AIRES,LA PLATA,14389,NO,8,Agosto,Miércoles,Día de semana,Invierno
2025-08-13,EMPRESA NUEVE DE JULIO S.A.T.,BSAS_LINEA_561B,SI,COLECTIVO,MUNICIPAL,BUENOS AIRES,LA PLATA,1713,NO,8,Agosto,Miércoles,Día de semana,Invierno
2025-08-13,EMPRESA NUEVE DE JULIO S.A.T.,LINEA OESTE,SI,COLECTIVO,MUNICIPAL,BUENOS AIRES,LA PLATA,70245,NO,8,Agosto,Miércoles,Día de semana,Invierno
2025-08-13,FUERTE BARRAGAN S.A.T.I.C.I.,LINEA_506F_BSAS,SI,COLECTIVO,MUNICIPAL,BUENOS AIRES,LA PLATA,13554,NO,8,Agosto,Miércoles,Día de semana,Invierno
2025-08-13,UNION PLATENSE SRL,NORTE MUNICIPAL,SI,COLECTIVO,MUNICIPAL,BUENOS AIRES,LA PLATA,16417,NO,8,Agosto,Miércoles,Día de semana,Invierno
2025-08-14,UNION PLATENSE SRL,BSAS_LINEA_502_SUR,SI,COLECTIVO,MUNICIPAL,BUENOS AIRES,LA PLATA,12796,NO,8,Agosto,Jueves,Día de semana,Invierno
2025-08-14,MICROEXPRES S.A.,BSAS_LINEA_503_ESTE,SI,COLECTIVO,MUNICIPAL,BUENOS AIRES,LA PLATA,8454,NO,8,Agosto,Jueves,Día de semana,Invierno
2025-08-14,EXPRESO LA PLATA BUENOS AIRES S.A.,BSAS_LINEA_503E,SI,COLECTIVO,MUNICIPAL,BUENOS AIRES,LA PLATA,33652,NO,8,Agosto,Jueves,Día de semana,Invierno
2025-08-14,EMPRESA NUEVE DE JULIO S.A.T.,BSAS_LINEA_508C,SI,COLECTIVO,MUNICIPAL,BUENOS AIRES,LA PLATA,1285,NO,8,Agosto,Jueves,Día de semana,Invierno
2025-08-14,EXPRESO LA PLATA BUENOS AIRES S.A.,BSAS_LINEA_518,SI,COLECTIVO,MUNICIPAL,BUENOS AIRES,LA PLATA,839,NO,8,Agosto,Jueves,Día de semana,Invierno
2025-08-14,UNION PLATENSE SRL,BSAS_LINEA_520C,SI,COLECTIVO,MUNICIPAL,BUENOS AIRES,LA PLATA,14313,NO,8,Agosto,Jueves,Día de semana,Invierno
2025-08-14,EMPRESA NUEVE DE JULIO S.A.T.,BSAS_LINEA_561B,SI,COLECTIVO,MUNICIPAL,BUENOS AIRES,LA PLATA,1827,NO,8,Agosto,Jueves,Día de semana,Invierno
2025-08-14,EMPRESA NUEVE DE JULIO S.A.T.,LINEA OESTE,SI,COLECTIVO,MUNICIPAL,BUENOS AIRES,LA PLATA,68836,NO,8,Agosto,Jueves,Día de semana,Invierno
2025-08-14,FUERTE BARRAGAN S.A.T.I.C.I.,LINEA_506F_BSAS,SI,COLECTIVO,MUNICIPAL,BUENOS AIRES,LA PLATA,13257,NO,8,Agosto,Jueves,Día de semana,Invierno
2025-08-14,UNION PLATENSE SRL,NORTE MUNICIPAL,SI,COLECTIVO,MUNICIPAL,BUENOS AIRES,LA PLATA,17369,NO,8,Agosto,Jueves,Día de semana,Invierno
2025-08-15,UNION PLATENSE SRL,BSAS_LINEA_502_SUR,SI,COLECTIVO,MUNICIPAL,BUENOS AIRES,LA PLATA,4101,NO,8,Agosto,Viernes,Día de semana,Invierno
2025-08-15,MICROEXPRES S.A.,BSAS_LINEA_503_ESTE,SI,COLECTIVO,MUNICIPAL,BUENOS AIRES,LA PLATA,4231,NO,8,Agosto,Viernes,Día de semana,Invierno
2025-08-15,EXPRESO LA PLATA BUENOS AIRES S.A.,BSAS_LINEA_503E,SI,COLECTIVO,MUNICIPAL,BUENOS AIRES,LA PLATA,15636,NO,8,Agosto,Viernes,Día de semana,Invierno
2025-08-15,EMPRESA NUEVE DE JULIO S.A.T.,BSAS_LINEA_508C,SI,COLECTIVO,MUNICIPAL,BUENOS AIRES,LA PLATA,525,NO,8,Agosto,Viernes,Día de semana,Invierno
2025-08-15,EXPRESO LA PLATA BUENOS AIRES S.A.,BSAS_LINEA_518,SI,COLECTIVO,MUNICIPAL,BUENOS AIRES,LA PLATA,368,NO,8,Agosto,Viernes,Día de semana,Invierno
2025-08-15,UNION PLATENSE SRL,BSAS_LINEA_520C,SI,COLECTIVO,MUNICIPAL,BUENOS AIRES,LA PLATA,5605,NO,8,Agosto,Viernes,Día de semana,Invierno
2025-08-15,EMPRESA NUEVE DE JULIO S.A.T.,BSAS_LINEA_561B,SI,COLECTIVO,MUNICIPAL,BUENOS AIRES,LA PLATA,544,NO,8,Agosto,Viernes,Día de semana,Invierno
2025-08-15,EMPRESA NUEVE DE JULIO S.A.T.,LINEA OESTE,SI,COLECTIVO,MUNICIPAL,BUENOS AIRES,LA PLATA,30972,NO,8,Agosto,Viernes,Día de semana,Invierno
2025-08-15,FUERTE BARRAGAN S.A.T.I.C.I.,LINEA_506F_BSAS,SI,COLECTIVO,MUNICIPAL,BUENOS AIRES,LA PLATA,6468,NO,8,Agosto,Viernes,Día de semana,Invierno
2025-08-15,UNION PLATENSE SRL,NORTE MUNICIPAL,SI,COLECTIVO,MUNICIPAL,BUENOS AIRES,LA PLATA,5770,NO,8,Agosto,Viernes,Día de semana,Invierno
2025-08-16,UNION PLATENSE SRL,BSAS_LINEA_502_SUR,SI,COLECTIVO,MUNICIPAL,BUENOS AIRES,LA PLATA,3721,NO,8,Agosto,Sábado,Fin de semana,Invierno
2025-08-16,MICROEXPRES S.A.,BSAS_LINEA_503_ESTE,SI,COLECTIVO,MUNICIPAL,BUENOS AIRES,LA PLATA,3671,NO,8,Agosto,Sábado,Fin de semana,Invierno
2025-08-16,EXPRESO LA PLATA BUENOS AIRES S.A.,BSAS_LINEA_503E,SI,COLECTIVO,MUNICIPAL,BUENOS AIRES,LA PLATA,15063,NO,8,Agosto,Sábado,Fin de semana,Invierno
2025-08-16,EMPRESA NUEVE DE JULIO S.A.T.,BSAS_LINEA_508C,SI,COLECTIVO,MUNICIPAL,BUENOS AIRES,LA PLATA,402,NO,8,Agosto,Sábado,Fin de semana,Invierno
2025-08-16,EXPRESO LA PLATA BUENOS AIRES S.A.,BSAS_LINEA_518,SI,COLECTIVO,MUNICIPAL,BUENOS AIRES,LA PLATA,352,NO,8,Agosto,Sábado,Fin de semana,Invierno
2025-08-16,UNION PLATENSE SRL,BSAS_LINEA_520C,SI,COLECTIVO,MUNICIPAL,BUENOS AIRES,LA PLATA,5047,NO,8,Agosto,Sábado,Fin de semana,Invierno
2025-08-16,EMPRESA NUEVE DE JULIO S.A.T.,BSAS_LINEA_561B,SI,COLECTIVO,MUNICIPAL,BUENOS AIRES,LA PLATA,398,NO,8,Agosto,Sábado,Fin de semana,Invierno
2025-08-16,EMPRESA NUEVE DE JULIO S.A.T.,LINEA OESTE,SI,COLECTIVO,MUNICIPAL,BUENOS AIRES,LA PLATA,28634,NO,8,Agosto,Sábado,Fin de semana,Invierno
2025-08-16,FUERTE BARRAGAN S.A.T.I.C.I.,LINEA_506F_BSAS,SI,COLECTIVO,MUNICIPAL,BUENOS AIRES,LA PLATA,4973,NO,8,Agosto,Sábado,Fin de semana,Invierno
2025-08-16,UNION PLATENSE SRL,NORTE MUNICIPAL,SI,COLECTIVO,MUNICIPAL,BUENOS AIRES,LA PLATA,5780,NO,8,Agosto,Sábado,Fin de semana,Invierno
2025-08-17,UNION PLATENSE SRL,BSAS_LINEA_502_SUR,SI,COLECTIVO,MUNICIPAL,BUENOS AIRES,LA PLATA,1476,NO,8,Agosto,Domingo,Fin de semana,Invierno
2025-08-17,MICROEXPRES S.A.,BSAS_LINEA_503_ESTE,SI,COLECTIVO,MUNICIPAL,BUENOS AIRES,LA PLATA,2352,NO,8,Agosto,Domingo,Fin de semana,Invierno
2025-08-17,EXPRESO LA PLATA BUENOS AIRES S.A.,BSAS_LINEA_503E,SI,COLECTIVO,MUNICIPAL,BUENOS AIRES,LA PLATA,9876,NO,8,Agosto,Domingo,Fin de semana,Invierno
2025-08-17,EMPRESA NUEVE DE JULIO S.A.T.,BSAS_LINEA_508C,SI,COLECTIVO,MUNICIPAL,BUENOS AIRES,LA PLATA,298,NO,8,Agosto,Domingo,Fin de semana,Invierno
2025-08-17,UNION PLATENSE SRL,BSAS_LINEA_520C,SI,COLECTIVO,MUNICIPAL,BUENOS AIRES,LA PLATA,2682,NO,8,Agosto,Domingo,Fin de semana,Invierno
2025-08-17,EMPRESA NUEVE DE JULIO S.A.T.,BSAS_LINEA_561B,SI,COLECTIVO,MUNICIPAL,BUENOS AIRES,LA PLATA,325,NO,8,Agosto,Domingo,Fin de semana,Invierno
2025-08-17,EMPRESA NUEVE DE JULIO S.A.T.,LINEA OESTE,SI,COLECTIVO,MUNICIPAL,BUENOS AIRES,LA PLATA,17082,NO,8,Agosto,Domingo,Fin de semana,Invierno
2025-08-17,FUERTE BARRAGAN S.A.T.I.C.I.,LINEA_506F_BSAS,SI,COLECTIVO,MUNICIPAL,BUENOS AIRES,LA PLATA,3476,NO,8,Agosto,Domingo,Fin de semana,Invierno
2025-08-17,UNION PLATENSE SRL,NORTE MUNICIPAL,SI,COLECTIVO,MUNICIPAL,BUENOS AIRES,LA PLATA,2831,NO,8,Agosto,Domingo,Fin de semana,Invierno
2025-08-18,UNION PLATENSE SRL,BSAS_LINEA_502_SUR,SI,COLECTIVO,MUNICIPAL,BUENOS AIRES,LA PLATA,12467,NO,8,Agosto,Lunes,Día de semana,Invierno
2025-08-18,MICROEXPRES S.A.,BSAS_LINEA_503_ESTE,SI,COLECTIVO,MUNICIPAL,BUENOS AIRES,LA PLATA,8420,NO,8,Agosto,Lunes,Día de semana,Invierno
2025-08-18,EXPRESO LA PLATA BUENOS AIRES S.A.,BSAS_LINEA_503E,SI,COLECTIVO,MUNICIPAL,BUENOS AIRES,LA PLATA,32922,NO,8,Agosto,Lunes,Día de semana,Invierno
2025-08-18,EMPRESA NUEVE DE JULIO S.A.T.,BSAS_LINEA_508C,SI,COLECTIVO,MUNICIPAL,BUENOS AIRES,LA PLATA,1332,NO,8,Agosto,Lunes,Día de semana,Invierno
2025-08-18,EXPRESO LA PLATA BUENOS AIRES S.A.,BSAS_LINEA_518,SI,COLECTIVO,MUNICIPAL,BUENOS AIRES,LA PLATA,904,NO,8,Agosto,Lunes,Día de semana,Invierno
2025-08-18,UNION PLATENSE SRL,BSAS_LINEA_520C,SI,COLECTIVO,MUNICIPAL,BUENOS AIRES,LA PLATA,14903,NO,8,Agosto,Lunes,Día de semana,Invierno
2025-08-18,EMPRESA NUEVE DE JULIO S.A.T.,BSAS_LINEA_561B,SI,COLECTIVO,MUNICIPAL,BUENOS AIRES,LA PLATA,1542,NO,8,Agosto,Lunes,Día de semana,Invierno
2025-08-18,EMPRESA NUEVE DE JULIO S.A.T.,LINEA OESTE,SI,COLECTIVO,MUNICIPAL,BUENOS AIRES,LA PLATA,67656,NO,8,Agosto,Lunes,Día de semana,Invierno
2025-08-18,FUERTE BARRAGAN S.A.T.I.C.I.,LINEA_506F_BSAS,SI,COLECTIVO,MUNICIPAL,BUENOS AIRES,LA PLATA,12744,NO,8,Agosto,Lunes,Día de semana,Invierno
2025-08-18,UNION PLATENSE SRL,NORTE MUNICIPAL,SI,COLECTIVO,MUNICIPAL,BUENOS AIRES,LA PLATA,19049,NO,8,Agosto,Lunes,Día de semana,Invierno
2025-08-19,UNION PLATENSE SRL,BSAS_LINEA_502_SUR,SI,COLECTIVO,MUNICIPAL,BUENOS AIRES,LA PLATA,6447,NO,8,Agosto,Martes,Día de semana,Invierno
2025-08-19,MICROEXPRES S.A.,BSAS_LINEA_503_ESTE,SI,COLECTIVO,MUNICIPAL,BUENOS AIRES,LA PLATA,4095,NO,8,Agosto,Martes,Día de semana,Invierno
2025-08-19,EXPRESO LA PLATA BUENOS AIRES S.A.,BSAS_LINEA_503E,SI,COLECTIVO,MUNICIPAL,BUENOS AIRES,LA PLATA,15712,NO,8,Agosto,Martes,Día de semana,Invierno
2025-08-19,EMPRESA NUEVE DE JULIO S.A.T.,BSAS_LINEA_508C,SI,COLECTIVO,MUNICIPAL,BUENOS AIRES,LA PLATA,599,NO,8,Agosto,Martes,Día de semana,Invierno
2025-08-19,EXPRESO LA PLATA BUENOS AIRES S.A.,BSAS_LINEA_518,SI,COLECTIVO,MUNICIPAL,BUENOS AIRES,LA PLATA,474,NO,8,Agosto,Martes,Día de semana,Invierno
2025-08-19,UNION PLATENSE SRL,BSAS_LINEA_520C,SI,COLECTIVO,MUNICIPAL,BUENOS AIRES,LA PLATA,7232,NO,8,Agosto,Martes,Día de semana,Invierno
2025-08-19,EMPRESA NUEVE DE JULIO S.A.T.,BSAS_LINEA_561B,SI,COLECTIVO,MUNICIPAL,BUENOS AIRES,LA PLATA,913,NO,8,Agosto,Martes,Día de semana,Invierno
2025-08-19,EMPRESA NUEVE DE JULIO S.A.T.,LINEA OESTE,SI,COLECTIVO,MUNICIPAL,BUENOS AIRES,LA PLATA,31336,NO,8,Agosto,Martes,Día de semana,Invierno
2025-08-19,FUERTE BARRAGAN S.A.T.I.C.I.,LINEA_506F_BSAS,SI,COLECTIVO,MUNICIPAL,BUENOS AIRES,LA PLATA,5555,NO,8,Agosto,Martes,Día de semana,Invierno
2025-08-19,UNION PLATENSE SRL,NORTE MUNICIPAL,SI,COLECTIVO,MUNICIPAL,BUENOS AIRES,LA PLATA,10595,NO,8,Agosto,Martes,Día de semana,Invierno
2025-08-20,UNION PLATENSE SRL,BSAS_LINEA_502_SUR,SI,COLECTIVO,MUNICIPAL,BUENOS AIRES,LA PLATA,8548,NO,8,Agosto,Miércoles,Día de semana,Invierno
2025-08-20,MICROEXPRES S.A.,BSAS_LINEA_503_ESTE,SI,COLECTIVO,MUNICIPAL,BUENOS AIRES,LA PLATA,5570,NO,8,Agosto,Miércoles,Día de semana,Invierno
2025-08-20,EXPRESO LA PLATA BUENOS AIRES S.A.,BSAS_LINEA_503E,SI,COLECTIVO,MUNICIPAL,BUENOS AIRES,LA PLATA,21944,NO,8,Agosto,Miércoles,Día de semana,Invierno
2025-08-20,EMPRESA NUEVE DE JULIO S.A.T.,BSAS_LINEA_508C,SI,COLECTIVO,MUNICIPAL,BUENOS AIRES,LA PLATA,782,NO,8,Agosto,Miércoles,Día de semana,Invierno
2025-08-20,EXPRESO LA PLATA BUENOS AIRES S.A.,BSAS_LINEA_518,SI,COLECTIVO,MUNICIPAL,BUENOS AIRES,LA PLATA,569,NO,8,Agosto,Miércoles,Día de semana,Invierno
2025-08-20,UNION PLATENSE SRL,BSAS_LINEA_520C,SI,COLECTIVO,MUNICIPAL,BUENOS AIRES,LA PLATA,10184,NO,8,Agosto,Miércoles,Día de semana,Invierno
2025-08-20,EMPRESA NUEVE DE JULIO S.A.T.,BSAS_LINEA_561B,SI,COLECTIVO,MUNICIPAL,BUENOS AIRES,LA PLATA,1079,NO,8,Agosto,Miércoles,Día de semana,Invierno
2025-08-20,EMPRESA NUEVE DE JULIO S.A.T.,LINEA OESTE,SI,COLECTIVO,MUNICIPAL,BUENOS AIRES,LA PLATA,39816,NO,8,Agosto,Miércoles,Día de semana,Invierno
2025-08-20,FUERTE BARRAGAN S.A.T.I.C.I.,LINEA_506F_BSAS,SI,COLECTIVO,MUNICIPAL,BUENOS AIRES,LA PLATA,7606,NO,8,Agosto,Miércoles,Día de semana,Invierno
2025-08-20,UNION PLATENSE SRL,NORTE MUNICIPAL,SI,COLECTIVO,MUNICIPAL,BUENOS AIRES,LA PLATA,13812,NO,8,Agosto,Miércoles,Día de semana,Invierno
2025-08-21,UNION PLATENSE SRL,BSAS_LINEA_502_SUR,SI,COLECTIVO,MUNICIPAL,BUENOS AIRES,LA PLATA,15209,NO,8,Agosto,Jueves,Día de semana,Invierno
2025-08-21,MICROEXPRES S.A.,BSAS_LINEA_503_ESTE,SI,COLECTIVO,MUNICIPAL,BUENOS AIRES,LA PLATA,7906,NO,8,Agosto,Jueves,Día de semana,Invierno
2025-08-21,EXPRESO LA PLATA BUENOS AIRES S.A.,BSAS_LINEA_503E,SI,COLECTIVO,MUNICIPAL,BUENOS AIRES,LA PLATA,29149,NO,8,Agosto,Jueves,Día de semana,Invierno
2025-08-21,EMPRESA NUEVE DE JULIO S.A.T.,BSAS_LINEA_508C,SI,COLECTIVO,MUNICIPAL,BUENOS AIRES,LA PLATA,1263,NO,8,Agosto,Jueves,Día de semana,Invierno
2025-08-21,EXPRESO LA PLATA BUENOS AIRES S.A.,BSAS_LINEA_518,SI,COLECTIVO,MUNICIPAL,BUENOS AIRES,LA PLATA,829,NO,8,Agosto,Jueves,Día de semana,Invierno
2025-08-21,UNION PLATENSE SRL,BSAS_LINEA_520C,SI,COLECTIVO,MUNICIPAL,BUENOS AIRES,LA PLATA,13487,NO,8,Agosto,Jueves,Día de semana,Invierno
2025-08-21,EMPRESA NUEVE DE JULIO S.A.T.,BSAS_LINEA_561B,SI,COLECTIVO,MUNICIPAL,BUENOS AIRES,LA PLATA,1591,NO,8,Agosto,Jueves,Día de semana,Invierno
2025-08-21,EMPRESA NUEVE DE JULIO S.A.T.,LINEA OESTE,SI,COLECTIVO,MUNICIPAL,BUENOS AIRES,LA PLATA,59881,NO,8,Agosto,Jueves,Día de semana,Invierno
2025-08-21,FUERTE BARRAGAN S.A.T.I.C.I.,LINEA_506F_BSAS,SI,COLECTIVO,MUNICIPAL,BUENOS AIRES,LA PLATA,11860,NO,8,Agosto,Jueves,Día de semana,Invierno
2025-08-21,UNION PLATENSE SRL,NORTE MUNICIPAL,SI,COLECTIVO,MUNICIPAL,BUENOS AIRES,LA PLATA,22231,NO,8,Agosto,Jueves,Día de semana,Invierno
2025-08-22,UNION PLATENSE SRL,BSAS_LINEA_502_SUR,SI,COLECTIVO,MUNICIPAL,BUENOS AIRES,LA PLATA,12050,NO,8,Agosto,Viernes,Día de semana,Invierno
2025-08-22,MICROEXPRES S.A.,BSAS_LINEA_503_ESTE,SI,COLECTIVO,MUNICIPAL,BUENOS AIRES,LA PLATA,8059,NO,8,Agosto,Viernes,Día de semana,Invierno
2025-08-22,EXPRESO LA PLATA BUENOS AIRES S.A.,BSAS_LINEA_503E,SI,COLECTIVO,MUNICIPAL,BUENOS AIRES,LA PLATA,31549,NO,8,Agosto,Viernes,Día de semana,Invierno
2025-08-22,EMPRESA NUEVE DE JULIO S.A.T.,BSAS_LINEA_508C,SI,COLECTIVO,MUNICIPAL,BUENOS AIRES,LA PLATA,1327,NO,8,Agosto,Viernes,Día de semana,Invierno
2025-08-22,EXPRESO LA PLATA BUENOS AIRES S.A.,BSAS_LINEA_518,SI,COLECTIVO,MUNICIPAL,BUENOS AIRES,LA PLATA,829,NO,8,Agosto,Viernes,Día de semana,Invierno
2025-08-22,UNION PLATENSE SRL,BSAS_LINEA_520C,SI,COLECTIVO,MUNICIPAL,BUENOS AIRES,LA PLATA,14258,NO,8,Agosto,Viernes,Día de semana,Invierno
2025-08-22,EMPRESA NUEVE DE JULIO S.A.T.,BSAS_LINEA_561B,SI,COLECTIVO,MUNICIPAL,BUENOS AIRES,LA PLATA,1674,NO,8,Agosto,Viernes,Día de semana,Invierno
2025-08-22,EMPRESA NUEVE DE JULIO S.A.T.,LINEA OESTE,SI,COLECTIVO,MUNICIPAL,BUENOS AIRES,LA PLATA,66440,NO,8,Agosto,Viernes,Día de semana,Invierno
2025-08-22,FUERTE BARRAGAN S.A.T.I.C.I.,LINEA_506F_BSAS,SI,COLECTIVO,MUNICIPAL,BUENOS AIRES,LA PLATA,12239,NO,8,Agosto,Viernes,Día de semana,Invierno
2025-08-22,UNION PLATENSE SRL,NORTE MUNICIPAL,SI,COLECTIVO,MUNICIPAL,BUENOS AIRES,LA PLATA,15972,NO,8,Agosto,Viernes,Día de semana,Invierno
2025-08-23,UNION PLATENSE SRL,BSAS_LINEA_502_SUR,SI,COLECTIVO,MUNICIPAL,BUENOS AIRES,LA PLATA,4225,NO,8,Agosto,Sábado,Fin de semana,Invierno
2025-08-23,MICROEXPRES S.A.,BSAS_LINEA_503_ESTE,SI,COLECTIVO,MUNICIPAL,BUENOS AIRES,LA PLATA,4247,NO,8,Agosto,Sábado,Fin de semana,Invierno
2025-08-23,EXPRESO LA PLATA BUENOS AIRES S.A.,BSAS_LINEA_503E,SI,COLECTIVO,MUNICIPAL,BUENOS AIRES,LA PLATA,17047,NO,8,Agosto,Sábado,Fin de semana,Invierno
2025-08-23,EMPRESA NUEVE DE JULIO S.A.T.,BSAS_LINEA_508C,SI,COLECTIVO,MUNICIPAL,BUENOS AIRES,LA PLATA,401,NO,8,Agosto,Sábado,Fin de semana,Invierno
2025-08-23,EXPRESO LA PLATA BUENOS AIRES S.A.,BSAS_LINEA_518,SI,COLECTIVO,MUNICIPAL,BUENOS AIRES,LA PLATA,440,NO,8,Agosto,Sábado,Fin de semana,Invierno
2025-08-23,UNION PLATENSE SRL,BSAS_LINEA_520C,SI,COLECTIVO,MUNICIPAL,BUENOS AIRES,LA PLATA,5886,NO,8,Agosto,Sábado,Fin de semana,Invierno
2025-08-23,EMPRESA NUEVE DE JULIO S.A.T.,BSAS_LINEA_561B,SI,COLECTIVO,MUNICIPAL,BUENOS AIRES,LA PLATA,466,NO,8,Agosto,Sábado,Fin de semana,Invierno
2025-08-23,EMPRESA NUEVE DE JULIO S.A.T.,LINEA OESTE,SI,COLECTIVO,MUNICIPAL,BUENOS AIRES,LA PLATA,31869,NO,8,Agosto,Sábado,Fin de semana,Invierno
2025-08-23,FUERTE BARRAGAN S.A.T.I.C.I.,LINEA_506F_BSAS,SI,COLECTIVO,MUNICIPAL,BUENOS AIRES,LA PLATA,5718,NO,8,Agosto,Sábado,Fin de semana,Invierno
2025-08-23,UNION PLATENSE SRL,NORTE MUNICIPAL,SI,COLECTIVO,MUNICIPAL,BUENOS AIRES,LA PLATA,6102,NO,8,Agosto,Sábado,Fin de semana,Invierno
2025-08-24,UNION PLATENSE SRL,BSAS_LINEA_502_SUR,SI,COLECTIVO,MUNICIPAL,BUENOS AIRES,LA PLATA,1452,NO,8,Agosto,Domingo,Fin de semana,Invierno
2025-08-24,MICROEXPRES S.A.,BSAS_LINEA_503_ESTE,SI,COLECTIVO,MUNICIPAL,BUENOS AIRES,LA PLATA,2343,NO,8,Agosto,Domingo,Fin de semana,Invierno
2025-08-24,EXPRESO LA PLATA BUENOS AIRES S.A.,BSAS_LINEA_503E,SI,COLECTIVO,MUNICIPAL,BUENOS AIRES,LA PLATA,10501,NO,8,Agosto,Domingo,Fin de semana,Invierno
2025-08-24,EMPRESA NUEVE DE JULIO S.A.T.,BSAS_LINEA_508C,SI,COLECTIVO,MUNICIPAL,BUENOS AIRES,LA PLATA,326,NO,8,Agosto,Domingo,Fin de semana,Invierno
2025-08-24,UNION PLATENSE SRL,BSAS_LINEA_520C,SI,COLECTIVO,MUNICIPAL,BUENOS AIRES,LA PLATA,2885,NO,8,Agosto,Domingo,Fin de semana,Invierno
2025-08-24,EMPRESA NUEVE DE JULIO S.A.T.,BSAS_LINEA_561B,SI,COLECTIVO,MUNICIPAL,BUENOS AIRES,LA PLATA,331,NO,8,Agosto,Domingo,Fin de semana,Invierno
2025-08-24,EMPRESA NUEVE DE JULIO S.A.T.,LINEA OESTE,SI,COLECTIVO,MUNICIPAL,BUENOS AIRES,LA PLATA,17776,NO,8,Agosto,Domingo,Fin de semana,Invierno
2025-08-24,FUERTE BARRAGAN S.A.T.I.C.I.,LINEA_506F_BSAS,SI,COLECTIVO,MUNICIPAL,BUENOS AIRES,LA PLATA,3221,NO,8,Agosto,Domingo,Fin de semana,Invierno
2025-08-24,UNION PLATENSE SRL,NORTE MUNICIPAL,SI,COLECTIVO,MUNICIPAL,BUENOS AIRES,LA PLATA,3119,NO,8,Agosto,Domingo,Fin de semana,Invierno
2025-08-25,UNION PLATENSE SRL,BSAS_LINEA_502_SUR,SI,COLECTIVO,MUNICIPAL,BUENOS AIRES,LA PLATA,12752,NO,8,Agosto,Lunes,Día de semana,Invierno
2025-08-25,MICROEXPRES S.A.,BSAS_LINEA_503_ESTE,SI,COLECTIVO,MUNICIPAL,BUENOS AIRES,LA PLATA,9098,NO,8,Agosto,Lunes,Día de semana,Invierno
2025-08-25,EXPRESO LA PLATA BUENOS AIRES S.A.,BSAS_LINEA_503E,SI,COLECTIVO,MUNICIPAL,BUENOS AIRES,LA PLATA,35776,NO,8,Agosto,Lunes,Día de semana,Invierno
2025-08-25,EMPRESA NUEVE DE JULIO S.A.T.,BSAS_LINEA_508C,SI,COLECTIVO,MUNICIPAL,BUENOS AIRES,LA PLATA,1497,NO,8,Agosto,Lunes,Día de semana,Invierno
2025-08-25,EXPRESO LA PLATA BUENOS AIRES S.A.,BSAS_LINEA_518,SI,COLECTIVO,MUNICIPAL,BUENOS AIRES,LA PLATA,1032,NO,8,Agosto,Lunes,Día de semana,Invierno
2025-08-25,UNION PLATENSE SRL,BSAS_LINEA_520C,SI,COLECTIVO,MUNICIPAL,BUENOS AIRES,LA PLATA,16268,NO,8,Agosto,Lunes,Día de semana,Invierno
2025-08-25,EMPRESA NUEVE DE JULIO S.A.T.,BSAS_LINEA_561B,SI,COLECTIVO,MUNICIPAL,BUENOS AIRES,LA PLATA,1659,NO,8,Agosto,Lunes,Día de semana,Invierno
2025-08-25,EMPRESA NUEVE DE JULIO S.A.T.,LINEA OESTE,SI,COLECTIVO,MUNICIPAL,BUENOS AIRES,LA PLATA,73771,NO,8,Agosto,Lunes,Día de semana,Invierno
2025-08-25,FUERTE BARRAGAN S.A.T.I.C.I.,LINEA_506F_BSAS,SI,COLECTIVO,MUNICIPAL,BUENOS AIRES,LA PLATA,13281,NO,8,Agosto,Lunes,Día de semana,Invierno
2025-08-25,UNION PLATENSE SRL,NORTE MUNICIPAL,SI,COLECTIVO,MUNICIPAL,BUENOS AIRES,LA PLATA,20155,NO,8,Agosto,Lunes,Día de semana,Invierno
2025-08-26,UNION PLATENSE SRL,BSAS_LINEA_502_SUR,SI,COLECTIVO,MUNICIPAL,BUENOS AIRES,LA PLATA,12497,NO,8,Agosto,Martes,Día de semana,Invierno
2025-08-26,MICROEXPRES S.A.,BSAS_LINEA_503_ESTE,SI,COLECTIVO,MUNICIPAL,BUENOS AIRES,LA PLATA,8727,NO,8,Agosto,Martes,Día de semana,Invierno
2025-08-26,EXPRESO LA PLATA BUENOS AIRES S.A.,BSAS_LINEA_503E,SI,COLECTIVO,MUNICIPAL,BUENOS AIRES,LA PLATA,34610,NO,8,Agosto,Martes,Día de semana,Invierno
2025-08-26,EMPRESA NUEVE DE JULIO S.A.T.,BSAS_LINEA_508C,SI,COLECTIVO,MUNICIPAL,BUENOS AIRES,LA PLATA,1443,NO,8,Agosto,Martes,Día de semana,Invierno
2025-08-26,EXPRESO LA PLATA BUENOS AIRES S.A.,BSAS_LINEA_518,SI,COLECTIVO,MUNICIPAL,BUENOS AIRES,LA PLATA,943,NO,8,Agosto,Martes,Día de semana,Invierno
2025-08-26,UNION PLATENSE SRL,BSAS_LINEA_520C,SI,COLECTIVO,MUNICIPAL,BUENOS AIRES,LA PLATA,15532,NO,8,Agosto,Martes,Día de semana,Invierno
2025-08-26,EMPRESA NUEVE DE JULIO S.A.T.,BSAS_LINEA_561B,SI,COLECTIVO,MUNICIPAL,BUENOS AIRES,LA PLATA,1715,NO,8,Agosto,Martes,Día de semana,Invierno
2025-08-26,EMPRESA NUEVE DE JULIO S.A.T.,LINEA OESTE,SI,COLECTIVO,MUNICIPAL,BUENOS AIRES,LA PLATA,71341,NO,8,Agosto,Martes,Día de semana,Invierno
2025-08-26,FUERTE BARRAGAN S.A.T.I.C.I.,LINEA_506F_BSAS,SI,COLECTIVO,MUNICIPAL,BUENOS AIRES,LA PLATA,13722,NO,8,Agosto,Martes,Día de semana,Invierno
2025-08-26,UNION PLATENSE SRL,NORTE MUNICIPAL,SI,COLECTIVO,MUNICIPAL,BUENOS AIRES,LA PLATA,17202,NO,8,Agosto,Martes,Día de semana,Invierno
2025-08-27,UNION PLATENSE SRL,BSAS_LINEA_502_SUR,SI,COLECTIVO,MUNICIPAL,BUENOS AIRES,LA PLATA,12739,NO,8,Agosto,Miércoles,Día de semana,Invierno
2025-08-27,MICROEXPRES S.A.,BSAS_LINEA_503_ESTE,SI,COLECTIVO,MUNICIPAL,BUENOS AIRES,LA PLATA,8678,NO,8,Agosto,Miércoles,Día de semana,Invierno
2025-08-27,EXPRESO LA PLATA BUENOS AIRES S.A.,BSAS_LINEA_503E,SI,COLECTIVO,MUNICIPAL,BUENOS AIRES,LA PLATA,33768,NO,8,Agosto,Miércoles,Día de semana,Invierno
2025-08-27,EMPRESA NUEVE DE JULIO S.A.T.,BSAS_LINEA_508C,SI,COLECTIVO,MUNICIPAL,BUENOS AIRES,LA PLATA,1267,NO,8,Agosto,Miércoles,Día de semana,Invierno
2025-08-27,EXPRESO LA PLATA BUENOS AIRES S.A.,BSAS_LINEA_518,SI,COLECTIVO,MUNICIPAL,BUENOS AIRES,LA PLATA,1005,NO,8,Agosto,Miércoles,Día de semana,Invierno
2025-08-27,UNION PLATENSE SRL,BSAS_LINEA_520C,SI,COLECTIVO,MUNICIPAL,BUENOS AIRES,LA PLATA,15903,NO,8,Agosto,Miércoles,Día de semana,Invierno
2025-08-27,EMPRESA NUEVE DE JULIO S.A.T.,BSAS_LINEA_561B,SI,COLECTIVO,MUNICIPAL,BUENOS AIRES,LA PLATA,1650,NO,8,Agosto,Miércoles,Día de semana,Invierno
2025-08-27,EMPRESA NUEVE DE JULIO S.A.T.,LINEA OESTE,SI,COLECTIVO,MUNICIPAL,BUENOS AIRES,LA PLATA,70993,NO,8,Agosto,Miércoles,Día de semana,Invierno
2025-08-27,FUERTE BARRAGAN S.A.T.I.C.I.,LINEA_506F_BSAS,SI,COLECTIVO,MUNICIPAL,BUENOS AIRES,LA PLATA,14097,NO,8,Agosto,Miércoles,Día de semana,Invierno
2025-08-27,UNION PLATENSE SRL,NORTE MUNICIPAL,SI,COLECTIVO,MUNICIPAL,BUENOS AIRES,LA PLATA,16980,NO,8,Agosto,Miércoles,Día de semana,Invierno
2025-08-28,UNION PLATENSE SRL,BSAS_LINEA_502_SUR,SI,COLECTIVO,MUNICIPAL,BUENOS AIRES,LA PLATA,12797,NO,8,Agosto,Jueves,Día de semana,Invierno
2025-08-28,MICROEXPRES S.A.,BSAS_LINEA_503_ESTE,SI,COLECTIVO,MUNICIPAL,BUENOS AIRES,LA PLATA,8972,NO,8,Agosto,Jueves,Día de semana,Invierno
2025-08-28,EXPRESO LA PLATA BUENOS AIRES S.A.,BSAS_LINEA_503E,SI,COLECTIVO,MUNICIPAL,BUENOS AIRES,LA PLATA,35268,NO,8,Agosto,Jueves,Día de semana,Invierno
2025-08-28,EMPRESA NUEVE DE JULIO S.A.T.,BSAS_LINEA_508C,SI,COLECTIVO,MUNICIPAL,BUENOS AIRES,LA PLATA,1463,NO,8,Agosto,Jueves,Día de semana,Invierno
2025-08-28,EXPRESO LA PLATA BUENOS AIRES S.A.,BSAS_LINEA_518,SI,COLECTIVO,MUNICIPAL,BUENOS AIRES,LA PLATA,995,NO,8,Agosto,Jueves,Día de semana,Invierno
2025-08-28,UNION PLATENSE SRL,BSAS_LINEA_520C,SI,COLECTIVO,MUNICIPAL,BUENOS AIRES,LA PLATA,16121,NO,8,Agosto,Jueves,Día de semana,Invierno
2025-08-28,EMPRESA NUEVE DE JULIO S.A.T.,BSAS_LINEA_561B,SI,COLECTIVO,MUNICIPAL,BUENOS AIRES,LA PLATA,1622,NO,8,Agosto,Jueves,Día de semana,Invierno
2025-08-28,EMPRESA NUEVE DE JULIO S.A.T.,LINEA OESTE,SI,COLECTIVO,MUNICIPAL,BUENOS AIRES,LA PLATA,72172,NO,8,Agosto,Jueves,Día de semana,Invierno
2025-08-28,FUERTE BARRAGAN S.A.T.I.C.I.,LINEA_506F_BSAS,SI,COLECTIVO,MUNICIPAL,BUENOS AIRES,LA PLATA,13539,NO,8,Agosto,Jueves,Día de semana,Invierno
2025-08-28,UNION PLATENSE SRL,NORTE MUNICIPAL,SI,COLECTIVO,MUNICIPAL,BUENOS AIRES,LA PLATA,21184,NO,8,Agosto,Jueves,Día de semana,Invierno
2025-08-29,UNION PLATENSE SRL,BSAS_LINEA_502_SUR,SI,COLECTIVO,MUNICIPAL,BUENOS AIRES,LA PLATA,13025,NO,8,Agosto,Viernes,Día de semana,Invierno
2025-08-29,MICROEXPRES S.A.,BSAS_LINEA_503_ESTE,SI,COLECTIVO,MUNICIPAL,BUENOS AIRES,LA PLATA,8934,NO,8,Agosto,Viernes,Día de semana,Invierno
2025-08-29,EXPRESO LA PLATA BUENOS AIRES S.A.,BSAS_LINEA_503E,SI,COLECTIVO,MUNICIPAL,BUENOS AIRES,LA PLATA,35378,NO,8,Agosto,Viernes,Día de semana,Invierno
2025-08-29,EMPRESA NUEVE DE JULIO S.A.T.,BSAS_LINEA_508C,SI,COLECTIVO,MUNICIPAL,BUENOS AIRES,LA PLATA,1309,NO,8,Agosto,Viernes,Día de semana,Invierno
2025-08-29,EXPRESO LA PLATA BUENOS AIRES S.A.,BSAS_LINEA_518,SI,COLECTIVO,MUNICIPAL,BUENOS AIRES,LA PLATA,1021,NO,8,Agosto,Viernes,Día de semana,Invierno
2025-08-29,UNION PLATENSE SRL,BSAS_LINEA_520C,SI,COLECTIVO,MUNICIPAL,BUENOS AIRES,LA PLATA,15786,NO,8,Agosto,Viernes,Día de semana,Invierno
2025-08-29,EMPRESA NUEVE DE JULIO S.A.T.,BSAS_LINEA_561B,SI,COLECTIVO,MUNICIPAL,BUENOS AIRES,LA PLATA,1582,NO,8,Agosto,Viernes,Día de semana,Invierno
2025-08-29,EMPRESA NUEVE DE JULIO S.A.T.,LINEA OESTE,SI,COLECTIVO,MUNICIPAL,BUENOS AIRES,LA PLATA,70921,NO,8,Agosto,Viernes,Día de semana,Invierno
2025-08-29,FUERTE BARRAGAN S.A.T.I.C.I.,LINEA_506F_BSAS,SI,COLECTIVO,MUNICIPAL,BUENOS AIRES,LA PLATA,13270,NO,8,Agosto,Viernes,Día de semana,Invierno
2025-08-29,UNION PLATENSE SRL,NORTE MUNICIPAL,SI,COLECTIVO,MUNICIPAL,BUENOS AIRES,LA PLATA,18643,NO,8,Agosto,Viernes,Día de semana,Invierno
2025-08-30,UNION PLATENSE SRL,BSAS_LINEA_502_SUR,SI,COLECTIVO,MUNICIPAL,BUENOS AIRES,LA PLATA,4086,NO,8,Agosto,Sábado,Fin de semana,Invierno
2025-08-30,MICROEXPRES S.A.,BSAS_LINEA_503_ESTE,SI,COLECTIVO,MUNICIPAL,BUENOS AIRES,LA PLATA,3832,NO,8,Agosto,Sábado,Fin de semana,Invierno
2025-08-30,EXPRESO LA PLATA BUENOS AIRES S.A.,BSAS_LINEA_503E,SI,COLECTIVO,MUNICIPAL,BUENOS AIRES,LA PLATA,15776,NO,8,Agosto,Sábado,Fin de semana,Invierno
2025-08-30,EMPRESA NUEVE DE JULIO S.A.T.,BSAS_LINEA_508C,SI,COLECTIVO,MUNICIPAL,BUENOS AIRES,LA PLATA,394,NO,8,Agosto,Sábado,Fin de semana,Invierno
2025-08-30,EXPRESO LA PLATA BUENOS AIRES S.A.,BSAS_LINEA_518,SI,COLECTIVO,MUNICIPAL,BUENOS AIRES,LA PLATA,396,NO,8,Agosto,Sábado,Fin de semana,Invierno
2025-08-30,UNION PLATENSE SRL,BSAS_LINEA_520C,SI,COLECTIVO,MUNICIPAL,BUENOS AIRES,LA PLATA,5543,NO,8,Agosto,Sábado,Fin de semana,Invierno
2025-08-30,EMPRESA NUEVE DE JULIO S.A.T.,BSAS_LINEA_561B,SI,COLECTIVO,MUNICIPAL,BUENOS AIRES,LA PLATA,561,NO,8,Agosto,Sábado,Fin de semana,Invierno
2025-08-30,EMPRESA NUEVE DE JULIO S.A.T.,LINEA OESTE,SI,COLECTIVO,MUNICIPAL,BUENOS AIRES,LA PLATA,29602,NO,8,Agosto,Sábado,Fin de semana,Invierno
2025-08-30,FUERTE BARRAGAN S.A.T.I.C.I.,LINEA_506F_BSAS,SI,COLECTIVO,MUNICIPAL,BUENOS AIRES,LA PLATA,5112,NO,8,Agosto,Sábado,Fin de semana,Invierno
2025-08-30,UNION PLATENSE SRL,NORTE MUNICIPAL,SI,COLECTIVO,MUNICIPAL,BUENOS AIRES,LA PLATA,5659,NO,8,Agosto,Sábado,Fin de semana,Invierno
2025-08-31,UNION PLATENSE SRL,BSAS_LINEA_502_SUR,SI,COLECTIVO,MUNICIPAL,BUENOS AIRES,LA PLATA,730,NO,8,Agosto,Domingo,Fin de semana,Invierno
2025-08-31,MICROEXPRES S.A.,BSAS_LINEA_503_ESTE,SI,COLECTIVO,MUNICIPAL,BUENOS AIRES,LA PLATA,1182,NO,8,Agosto,Domingo,Fin de semana,Invierno
2025-08-31,EXPRESO LA PLATA BUENOS AIRES S.A.,BSAS_LINEA_503E,SI,COLECTIVO,MUNICIPAL,BUENOS AIRES,LA PLATA,5319,NO,8,Agosto,Domingo,Fin de semana,Invierno
2025-08-31,EMPRESA NUEVE DE JULIO S.A.T.,BSAS_LINEA_508C,SI,COLECTIVO,MUNICIPAL,BUENOS AIRES,LA PLATA,110,NO,8,Agosto,Domingo,Fin de semana,Invierno
2025-08-31,UNION PLATENSE SRL,BSAS_LINEA_520C,SI,COLECTIVO,MUNICIPAL,BUENOS AIRES,LA PLATA,1446,NO,8,Agosto,Domingo,Fin de semana,Invierno
2025-08-31,EMPRESA NUEVE DE JULIO S.A.T.,BSAS_LINEA_561B,SI,COLECTIVO,MUNICIPAL,BUENOS AIRES,LA PLATA,158,NO,8,Agosto,Domingo,Fin de semana,Invierno
2025-08-31,EMPRESA NUEVE DE JULIO S.A.T.,LINEA OESTE,SI,COLECTIVO,MUNICIPAL,BUENOS AIRES,LA PLATA,9125,NO,8,Agosto,Domingo,Fin de semana,Invierno
2025-08-31,FUERTE BARRAGAN S.A.T.I.C.I.,LINEA_506F_BSAS,SI,COLECTIVO,MUNICIPAL,BUENOS AIRES,LA PLATA,1542,NO,8,Agosto,Domingo,Fin de semana,Invierno
2025-08-31,UNION PLATENSE SRL,NORTE MUNICIPAL,SI,COLECTIVO,MUNICIPAL,BUENOS AIRES,LA PLATA,1527,NO,8,Agosto,Domingo,Fin de semana,Invierno
2025-09-01,UNION PLATENSE SRL,BSAS_LINEA_502_SUR,SI,COLECTIVO,MUNICIPAL,BUENOS AIRES,LA PLATA,9279,NO,9,Septiembre,Lunes,Día de semana,Invierno
2025-09-01,MICROEXPRES S.A.,BSAS_LINEA_503_ESTE,SI,COLECTIVO,MUNICIPAL,BUENOS AIRES,LA PLATA,6269,NO,9,Septiembre,Lunes,Día de semana,Invierno
2025-09-01,EXPRESO LA PLATA BUENOS AIRES S.A.,BSAS_LINEA_503E,SI,COLECTIVO,MUNICIPAL,BUENOS AIRES,LA PLATA,23696,NO,9,Septiembre,Lunes,Día de semana,Invierno
2025-09-01,EMPRESA NUEVE DE JULIO S.A.T.,BSAS_LINEA_508C,SI,COLECTIVO,MUNICIPAL,BUENOS AIRES,LA PLATA,874,NO,9,Septiembre,Lunes,Día de semana,Invierno
2025-09-01,EXPRESO LA PLATA BUENOS AIRES S.A.,BSAS_LINEA_518,SI,COLECTIVO,MUNICIPAL,BUENOS AIRES,LA PLATA,641,NO,9,Septiembre,Lunes,Día de semana,Invierno
2025-09-01,UNION PLATENSE SRL,BSAS_LINEA_520C,SI,COLECTIVO,MUNICIPAL,BUENOS AIRES,LA PLATA,10746,NO,9,Septiembre,Lunes,Día de semana,Invierno
2025-09-01,EMPRESA NUEVE DE JULIO S.A.T.,BSAS_LINEA_561B,SI,COLECTIVO,MUNICIPAL,BUENOS AIRES,LA PLATA,1131,NO,9,Septiembre,Lunes,Día de semana,Invierno
2025-09-01,EMPRESA NUEVE DE JULIO S.A.T.,LINEA OESTE,SI,COLECTIVO,MUNICIPAL,BUENOS AIRES,LA PLATA,44851,NO,9,Septiembre,Lunes,Día de semana,Invierno
2025-09-01,FUERTE BARRAGAN S.A.T.I.C.I.,LINEA_506F_BSAS,SI,COLECTIVO,MUNICIPAL,BUENOS AIRES,LA PLATA,8203,NO,9,Septiembre,Lunes,Día de semana,Invierno
2025-09-01,UNION PLATENSE SRL,NORTE MUNICIPAL,SI,COLECTIVO,MUNICIPAL,BUENOS AIRES,LA PLATA,9425,NO,9,Septiembre,Lunes,Día de semana,Invierno
2025-09-02,UNION PLATENSE SRL,BSAS_LINEA_502_SUR,SI,COLECTIVO,MUNICIPAL,BUENOS AIRES,LA PLATA,12302,NO,9,Septiembre,Martes,Día de semana,Invierno
2025-09-02,MICROEXPRES S.A.,BSAS_LINEA_503_ESTE,SI,COLECTIVO,MUNICIPAL,BUENOS AIRES,LA PLATA,8022,NO,9,Septiembre,Martes,Día de semana,Invierno
2025-09-02,EXPRESO LA PLATA BUENOS AIRES S.A.,BSAS_LINEA_503E,SI,COLECTIVO,MUNICIPAL,BUENOS AIRES,LA PLATA,31449,NO,9,Septiembre,Martes,Día de semana,Invierno
2025-09-02,EMPRESA NUEVE DE JULIO S.A.T.,BSAS_LINEA_508C,SI,COLECTIVO,MUNICIPAL,BUENOS AIRES,LA PLATA,1163,NO,9,Septiembre,Martes,Día de semana,Invierno
2025-09-02,EXPRESO LA PLATA BUENOS AIRES S.A.,BSAS_LINEA_518,SI,COLECTIVO,MUNICIPAL,BUENOS AIRES,LA PLATA,913,NO,9,Septiembre,Martes,Día de semana,Invierno
2025-09-02,UNION PLATENSE SRL,BSAS_LINEA_520C,SI,COLECTIVO,MUNICIPAL,BUENOS AIRES,LA PLATA,14284,NO,9,Septiembre,Martes,Día de semana,Invierno
2025-09-02,EMPRESA NUEVE DE JULIO S.A.T.,BSAS_LINEA_561B,SI,COLECTIVO,MUNICIPAL,BUENOS AIRES,LA PLATA,1556,NO,9,Septiembre,Martes,Día de semana,Invierno
2025-09-02,EMPRESA NUEVE DE JULIO S.A.T.,LINEA OESTE,SI,COLECTIVO,MUNICIPAL,BUENOS AIRES,LA PLATA,64628,NO,9,Septiembre,Martes,Día de semana,Invierno
2025-09-02,FUERTE BARRAGAN S.A.T.I.C.I.,LINEA_506F_BSAS,SI,COLECTIVO,MUNICIPAL,BUENOS AIRES,LA PLATA,11878,NO,9,Septiembre,Martes,Día de semana,Invierno
2025-09-02,UNION PLATENSE SRL,NORTE MUNICIPAL,SI,COLECTIVO,MUNICIPAL,BUENOS AIRES,LA PLATA,11992,NO,9,Septiembre,Martes,Día de semana,Invierno
2025-09-03,UNION PLATENSE SRL,BSAS_LINEA_502_SUR,SI,COLECTIVO,MUNICIPAL,BUENOS AIRES,LA PLATA,13867,NO,9,Septiembre,Miércoles,Día de semana,Invierno
2025-09-03,MICROEXPRES S.A.,BSAS_LINEA_503_ESTE,SI,COLECTIVO,MUNICIPAL,BUENOS AIRES,LA PLATA,9076,NO,9,Septiembre,Miércoles,Día de semana,Invierno
2025-09-03,EXPRESO LA PLATA BUENOS AIRES S.A.,BSAS_LINEA_503E,SI,COLECTIVO,MUNICIPAL,BUENOS AIRES,LA PLATA,35339,NO,9,Septiembre,Miércoles,Día de semana,Invierno
2025-09-03,EMPRESA NUEVE DE JULIO S.A.T.,BSAS_LINEA_508C,SI,COLECTIVO,MUNICIPAL,BUENOS AIRES,LA PLATA,1360,NO,9,Septiembre,Miércoles,Día de semana,Invierno
2025-09-03,EXPRESO LA PLATA BUENOS AIRES S.A.,BSAS_LINEA_518,SI,COLECTIVO,MUNICIPAL,BUENOS AIRES,LA PLATA,978,NO,9,Septiembre,Miércoles,Día de semana,Invierno
2025-09-03,UNION PLATENSE SRL,BSAS_LINEA_520C,SI,COLECTIVO,MUNICIPAL,BUENOS AIRES,LA PLATA,16050,NO,9,Septiembre,Miércoles,Día de semana,Invierno
2025-09-03,EMPRESA NUEVE DE JULIO S.A.T.,BSAS_LINEA_561B,SI,COLECTIVO,MUNICIPAL,BUENOS AIRES,LA PLATA,1706,NO,9,Septiembre,Miércoles,Día de semana,Invierno
2025-09-03,EMPRESA NUEVE DE JULIO S.A.T.,LINEA OESTE,SI,COLECTIVO,MUNICIPAL,BUENOS AIRES,LA PLATA,71059,NO,9,Septiembre,Miércoles,Día de semana,Invierno
2025-09-03,FUERTE BARRAGAN S.A.T.I.C.I.,LINEA_506F_BSAS,SI,COLECTIVO,MUNICIPAL,BUENOS AIRES,LA PLATA,12839,NO,9,Septiembre,Miércoles,Día de semana,Invierno
2025-09-03,UNION PLATENSE SRL,NORTE MUNICIPAL,SI,COLECTIVO,MUNICIPAL,BUENOS AIRES,LA PLATA,13357,NO,9,Septiembre,Miércoles,Día de semana,Invierno
2025-09-04,UNION PLATENSE SRL,BSAS_LINEA_502_SUR,SI,COLECTIVO,MUNICIPAL,BUENOS AIRES,LA PLATA,13695,NO,9,Septiembre,Jueves,Día de semana,Invierno
2025-09-04,MICROEXPRES S.A.,BSAS_LINEA_503_ESTE,SI,COLECTIVO,MUNICIPAL,BUENOS AIRES,LA PLATA,9219,NO,9,Septiembre,Jueves,Día de semana,Invierno
2025-09-04,EXPRESO LA PLATA BUENOS AIRES S.A.,BSAS_LINEA_503E,SI,COLECTIVO,MUNICIPAL,BUENOS AIRES,LA PLATA,34668,NO,9,Septiembre,Jueves,Día de semana,Invierno
2025-09-04,EMPRESA NUEVE DE JULIO S.A.T.,BSAS_LINEA_508C,SI,COLECTIVO,MUNICIPAL,BUENOS AIRES,LA PLATA,1515,NO,9,Septiembre,Jueves,Día de semana,Invierno
2025-09-04,EXPRESO LA PLATA BUENOS AIRES S.A.,BSAS_LINEA_518,SI,COLECTIVO,MUNICIPAL,BUENOS AIRES,LA PLATA,1017,NO,9,Septiembre,Jueves,Día de semana,Invierno
2025-09-04,UNION PLATENSE SRL,BSAS_LINEA_520C,SI,COLECTIVO,MUNICIPAL,BUENOS AIRES,LA PLATA,16537,NO,9,Septiembre,Jueves,Día de semana,Invierno
2025-09-04,EMPRESA NUEVE DE JULIO S.A.T.,BSAS_LINEA_561B,SI,COLECTIVO,MUNICIPAL,BUENOS AIRES,LA PLATA,1640,NO,9,Septiembre,Jueves,Día de semana,Invierno
2025-09-04,EMPRESA NUEVE DE JULIO S.A.T.,LINEA OESTE,SI,COLECTIVO,MUNICIPAL,BUENOS AIRES,LA PLATA,70809,NO,9,Septiembre,Jueves,Día de semana,Invierno
2025-09-04,FUERTE BARRAGAN S.A.T.I.C.I.,LINEA_506F_BSAS,SI,COLECTIVO,MUNICIPAL,BUENOS AIRES,LA PLATA,13178,NO,9,Septiembre,Jueves,Día de semana,Invierno
2025-09-04,UNION PLATENSE SRL,NORTE MUNICIPAL,SI,COLECTIVO,MUNICIPAL,BUENOS AIRES,LA PLATA,13400,NO,9,Septiembre,Jueves,Día de semana,Invierno
2025-09-05,UNION PLATENSE SRL,BSAS_LINEA_502_SUR,SI,COLECTIVO,MUNICIPAL,BUENOS AIRES,LA PLATA,13415,NO,9,Septiembre,Viernes,Día de semana,Invierno
2025-09-05,MICROEXPRES S.A.,BSAS_LINEA_503_ESTE,SI,COLECTIVO,MUNICIPAL,BUENOS AIRES,LA PLATA,8206,NO,9,Septiembre,Viernes,Día de semana,Invierno
2025-09-05,EXPRESO LA PLATA BUENOS AIRES S.A.,BSAS_LINEA_503E,SI,COLECTIVO,MUNICIPAL,BUENOS AIRES,LA PLATA,34056,NO,9,Septiembre,Viernes,Día de semana,Invierno
2025-09-05,EMPRESA NUEVE DE JULIO S.A.T.,BSAS_LINEA_508C,SI,COLECTIVO,MUNICIPAL,BUENOS AIRES,LA PLATA,1323,NO,9,Septiembre,Viernes,Día de semana,Invierno
2025-09-05,EXPRESO LA PLATA BUENOS AIRES S.A.,BSAS_LINEA_518,SI,COLECTIVO,MUNICIPAL,BUENOS AIRES,LA PLATA,905,NO,9,Septiembre,Viernes,Día de semana,Invierno
2025-09-05,UNION PLATENSE SRL,BSAS_LINEA_520C,SI,COLECTIVO,MUNICIPAL,BUENOS AIRES,LA PLATA,16040,NO,9,Septiembre,Viernes,Día de semana,Invierno
2025-09-05,EMPRESA NUEVE DE JULIO S.A.T.,BSAS_LINEA_561B,SI,COLECTIVO,MUNICIPAL,BUENOS AIRES,LA PLATA,1690,NO,9,Septiembre,Viernes,Día de semana,Invierno
2025-09-05,EMPRESA NUEVE DE JULIO S.A.T.,LINEA OESTE,SI,COLECTIVO,MUNICIPAL,BUENOS AIRES,LA PLATA,70235,NO,9,Septiembre,Viernes,Día de semana,Invierno
2025-09-05,FUERTE BARRAGAN S.A.T.I.C.I.,LINEA_506F_BSAS,SI,COLECTIVO,MUNICIPAL,BUENOS AIRES,LA PLATA,13173,NO,9,Septiembre,Viernes,Día de semana,Invierno
2025-09-05,UNION PLATENSE SRL,NORTE MUNICIPAL,SI,COLECTIVO,MUNICIPAL,BUENOS AIRES,LA PLATA,12799,NO,9,Septiembre,Viernes,Día de semana,Invierno
2025-09-06,UNION PLATENSE SRL,BSAS_LINEA_502_SUR,SI,COLECTIVO,MUNICIPAL,BUENOS AIRES,LA PLATA,4411,NO,9,Septiembre,Sábado,Fin de semana,Invierno
2025-09-06,MICROEXPRES S.A.,BSAS_LINEA_503_ESTE,SI,COLECTIVO,MUNICIPAL,BUENOS AIRES,LA PLATA,3873,NO,9,Septiembre,Sábado,Fin de semana,Invierno
2025-09-06,EXPRESO LA PLATA BUENOS AIRES S.A.,BSAS_LINEA_503E,SI,COLECTIVO,MUNICIPAL,BUENOS AIRES,LA PLATA,16232,NO,9,Septiembre,Sábado,Fin de semana,Invierno
2025-09-06,EMPRESA NUEVE DE JULIO S.A.T.,BSAS_LINEA_508C,SI,COLECTIVO,MUNICIPAL,BUENOS AIRES,LA PLATA,475,NO,9,Septiembre,Sábado,Fin de semana,Invierno
2025-09-06,EXPRESO LA PLATA BUENOS AIRES S.A.,BSAS_LINEA_518,SI,COLECTIVO,MUNICIPAL,BUENOS AIRES,LA PLATA,343,NO,9,Septiembre,Sábado,Fin de semana,Invierno
2025-09-06,UNION PLATENSE SRL,BSAS_LINEA_520C,SI,COLECTIVO,MUNICIPAL,BUENOS AIRES,LA PLATA,5936,NO,9,Septiembre,Sábado,Fin de semana,Invierno
2025-09-06,EMPRESA NUEVE DE JULIO S.A.T.,BSAS_LINEA_561B,SI,COLECTIVO,MUNICIPAL,BUENOS AIRES,LA PLATA,496,NO,9,Septiembre,Sábado,Fin de semana,Invierno
2025-09-06,EMPRESA NUEVE DE JULIO S.A.T.,LINEA OESTE,SI,COLECTIVO,MUNICIPAL,BUENOS AIRES,LA PLATA,30854,NO,9,Septiembre,Sábado,Fin de semana,Invierno
2025-09-06,FUERTE BARRAGAN S.A.T.I.C.I.,LINEA_506F_BSAS,SI,COLECTIVO,MUNICIPAL,BUENOS AIRES,LA PLATA,5445,NO,9,Septiembre,Sábado,Fin de semana,Invierno
2025-09-06,UNION PLATENSE SRL,NORTE MUNICIPAL,SI,COLECTIVO,MUNICIPAL,BUENOS AIRES,LA PLATA,3631,NO,9,Septiembre,Sábado,Fin de semana,Invierno
2025-09-07,UNION PLATENSE SRL,BSAS_LINEA_502_SUR,SI,COLECTIVO,MUNICIPAL,BUENOS AIRES,LA PLATA,2,NO,9,Septiembre,Domingo,Fin de semana,Invierno
2025-09-07,MICROEXPRES S.A.,BSAS_LINEA_503_ESTE,SI,COLECTIVO,MUNICIPAL,BUENOS AIRES,LA PLATA,524,NO,9,Septiembre,Domingo,Fin de semana,Invierno
2025-09-07,EXPRESO LA PLATA BUENOS AIRES S.A.,BSAS_LINEA_503E,SI,COLECTIVO,MUNICIPAL,BUENOS AIRES,LA PLATA,31,NO,9,Septiembre,Domingo,Fin de semana,Invierno
2025-09-07,EMPRESA NUEVE DE JULIO S.A.T.,BSAS_LINEA_508C,SI,COLECTIVO,MUNICIPAL,BUENOS AIRES,LA PLATA,23,NO,9,Septiembre,Domingo,Fin de semana,Invierno
2025-09-07,UNION PLATENSE SRL,BSAS_LINEA_520C,SI,COLECTIVO,MUNICIPAL,BUENOS AIRES,LA PLATA,12,NO,9,Septiembre,Domingo,Fin de semana,Invierno
2025-09-07,EMPRESA NUEVE DE JULIO S.A.T.,BSAS_LINEA_561B,SI,COLECTIVO,MUNICIPAL,BUENOS AIRES,LA PLATA,92,NO,9,Septiembre,Domingo,Fin de semana,Invierno
2025-09-07,EMPRESA NUEVE DE JULIO S.A.T.,LINEA OESTE,SI,COLECTIVO,MUNICIPAL,BUENOS AIRES,LA PLATA,4997,NO,9,Septiembre,Domingo,Fin de semana,Invierno
2025-09-07,FUERTE BARRAGAN S.A.T.I.C.I.,LINEA_506F_BSAS,SI,COLECTIVO,MUNICIPAL,BUENOS AIRES,LA PLATA,99,NO,9,Septiembre,Domingo,Fin de semana,Invierno
2025-09-07,UNION PLATENSE SRL,NORTE MUNICIPAL,SI,COLECTIVO,MUNICIPAL,BUENOS AIRES,LA PLATA,49,NO,9,Septiembre,Domingo,Fin de semana,Invierno
2025-09-08,UNION PLATENSE SRL,BSAS_LINEA_502_SUR,SI,COLECTIVO,MUNICIPAL,BUENOS AIRES,LA PLATA,12950,NO,9,Septiembre,Lunes,Día de semana,Invierno
2025-09-08,MICROEXPRES S.A.,BSAS_LINEA_503_ESTE,SI,COLECTIVO,MUNICIPAL,BUENOS AIRES,LA PLATA,8576,NO,9,Septiembre,Lunes,Día de semana,Invierno
2025-09-08,EXPRESO LA PLATA BUENOS AIRES S.A.,BSAS_LINEA_503E,SI,COLECTIVO,MUNICIPAL,BUENOS AIRES,LA PLATA,34203,NO,9,Septiembre,Lunes,Día de semana,Invierno
2025-09-08,EMPRESA NUEVE DE JULIO S.A.T.,BSAS_LINEA_508C,SI,COLECTIVO,MUNICIPAL,BUENOS AIRES,LA PLATA,1403,NO,9,Septiembre,Lunes,Día de semana,Invierno
2025-09-08,EXPRESO LA PLATA BUENOS AIRES S.A.,BSAS_LINEA_518,SI,COLECTIVO,MUNICIPAL,BUENOS AIRES,LA PLATA,914,NO,9,Septiembre,Lunes,Día de semana,Invierno
2025-09-08,UNION PLATENSE SRL,BSAS_LINEA_520C,SI,COLECTIVO,MUNICIPAL,BUENOS AIRES,LA PLATA,15535,NO,9,Septiembre,Lunes,Día de semana,Invierno
2025-09-08,EMPRESA NUEVE DE JULIO S.A.T.,BSAS_LINEA_561B,SI,COLECTIVO,MUNICIPAL,BUENOS AIRES,LA PLATA,1601,NO,9,Septiembre,Lunes,Día de semana,Invierno
2025-09-08,EMPRESA NUEVE DE JULIO S.A.T.,LINEA OESTE,SI,COLECTIVO,MUNICIPAL,BUENOS AIRES,LA PLATA,70688,NO,9,Septiembre,Lunes,Día de semana,Invierno
2025-09-08,FUERTE BARRAGAN S.A.T.I.C.I.,LINEA_506F_BSAS,SI,COLECTIVO,MUNICIPAL,BUENOS AIRES,LA PLATA,13215,NO,9,Septiembre,Lunes,Día de semana,Invierno
2025-09-08,UNION PLATENSE SRL,NORTE MUNICIPAL,SI,COLECTIVO,MUNICIPAL,BUENOS AIRES,LA PLATA,12708,NO,9,Septiembre,Lunes,Día de semana,Invierno
2025-09-09,UNION PLATENSE SRL,BSAS_LINEA_502_SUR,SI,COLECTIVO,MUNICIPAL,BUENOS AIRES,LA PLATA,14417,NO,9,Septiembre,Martes,Día de semana,Invierno
2025-09-09,MICROEXPRES S.A.,BSAS_LINEA_503_ESTE,SI,COLECTIVO,MUNICIPAL,BUENOS AIRES,LA PLATA,9066,NO,9,Septiembre,Martes,Día de semana,Invierno
2025-09-09,EXPRESO LA PLATA BUENOS AIRES S.A.,BSAS_LINEA_503E,SI,COLECTIVO,MUNICIPAL,BUENOS AIRES,LA PLATA,35598,NO,9,Septiembre,Martes,Día de semana,Invierno
2025-09-09,EMPRESA NUEVE DE JULIO S.A.T.,BSAS_LINEA_508C,SI,COLECTIVO,MUNICIPAL,BUENOS AIRES,LA PLATA,1464,NO,9,Septiembre,Martes,Día de semana,Invierno
2025-09-09,EXPRESO LA PLATA BUENOS AIRES S.A.,BSAS_LINEA_518,SI,COLECTIVO,MUNICIPAL,BUENOS AIRES,LA PLATA,1007,NO,9,Septiembre,Martes,Día de semana,Invierno
2025-09-09,UNION PLATENSE SRL,BSAS_LINEA_520C,SI,COLECTIVO,MUNICIPAL,BUENOS AIRES,LA PLATA,16533,NO,9,Septiembre,Martes,Día de semana,Invierno
2025-09-09,EMPRESA NUEVE DE JULIO S.A.T.,BSAS_LINEA_561B,SI,COLECTIVO,MUNICIPAL,BUENOS AIRES,LA PLATA,1813,NO,9,Septiembre,Martes,Día de semana,Invierno
2025-09-09,EMPRESA NUEVE DE JULIO S.A.T.,LINEA OESTE,SI,COLECTIVO,MUNICIPAL,BUENOS AIRES,LA PLATA,73640,NO,9,Septiembre,Martes,Día de semana,Invierno
2025-09-09,FUERTE BARRAGAN S.A.T.I.C.I.,LINEA_506F_BSAS,SI,COLECTIVO,MUNICIPAL,BUENOS AIRES,LA PLATA,13964,NO,9,Septiembre,Martes,Día de semana,Invierno
2025-09-09,UNION PLATENSE SRL,NORTE MUNICIPAL,SI,COLECTIVO,MUNICIPAL,BUENOS AIRES,LA PLATA,14748,NO,9,Septiembre,Martes,Día de semana,Invierno
2025-09-10,UNION PLATENSE SRL,BSAS_LINEA_502_SUR,SI,COLECTIVO,MUNICIPAL,BUENOS AIRES,LA PLATA,14233,NO,9,Septiembre,Miércoles,Día de semana,Invierno
2025-09-10,MICROEXPRES S.A.,BSAS_LINEA_503_ESTE,SI,COLECTIVO,MUNICIPAL,BUENOS AIRES,LA PLATA,9257,NO,9,Septiembre,Miércoles,Día de semana,Invierno
2025-09-10,EXPRESO LA PLATA BUENOS AIRES S.A.,BSAS_LINEA_503E,SI,COLECTIVO,MUNICIPAL,BUENOS AIRES,LA PLATA,35566,NO,9,Septiembre,Miércoles,Día de semana,Invierno
2025-09-10,EMPRESA NUEVE DE JULIO S.A.T.,BSAS_LINEA_508C,SI,COLECTIVO,MUNICIPAL,BUENOS AIRES,LA PLATA,1405,NO,9,Septiembre,Miércoles,Día de semana,Invierno
2025-09-10,EXPRESO LA PLATA BUENOS AIRES S.A.,BSAS_LINEA_518,SI,COLECTIVO,MUNICIPAL,BUENOS AIRES,LA PLATA,919,NO,9,Septiembre,Miércoles,Día de semana,Invierno
2025-09-10,UNION PLATENSE SRL,BSAS_LINEA_520C,SI,COLECTIVO,MUNICIPAL,BUENOS AIRES,LA PLATA,16307,NO,9,Septiembre,Miércoles,Día de semana,Invierno
2025-09-10,EMPRESA NUEVE DE JULIO S.A.T.,BSAS_LINEA_561B,SI,COLECTIVO,MUNICIPAL,BUENOS AIRES,LA PLATA,1706,NO,9,Septiembre,Miércoles,Día de semana,Invierno
2025-09-10,EMPRESA NUEVE DE JULIO S.A.T.,LINEA OESTE,SI,COLECTIVO,MUNICIPAL,BUENOS AIRES,LA PLATA,74235,NO,9,Septiembre,Miércoles,Día de semana,Invierno
2025-09-10,FUERTE BARRAGAN S.A.T.I.C.I.,LINEA_506F_BSAS,SI,COLECTIVO,MUNICIPAL,BUENOS AIRES,LA PLATA,14204,NO,9,Septiembre,Miércoles,Día de semana,Invierno
2025-09-10,UNION PLATENSE SRL,NORTE MUNICIPAL,SI,COLECTIVO,MUNICIPAL,BUENOS AIRES,LA PLATA,13078,NO,9,Septiembre,Miércoles,Día de semana,Invierno
2025-09-11,UNION PLATENSE SRL,BSAS_LINEA_502_SUR,SI,COLECTIVO,MUNICIPAL,BUENOS AIRES,LA PLATA,9301,NO,9,Septiembre,Jueves,Día de semana,Invierno
2025-09-11,MICROEXPRES S.A.,BSAS_LINEA_503_ESTE,SI,COLECTIVO,MUNICIPAL,BUENOS AIRES,LA PLATA,6066,NO,9,Septiembre,Jueves,Día de semana,Invierno
2025-09-11,EXPRESO LA PLATA BUENOS AIRES S.A.,BSAS_LINEA_503E,SI,COLECTIVO,MUNICIPAL,BUENOS AIRES,LA PLATA,24638,NO,9,Septiembre,Jueves,Día de semana,Invierno
2025-09-11,EMPRESA NUEVE DE JULIO S.A.T.,BSAS_LINEA_508C,SI,COLECTIVO,MUNICIPAL,BUENOS AIRES,LA PLATA,1182,NO,9,Septiembre,Jueves,Día de semana,Invierno
2025-09-11,EXPRESO LA PLATA BUENOS AIRES S.A.,BSAS_LINEA_518,SI,COLECTIVO,MUNICIPAL,BUENOS AIRES,LA PLATA,708,NO,9,Septiembre,Jueves,Día de semana,Invierno
2025-09-11,UNION PLATENSE SRL,BSAS_LINEA_520C,SI,COLECTIVO,MUNICIPAL,BUENOS AIRES,LA PLATA,10570,NO,9,Septiembre,Jueves,Día de semana,Invierno
2025-09-11,EMPRESA NUEVE DE JULIO S.A.T.,BSAS_LINEA_561B,SI,COLECTIVO,MUNICIPAL,BUENOS AIRES,LA PLATA,1525,NO,9,Septiembre,Jueves,Día de semana,Invierno
2025-09-11,EMPRESA NUEVE DE JULIO S.A.T.,LINEA OESTE,SI,COLECTIVO,MUNICIPAL,BUENOS AIRES,LA PLATA,46710,NO,9,Septiembre,Jueves,Día de semana,Invierno
2025-09-11,FUERTE BARRAGAN S.A.T.I.C.I.,LINEA_506F_BSAS,SI,COLECTIVO,MUNICIPAL,BUENOS AIRES,LA PLATA,9261,NO,9,Septiembre,Jueves,Día de semana,Invierno
2025-09-11,UNION PLATENSE SRL,NORTE MUNICIPAL,SI,COLECTIVO,MUNICIPAL,BUENOS AIRES,LA PLATA,8808,NO,9,Septiembre,Jueves,Día de semana,Invierno
2025-09-12,UNION PLATENSE SRL,BSAS_LINEA_502_SUR,SI,COLECTIVO,MUNICIPAL,BUENOS AIRES,LA PLATA,12810,NO,9,Septiembre,Viernes,Día de semana,Invierno
2025-09-12,MICROEXPRES S.A.,BSAS_LINEA_503_ESTE,SI,COLECTIVO,MUNICIPAL,BUENOS AIRES,LA PLATA,8531,NO,9,Septiembre,Viernes,Día de semana,Invierno
2025-09-12,EXPRESO LA PLATA BUENOS AIRES S.A.,BSAS_LINEA_503E,SI,COLECTIVO,MUNICIPAL,BUENOS AIRES,LA PLATA,33412,NO,9,Septiembre,Viernes,Día de semana,Invierno
2025-09-12,EMPRESA NUEVE DE JULIO S.A.T.,BSAS_LINEA_508C,SI,COLECTIVO,MUNICIPAL,BUENOS AIRES,LA PLATA,1331,NO,9,Septiembre,Viernes,Día de semana,Invierno
2025-09-12,EXPRESO LA PLATA BUENOS AIRES S.A.,BSAS_LINEA_518,SI,COLECTIVO,MUNICIPAL,BUENOS AIRES,LA PLATA,866,NO,9,Septiembre,Viernes,Día de semana,Invierno
2025-09-12,UNION PLATENSE SRL,BSAS_LINEA_520C,SI,COLECTIVO,MUNICIPAL,BUENOS AIRES,LA PLATA,14817,NO,9,Septiembre,Viernes,Día de semana,Invierno
2025-09-12,EMPRESA NUEVE DE JULIO S.A.T.,BSAS_LINEA_561B,SI,COLECTIVO,MUNICIPAL,BUENOS AIRES,LA PLATA,1651,NO,9,Septiembre,Viernes,Día de semana,Invierno
2025-09-12,EMPRESA NUEVE DE JULIO S.A.T.,LINEA OESTE,SI,COLECTIVO,MUNICIPAL,BUENOS AIRES,LA PLATA,68343,NO,9,Septiembre,Viernes,Día de semana,Invierno
2025-09-12,FUERTE BARRAGAN S.A.T.I.C.I.,LINEA_506F_BSAS,SI,COLECTIVO,MUNICIPAL,BUENOS AIRES,LA PLATA,12963,NO,9,Septiembre,Viernes,Día de semana,Invierno
2025-09-12,UNION PLATENSE SRL,NORTE MUNICIPAL,SI,COLECTIVO,MUNICIPAL,BUENOS AIRES,LA PLATA,11574,NO,9,Septiembre,Viernes,Día de semana,Invierno
2025-09-13,UNION PLATENSE SRL,BSAS_LINEA_502_SUR,SI,COLECTIVO,MUNICIPAL,BUENOS AIRES,LA PLATA,4611,NO,9,Septiembre,Sábado,Fin de semana,Invierno
2025-09-13,MICROEXPRES S.A.,BSAS_LINEA_503_ESTE,SI,COLECTIVO,MUNICIPAL,BUENOS AIRES,LA PLATA,3889,NO,9,Septiembre,Sábado,Fin de semana,Invierno
2025-09-13,EXPRESO LA PLATA BUENOS AIRES S.A.,BSAS_LINEA_503E,SI,COLECTIVO,MUNICIPAL,BUENOS AIRES,LA PLATA,17267,NO,9,Septiembre,Sábado,Fin de semana,Invierno
2025-09-13,EMPRESA NUEVE DE JULIO S.A.T.,BSAS_LINEA_508C,SI,COLECTIVO,MUNICIPAL,BUENOS AIRES,LA PLATA,576,NO,9,Septiembre,Sábado,Fin de semana,Invierno
2025-09-13,EXPRESO LA PLATA BUENOS AIRES S.A.,BSAS_LINEA_518,SI,COLECTIVO,MUNICIPAL,BUENOS AIRES,LA PLATA,477,NO,9,Septiembre,Sábado,Fin de semana,Invierno
2025-09-13,UNION PLATENSE SRL,BSAS_LINEA_520C,SI,COLECTIVO,MUNICIPAL,BUENOS AIRES,LA PLATA,6206,NO,9,Septiembre,Sábado,Fin de semana,Invierno
2025-09-13,EMPRESA NUEVE DE JULIO S.A.T.,BSAS_LINEA_561B,SI,COLECTIVO,MUNICIPAL,BUENOS AIRES,LA PLATA,497,NO,9,Septiembre,Sábado,Fin de semana,Invierno
2025-09-13,EMPRESA NUEVE DE JULIO S.A.T.,LINEA OESTE,SI,COLECTIVO,MUNICIPAL,BUENOS AIRES,LA PLATA,31170,NO,9,Septiembre,Sábado,Fin de semana,Invierno
2025-09-13,FUERTE BARRAGAN S.A.T.I.C.I.,LINEA_506F_BSAS,SI,COLECTIVO,MUNICIPAL,BUENOS AIRES,LA PLATA,5548,NO,9,Septiembre,Sábado,Fin de semana,Invierno
2025-09-13,UNION PLATENSE SRL,NORTE MUNICIPAL,SI,COLECTIVO,MUNICIPAL,BUENOS AIRES,LA PLATA,4221,NO,9,Septiembre,Sábado,Fin de semana,Invierno
2025-09-14,UNION PLATENSE SRL,BSAS_LINEA_502_SUR,SI,COLECTIVO,MUNICIPAL,BUENOS AIRES,LA PLATA,1538,NO,9,Septiembre,Domingo,Fin de semana,Invierno
2025-09-14,MICROEXPRES S.A.,BSAS_LINEA_503_ESTE,SI,COLECTIVO,MUNICIPAL,BUENOS AIRES,LA PLATA,2687,NO,9,Septiembre,Domingo,Fin de semana,Invierno
2025-09-14,EXPRESO LA PLATA BUENOS AIRES S.A.,BSAS_LINEA_503E,SI,COLECTIVO,MUNICIPAL,BUENOS AIRES,LA PLATA,11260,NO,9,Septiembre,Domingo,Fin de semana,Invierno
2025-09-14,EMPRESA NUEVE DE JULIO S.A.T.,BSAS_LINEA_508C,SI,COLECTIVO,MUNICIPAL,BUENOS AIRES,LA PLATA,305,NO,9,Septiembre,Domingo,Fin de semana,Invierno
2025-09-14,UNION PLATENSE SRL,BSAS_LINEA_520C,SI,COLECTIVO,MUNICIPAL,BUENOS AIRES,LA PLATA,2979,NO,9,Septiembre,Domingo,Fin de semana,Invierno
2025-09-14,EMPRESA NUEVE DE JULIO S.A.T.,BSAS_LINEA_561B,SI,COLECTIVO,MUNICIPAL,BUENOS AIRES,LA PLATA,376,NO,9,Septiembre,Domingo,Fin de semana,Invierno
2025-09-14,EMPRESA NUEVE DE JULIO S.A.T.,LINEA OESTE,SI,COLECTIVO,MUNICIPAL,BUENOS AIRES,LA PLATA,18314,NO,9,Septiembre,Domingo,Fin de semana,Invierno
2025-09-14,FUERTE BARRAGAN S.A.T.I.C.I.,LINEA_506F_BSAS,SI,COLECTIVO,MUNICIPAL,BUENOS AIRES,LA PLATA,3795,NO,9,Septiembre,Domingo,Fin de semana,Invierno
2025-09-14,UNION PLATENSE SRL,NORTE MUNICIPAL,SI,COLECTIVO,MUNICIPAL,BUENOS AIRES,LA PLATA,2314,NO,9,Septiembre,Domingo,Fin de semana,Invierno
2025-09-15,UNION PLATENSE SRL,BSAS_LINEA_502_SUR,SI,COLECTIVO,MUNICIPAL,BUENOS AIRES,LA PLATA,13242,NO,9,Septiembre,Lunes,Día de semana,Invierno
2025-09-15,MICROEXPRES S.A.,BSAS_LINEA_503_ESTE,SI,COLECTIVO,MUNICIPAL,BUENOS AIRES,LA PLATA,8599,NO,9,Septiembre,Lunes,Día de semana,Invierno
2025-09-15,EXPRESO LA PLATA BUENOS AIRES S.A.,BSAS_LINEA_503E,SI,COLECTIVO,MUNICIPAL,BUENOS AIRES,LA PLATA,34544,NO,9,Septiembre,Lunes,Día de semana,Invierno
2025-09-15,EMPRESA NUEVE DE JULIO S.A.T.,BSAS_LINEA_508C,SI,COLECTIVO,MUNICIPAL,BUENOS AIRES,LA PLATA,1263,NO,9,Septiembre,Lunes,Día de semana,Invierno
2025-09-15,EXPRESO LA PLATA BUENOS AIRES S.A.,BSAS_LINEA_518,SI,COLECTIVO,MUNICIPAL,BUENOS AIRES,LA PLATA,935,NO,9,Septiembre,Lunes,Día de semana,Invierno
2025-09-15,UNION PLATENSE SRL,BSAS_LINEA_520C,SI,COLECTIVO,MUNICIPAL,BUENOS AIRES,LA PLATA,15525,NO,9,Septiembre,Lunes,Día de semana,Invierno
2025-09-15,EMPRESA NUEVE DE JULIO S.A.T.,BSAS_LINEA_561B,SI,COLECTIVO,MUNICIPAL,BUENOS AIRES,LA PLATA,1711,NO,9,Septiembre,Lunes,Día de semana,Invierno
2025-09-15,EMPRESA NUEVE DE JULIO S.A.T.,LINEA OESTE,SI,COLECTIVO,MUNICIPAL,BUENOS AIRES,LA PLATA,69198,NO,9,Septiembre,Lunes,Día de semana,Invierno
2025-09-15,FUERTE BARRAGAN S.A.T.I.C.I.,LINEA_506F_BSAS,SI,COLECTIVO,MUNICIPAL,BUENOS AIRES,LA PLATA,12878,NO,9,Septiembre,Lunes,Día de semana,Invierno
2025-09-15,UNION PLATENSE SRL,NORTE MUNICIPAL,SI,COLECTIVO,MUNICIPAL,BUENOS AIRES,LA PLATA,12716,NO,9,Septiembre,Lunes,Día de semana,Invierno
2025-09-16,UNION PLATENSE SRL,BSAS_LINEA_502_SUR,SI,COLECTIVO,MUNICIPAL,BUENOS AIRES,LA PLATA,13411,NO,9,Septiembre,Martes,Día de semana,Invierno
2025-09-16,MICROEXPRES S.A.,BSAS_LINEA_503_ESTE,SI,COLECTIVO,MUNICIPAL,BUENOS AIRES,LA PLATA,8401,NO,9,Septiembre,Martes,Día de semana,Invierno
2025-09-16,EXPRESO LA PLATA BUENOS AIRES S.A.,BSAS_LINEA_503E,SI,COLECTIVO,MUNICIPAL,BUENOS AIRES,LA PLATA,35513,NO,9,Septiembre,Martes,Día de semana,Invierno
2025-09-16,EMPRESA NUEVE DE JULIO S.A.T.,BSAS_LINEA_508C,SI,COLECTIVO,MUNICIPAL,BUENOS AIRES,LA PLATA,1574,NO,9,Septiembre,Martes,Día de semana,Invierno
2025-09-16,EXPRESO LA PLATA BUENOS AIRES S.A.,BSAS_LINEA_518,SI,COLECTIVO,MUNICIPAL,BUENOS AIRES,LA PLATA,874,NO,9,Septiembre,Martes,Día de semana,Invierno
2025-09-16,UNION PLATENSE SRL,BSAS_LINEA_520C,SI,COLECTIVO,MUNICIPAL,BUENOS AIRES,LA PLATA,16125,NO,9,Septiembre,Martes,Día de semana,Invierno
2025-09-16,EMPRESA NUEVE DE JULIO S.A.T.,BSAS_LINEA_561B,SI,COLECTIVO,MUNICIPAL,BUENOS AIRES,LA PLATA,1573,NO,9,Septiembre,Martes,Día de semana,Invierno
2025-09-16,EMPRESA NUEVE DE JULIO S.A.T.,LINEA OESTE,SI,COLECTIVO,MUNICIPAL,BUENOS AIRES,LA PLATA,73490,NO,9,Septiembre,Martes,Día de semana,Invierno
2025-09-16,FUERTE BARRAGAN S.A.T.I.C.I.,LINEA_506F_BSAS,SI,COLECTIVO,MUNICIPAL,BUENOS AIRES,LA PLATA,13730,NO,9,Septiembre,Martes,Día de semana,Invierno
2025-09-16,UNION PLATENSE SRL,NORTE MUNICIPAL,SI,COLECTIVO,MUNICIPAL,BUENOS AIRES,LA PLATA,14434,NO,9,Septiembre,Martes,Día de semana,Invierno
2025-09-17,UNION PLATENSE SRL,BSAS_LINEA_502_SUR,SI,COLECTIVO,MUNICIPAL,BUENOS AIRES,LA PLATA,13242,NO,9,Septiembre,Miércoles,Día de semana,Invierno
2025-09-17,MICROEXPRES S.A.,BSAS_LINEA_503_ESTE,SI,COLECTIVO,MUNICIPAL,BUENOS AIRES,LA PLATA,8444,NO,9,Septiembre,Miércoles,Día de semana,Invierno
2025-09-17,EXPRESO LA PLATA BUENOS AIRES S.A.,BSAS_LINEA_503E,SI,COLECTIVO,MUNICIPAL,BUENOS AIRES,LA PLATA,33160,NO,9,Septiembre,Miércoles,Día de semana,Invierno
2025-09-17,EMPRESA NUEVE DE JULIO S.A.T.,BSAS_LINEA_508C,SI,COLECTIVO,MUNICIPAL,BUENOS AIRES,LA PLATA,1218,NO,9,Septiembre,Miércoles,Día de semana,Invierno
2025-09-17,EXPRESO LA PLATA BUENOS AIRES S.A.,BSAS_LINEA_518,SI,COLECTIVO,MUNICIPAL,BUENOS AIRES,LA PLATA,908,NO,9,Septiembre,Miércoles,Día de semana,Invierno
2025-09-17,UNION PLATENSE SRL,BSAS_LINEA_520C,SI,COLECTIVO,MUNICIPAL,BUENOS AIRES,LA PLATA,15166,NO,9,Septiembre,Miércoles,Día de semana,Invierno
2025-09-17,EMPRESA NUEVE DE JULIO S.A.T.,BSAS_LINEA_561B,SI,COLECTIVO,MUNICIPAL,BUENOS AIRES,LA PLATA,1535,NO,9,Septiembre,Miércoles,Día de semana,Invierno
2025-09-17,EMPRESA NUEVE DE JULIO S.A.T.,LINEA OESTE,SI,COLECTIVO,MUNICIPAL,BUENOS AIRES,LA PLATA,67470,NO,9,Septiembre,Miércoles,Día de semana,Invierno
2025-09-17,FUERTE BARRAGAN S.A.T.I.C.I.,LINEA_506F_BSAS,SI,COLECTIVO,MUNICIPAL,BUENOS AIRES,LA PLATA,12829,NO,9,Septiembre,Miércoles,Día de semana,Invierno
2025-09-17,UNION PLATENSE SRL,NORTE MUNICIPAL,SI,COLECTIVO,MUNICIPAL,BUENOS AIRES,LA PLATA,11804,NO,9,Septiembre,Miércoles,Día de semana,Invierno
2025-09-18,UNION PLATENSE SRL,BSAS_LINEA_502_SUR,SI,COLECTIVO,MUNICIPAL,BUENOS AIRES,LA PLATA,11779,NO,9,Septiembre,Jueves,Día de semana,Invierno
2025-09-18,MICROEXPRES S.A.,BSAS_LINEA_503_ESTE,SI,COLECTIVO,MUNICIPAL,BUENOS AIRES,LA PLATA,8038,NO,9,Septiembre,Jueves,Día de semana,Invierno
2025-09-18,EXPRESO LA PLATA BUENOS AIRES S.A.,BSAS_LINEA_503E,SI,COLECTIVO,MUNICIPAL,BUENOS AIRES,LA PLATA,30567,NO,9,Septiembre,Jueves,Día de semana,Invierno
2025-09-18,EMPRESA NUEVE DE JULIO S.A.T.,BSAS_LINEA_508C,SI,COLECTIVO,MUNICIPAL,BUENOS AIRES,LA PLATA,1424,NO,9,Septiembre,Jueves,Día de semana,Invierno
2025-09-18,EXPRESO LA PLATA BUENOS AIRES S.A.,BSAS_LINEA_518,SI,COLECTIVO,MUNICIPAL,BUENOS AIRES,LA PLATA,917,NO,9,Septiembre,Jueves,Día de semana,Invierno
2025-09-18,UNION PLATENSE SRL,BSAS_LINEA_520C,SI,COLECTIVO,MUNICIPAL,BUENOS AIRES,LA PLATA,13404,NO,9,Septiembre,Jueves,Día de semana,Invierno
2025-09-18,EMPRESA NUEVE DE JULIO S.A.T.,BSAS_LINEA_561B,SI,COLECTIVO,MUNICIPAL,BUENOS AIRES,LA PLATA,1737,NO,9,Septiembre,Jueves,Día de semana,Invierno
2025-09-18,EMPRESA NUEVE DE JULIO S.A.T.,LINEA OESTE,SI,COLECTIVO,MUNICIPAL,BUENOS AIRES,LA PLATA,59364,NO,9,Septiembre,Jueves,Día de semana,Invierno
2025-09-18,FUERTE BARRAGAN S.A.T.I.C.I.,LINEA_506F_BSAS,SI,COLECTIVO,MUNICIPAL,BUENOS AIRES,LA PLATA,11903,NO,9,Septiembre,Jueves,Día de semana,Invierno
2025-09-18,UNION PLATENSE SRL,NORTE MUNICIPAL,SI,COLECTIVO,MUNICIPAL,BUENOS AIRES,LA PLATA,11087,NO,9,Septiembre,Jueves,Día de semana,Invierno
2025-09-19,UNION PLATENSE SRL,BSAS_LINEA_502_SUR,SI,COLECTIVO,MUNICIPAL,BUENOS AIRES,LA PLATA,9738,NO,9,Septiembre,Viernes,Día de semana,Invierno
2025-09-19,MICROEXPRES S.A.,BSAS_LINEA_503_ESTE,SI,COLECTIVO,MUNICIPAL,BUENOS AIRES,LA PLATA,6689,NO,9,Septiembre,Viernes,Día de semana,Invierno
2025-09-19,EXPRESO LA PLATA BUENOS AIRES S.A.,BSAS_LINEA_503E,SI,COLECTIVO,MUNICIPAL,BUENOS AIRES,LA PLATA,25835,NO,9,Septiembre,Viernes,Día de semana,Invierno
2025-09-19,EMPRESA NUEVE DE JULIO S.A.T.,BSAS_LINEA_508C,SI,COLECTIVO,MUNICIPAL,BUENOS AIRES,LA PLATA,923,NO,9,Septiembre,Viernes,Día de semana,Invierno
2025-09-19,EXPRESO LA PLATA BUENOS AIRES S.A.,BSAS_LINEA_518,SI,COLECTIVO,MUNICIPAL,BUENOS AIRES,LA PLATA,671,NO,9,Septiembre,Viernes,Día de semana,Invierno
2025-09-19,UNION PLATENSE SRL,BSAS_LINEA_520C,SI,COLECTIVO,MUNICIPAL,BUENOS AIRES,LA PLATA,11324,NO,9,Septiembre,Viernes,Día de semana,Invierno
2025-09-19,EMPRESA NUEVE DE JULIO S.A.T.,BSAS_LINEA_561B,SI,COLECTIVO,MUNICIPAL,BUENOS AIRES,LA PLATA,1260,NO,9,Septiembre,Viernes,Día de semana,Invierno
2025-09-19,EMPRESA NUEVE DE JULIO S.A.T.,LINEA OESTE,SI,COLECTIVO,MUNICIPAL,BUENOS AIRES,LA PLATA,51626,NO,9,Septiembre,Viernes,Día de semana,Invierno
2025-09-19,FUERTE BARRAGAN S.A.T.I.C.I.,LINEA_506F_BSAS,SI,COLECTIVO,MUNICIPAL,BUENOS AIRES,LA PLATA,9400,NO,9,Septiembre,Viernes,Día de semana,Invierno
2025-09-19,UNION PLATENSE SRL,NORTE MUNICIPAL,SI,COLECTIVO,MUNICIPAL,BUENOS AIRES,LA PLATA,9308,NO,9,Septiembre,Viernes,Día de semana,Invierno
2025-09-20,UNION PLATENSE SRL,BSAS_LINEA_502_SUR,SI,COLECTIVO,MUNICIPAL,BUENOS AIRES,LA PLATA,3514,NO,9,Septiembre,Sábado,Fin de semana,Invierno
2025-09-20,MICROEXPRES S.A.,BSAS_LINEA_503_ESTE,SI,COLECTIVO,MUNICIPAL,BUENOS AIRES,LA PLATA,2902,NO,9,Septiembre,Sábado,Fin de semana,Invierno
2025-09-20,EXPRESO LA PLATA BUENOS AIRES S.A.,BSAS_LINEA_503E,SI,COLECTIVO,MUNICIPAL,BUENOS AIRES,LA PLATA,13322,NO,9,Septiembre,Sábado,Fin de semana,Invierno
2025-09-20,EMPRESA NUEVE DE JULIO S.A.T.,BSAS_LINEA_508C,SI,COLECTIVO,MUNICIPAL,BUENOS AIRES,LA PLATA,295,NO,9,Septiembre,Sábado,Fin de semana,Invierno
2025-09-20,EXPRESO LA PLATA BUENOS AIRES S.A.,BSAS_LINEA_518,SI,COLECTIVO,MUNICIPAL,BUENOS AIRES,LA PLATA,240,NO,9,Septiembre,Sábado,Fin de semana,Invierno
2025-09-20,UNION PLATENSE SRL,BSAS_LINEA_520C,SI,COLECTIVO,MUNICIPAL,BUENOS AIRES,LA PLATA,4514,NO,9,Septiembre,Sábado,Fin de semana,Invierno
2025-09-20,EMPRESA NUEVE DE JULIO S.A.T.,BSAS_LINEA_561B,SI,COLECTIVO,MUNICIPAL,BUENOS AIRES,LA PLATA,395,NO,9,Septiembre,Sábado,Fin de semana,Invierno
2025-09-20,EMPRESA NUEVE DE JULIO S.A.T.,LINEA OESTE,SI,COLECTIVO,MUNICIPAL,BUENOS AIRES,LA PLATA,24233,NO,9,Septiembre,Sábado,Fin de semana,Invierno
2025-09-20,FUERTE BARRAGAN S.A.T.I.C.I.,LINEA_506F_BSAS,SI,COLECTIVO,MUNICIPAL,BUENOS AIRES,LA PLATA,3959,NO,9,Septiembre,Sábado,Fin de semana,Invierno
2025-09-20,UNION PLATENSE SRL,NORTE MUNICIPAL,SI,COLECTIVO,MUNICIPAL,BUENOS AIRES,LA PLATA,2740,NO,9,Septiembre,Sábado,Fin de semana,Invierno
2025-09-21,UNION PLATENSE SRL,BSAS_LINEA_502_SUR,SI,COLECTIVO,MUNICIPAL,BUENOS AIRES,LA PLATA,1120,NO,9,Septiembre,Domingo,Fin de semana,Primavera
2025-09-21,MICROEXPRES S.A.,BSAS_LINEA_503_ESTE,SI,COLECTIVO,MUNICIPAL,BUENOS AIRES,LA PLATA,1875,NO,9,Septiembre,Domingo,Fin de semana,Primavera
2025-09-21,EXPRESO LA PLATA BUENOS AIRES S.A.,BSAS_LINEA_503E,SI,COLECTIVO,MUNICIPAL,BUENOS AIRES,LA PLATA,8656,NO,9,Septiembre,Domingo,Fin de semana,Primavera
2025-09-21,EMPRESA NUEVE DE JULIO S.A.T.,BSAS_LINEA_508C,SI,COLECTIVO,MUNICIPAL,BUENOS AIRES,LA PLATA,186,NO,9,Septiembre,Domingo,Fin de semana,Primavera
2025-09-21,UNION PLATENSE SRL,BSAS_LINEA_520C,SI,COLECTIVO,MUNICIPAL,BUENOS AIRES,LA PLATA,2304,NO,9,Septiembre,Domingo,Fin de semana,Primavera
2025-09-21,EMPRESA NUEVE DE JULIO S.A.T.,BSAS_LINEA_561B,SI,COLECTIVO,MUNICIPAL,BUENOS AIRES,LA PLATA,284,NO,9,Septiembre,Domingo,Fin de semana,Primavera
2025-09-21,EMPRESA NUEVE DE JULIO S.A.T.,LINEA OESTE,SI,COLECTIVO,MUNICIPAL,BUENOS AIRES,LA PLATA,14368,NO,9,Septiembre,Domingo,Fin de semana,Primavera
2025-09-21,FUERTE BARRAGAN S.A.T.I.C.I.,LINEA_506F_BSAS,SI,COLECTIVO,MUNICIPAL,BUENOS AIRES,LA PLATA,2526,NO,9,Septiembre,Domingo,Fin de semana,Primavera
2025-09-21,UNION PLATENSE SRL,NORTE MUNICIPAL,SI,COLECTIVO,MUNICIPAL,BUENOS AIRES,LA PLATA,1495,NO,9,Septiembre,Domingo,Fin de semana,Primavera
2025-09-22,UNION PLATENSE SRL,BSAS_LINEA_502_SUR,SI,COLECTIVO,MUNICIPAL,BUENOS AIRES,LA PLATA,13642,NO,9,Septiembre,Lunes,Día de semana,Primavera
2025-09-22,MICROEXPRES S.A.,BSAS_LINEA_503_ESTE,SI,COLECTIVO,MUNICIPAL,BUENOS AIRES,LA PLATA,8993,NO,9,Septiembre,Lunes,Día de semana,Primavera
2025-09-22,EXPRESO LA PLATA BUENOS AIRES S.A.,BSAS_LINEA_503E,SI,COLECTIVO,MUNICIPAL,BUENOS AIRES,LA PLATA,34442,NO,9,Septiembre,Lunes,Día de semana,Primavera
2025-09-22,EMPRESA NUEVE DE JULIO S.A.T.,BSAS_LINEA_508C,SI,COLECTIVO,MUNICIPAL,BUENOS AIRES,LA PLATA,1438,NO,9,Septiembre,Lunes,Día de semana,Primavera
2025-09-22,EXPRESO LA PLATA BUENOS AIRES S.A.,BSAS_LINEA_518,SI,COLECTIVO,MUNICIPAL,BUENOS AIRES,LA PLATA,863,NO,9,Septiembre,Lunes,Día de semana,Primavera
2025-09-22,UNION PLATENSE SRL,BSAS_LINEA_520C,SI,COLECTIVO,MUNICIPAL,BUENOS AIRES,LA PLATA,15564,NO,9,Septiembre,Lunes,Día de semana,Primavera
2025-09-22,EMPRESA NUEVE DE JULIO S.A.T.,BSAS_LINEA_561B,SI,COLECTIVO,MUNICIPAL,BUENOS AIRES,LA PLATA,1706,NO,9,Septiembre,Lunes,Día de semana,Primavera
2025-09-22,EMPRESA NUEVE DE JULIO S.A.T.,LINEA OESTE,SI,COLECTIVO,MUNICIPAL,BUENOS AIRES,LA PLATA,69938,NO,9,Septiembre,Lunes,Día de semana,Primavera
2025-09-22,FUERTE BARRAGAN S.A.T.I.C.I.,LINEA_506F_BSAS,SI,COLECTIVO,MUNICIPAL,BUENOS AIRES,LA PLATA,13118,NO,9,Septiembre,Lunes,Día de semana,Primavera
2025-09-22,UNION PLATENSE SRL,NORTE MUNICIPAL,SI,COLECTIVO,MUNICIPAL,BUENOS AIRES,LA PLATA,12257,NO,9,Septiembre,Lunes,Día de semana,Primavera
2025-09-23,UNION PLATENSE SRL,BSAS_LINEA_502_SUR,SI,COLECTIVO,MUNICIPAL,BUENOS AIRES,LA PLATA,13596,NO,9,Septiembre,Martes,Día de semana,Primavera
2025-09-23,MICROEXPRES S.A.,BSAS_LINEA_503_ESTE,SI,COLECTIVO,MUNICIPAL,BUENOS AIRES,LA PLATA,8962,NO,9,Septiembre,Martes,Día de semana,Primavera
2025-09-23,EXPRESO LA PLATA BUENOS AIRES S.A.,BSAS_LINEA_503E,SI,COLECTIVO,MUNICIPAL,BUENOS AIRES,LA PLATA,34807,NO,9,Septiembre,Martes,Día de semana,Primavera
2025-09-23,EMPRESA NUEVE DE JULIO S.A.T.,BSAS_LINEA_508C,SI,COLECTIVO,MUNICIPAL,BUENOS AIRES,LA PLATA,1339,NO,9,Septiembre,Martes,Día de semana,Primavera
2025-09-23,EXPRESO LA PLATA BUENOS AIRES S.A.,BSAS_LINEA_518,SI,COLECTIVO,MUNICIPAL,BUENOS AIRES,LA PLATA,957,NO,9,Septiembre,Martes,Día de semana,Primavera
2025-09-23,UNION PLATENSE SRL,BSAS_LINEA_520C,SI,COLECTIVO,MUNICIPAL,BUENOS AIRES,LA PLATA,15786,NO,9,Septiembre,Martes,Día de semana,Primavera
2025-09-23,EMPRESA NUEVE DE JULIO S.A.T.,BSAS_LINEA_561B,SI,COLECTIVO,MUNICIPAL,BUENOS AIRES,LA PLATA,1689,NO,9,Septiembre,Martes,Día de semana,Primavera
2025-09-23,EMPRESA NUEVE DE JULIO S.A.T.,LINEA OESTE,SI,COLECTIVO,MUNICIPAL,BUENOS AIRES,LA PLATA,71977,NO,9,Septiembre,Martes,Día de semana,Primavera
2025-09-23,FUERTE BARRAGAN S.A.T.I.C.I.,LINEA_506F_BSAS,SI,COLECTIVO,MUNICIPAL,BUENOS AIRES,LA PLATA,13278,NO,9,Septiembre,Martes,Día de semana,Primavera
2025-09-23,UNION PLATENSE SRL,NORTE MUNICIPAL,SI,COLECTIVO,MUNICIPAL,BUENOS AIRES,LA PLATA,13002,NO,9,Septiembre,Martes,Día de semana,Primavera
2025-09-24,UNION PLATENSE SRL,BSAS_LINEA_502_SUR,SI,COLECTIVO,MUNICIPAL,BUENOS AIRES,LA PLATA,13403,NO,9,Septiembre,Miércoles,Día de semana,Primavera
2025-09-24,MICROEXPRES S.A.,BSAS_LINEA_503_ESTE,SI,COLECTIVO,MUNICIPAL,BUENOS AIRES,LA PLATA,8751,NO,9,Septiembre,Miércoles,Día de semana,Primavera
2025-09-24,EXPRESO LA PLATA BUENOS AIRES S.A.,BSAS_LINEA_503E,SI,COLECTIVO,MUNICIPAL,BUENOS AIRES,LA PLATA,34458,NO,9,Septiembre,Miércoles,Día de semana,Primavera
2025-09-24,EMPRESA NUEVE DE JULIO S.A.T.,BSAS_LINEA_508C,SI,COLECTIVO,MUNICIPAL,BUENOS AIRES,LA PLATA,1269,NO,9,Septiembre,Miércoles,Día de semana,Primavera
2025-09-24,EXPRESO LA PLATA BUENOS AIRES S.A.,BSAS_LINEA_518,SI,COLECTIVO,MUNICIPAL,BUENOS AIRES,LA PLATA,947,NO,9,Septiembre,Miércoles,Día de semana,Primavera
2025-09-24,UNION PLATENSE SRL,BSAS_LINEA_520C,SI,COLECTIVO,MUNICIPAL,BUENOS AIRES,LA PLATA,15808,NO,9,Septiembre,Miércoles,Día de semana,Primavera
2025-09-24,EMPRESA NUEVE DE JULIO S.A.T.,BSAS_LINEA_561B,SI,COLECTIVO,MUNICIPAL,BUENOS AIRES,LA PLATA,1710,NO,9,Septiembre,Miércoles,Día de semana,Primavera
2025-09-24,EMPRESA NUEVE DE JULIO S.A.T.,LINEA OESTE,SI,COLECTIVO,MUNICIPAL,BUENOS AIRES,LA PLATA,68379,NO,9,Septiembre,Miércoles,Día de semana,Primavera
2025-09-24,FUERTE BARRAGAN S.A.T.I.C.I.,LINEA_506F_BSAS,SI,COLECTIVO,MUNICIPAL,BUENOS AIRES,LA PLATA,13286,NO,9,Septiembre,Miércoles,Día de semana,Primavera
2025-09-24,UNION PLATENSE SRL,NORTE MUNICIPAL,SI,COLECTIVO,MUNICIPAL,BUENOS AIRES,LA PLATA,12670,NO,9,Septiembre,Miércoles,Día de semana,Primavera
2025-09-25,UNION PLATENSE SRL,BSAS_LINEA_502_SUR,SI,COLECTIVO,MUNICIPAL,BUENOS AIRES,LA PLATA,13551,NO,9,Septiembre,Jueves,Día de semana,Primavera
2025-09-25,MICROEXPRES S.A.,BSAS_LINEA_503_ESTE,SI,COLECTIVO,MUNICIPAL,BUENOS AIRES,LA PLATA,8549,NO,9,Septiembre,Jueves,Día de semana,Primavera
2025-09-25,EXPRESO LA PLATA BUENOS AIRES S.A.,BSAS_LINEA_503E,SI,COLECTIVO,MUNICIPAL,BUENOS AIRES,LA PLATA,34912,NO,9,Septiembre,Jueves,Día de semana,Primavera
2025-09-25,EMPRESA NUEVE DE JULIO S.A.T.,BSAS_LINEA_508C,SI,COLECTIVO,MUNICIPAL,BUENOS AIRES,LA PLATA,1317,NO,9,Septiembre,Jueves,Día de semana,Primavera
2025-09-25,EXPRESO LA PLATA BUENOS AIRES S.A.,BSAS_LINEA_518,SI,COLECTIVO,MUNICIPAL,BUENOS AIRES,LA PLATA,942,NO,9,Septiembre,Jueves,Día de semana,Primavera
2025-09-25,UNION PLATENSE SRL,BSAS_LINEA_520C,SI,COLECTIVO,MUNICIPAL,BUENOS AIRES,LA PLATA,14918,NO,9,Septiembre,Jueves,Día de semana,Primavera
2025-09-25,EMPRESA NUEVE DE JULIO S.A.T.,BSAS_LINEA_561B,SI,COLECTIVO,MUNICIPAL,BUENOS AIRES,LA PLATA,1606,NO,9,Septiembre,Jueves,Día de semana,Primavera
2025-09-25,EMPRESA NUEVE DE JULIO S.A.T.,LINEA OESTE,SI,COLECTIVO,MUNICIPAL,BUENOS AIRES,LA PLATA,69273,NO,9,Septiembre,Jueves,Día de semana,Primavera
2025-09-25,FUERTE BARRAGAN S.A.T.I.C.I.,LINEA_506F_BSAS,SI,COLECTIVO,MUNICIPAL,BUENOS AIRES,LA PLATA,13156,NO,9,Septiembre,Jueves,Día de semana,Primavera
2025-09-25,UNION PLATENSE SRL,NORTE MUNICIPAL,SI,COLECTIVO,MUNICIPAL,BUENOS AIRES,LA PLATA,13126,NO,9,Septiembre,Jueves,Día de semana,Primavera
2025-09-26,UNION PLATENSE SRL,BSAS_LINEA_502_SUR,SI,COLECTIVO,MUNICIPAL,BUENOS AIRES,LA PLATA,13325,NO,9,Septiembre,Viernes,Día de semana,Primavera
2025-09-26,MICROEXPRES S.A.,BSAS_LINEA_503_ESTE,SI,COLECTIVO,MUNICIPAL,BUENOS AIRES,LA PLATA,8379,NO,9,Septiembre,Viernes,Día de semana,Primavera
2025-09-26,EXPRESO LA PLATA BUENOS AIRES S.A.,BSAS_LINEA_503E,SI,COLECTIVO,MUNICIPAL,BUENOS AIRES,LA PLATA,34275,NO,9,Septiembre,Viernes,Día de semana,Primavera
2025-09-26,EMPRESA NUEVE DE JULIO S.A.T.,BSAS_LINEA_508C,SI,COLECTIVO,MUNICIPAL,BUENOS AIRES,LA PLATA,1276,NO,9,Septiembre,Viernes,Día de semana,Primavera
2025-09-26,EXPRESO LA PLATA BUENOS AIRES S.A.,BSAS_LINEA_518,SI,COLECTIVO,MUNICIPAL,BUENOS AIRES,LA PLATA,895,NO,9,Septiembre,Viernes,Día de semana,Primavera
2025-09-26,UNION PLATENSE SRL,BSAS_LINEA_520C,SI,COLECTIVO,MUNICIPAL,BUENOS AIRES,LA PLATA,15221,NO,9,Septiembre,Viernes,Día de semana,Primavera
2025-09-26,EMPRESA NUEVE DE JULIO S.A.T.,BSAS_LINEA_561B,SI,COLECTIVO,MUNICIPAL,BUENOS AIRES,LA PLATA,1655,NO,9,Septiembre,Viernes,Día de semana,Primavera
2025-09-26,EMPRESA NUEVE DE JULIO S.A.T.,LINEA OESTE,SI,COLECTIVO,MUNICIPAL,BUENOS AIRES,LA PLATA,67387,NO,9,Septiembre,Viernes,Día de semana,Primavera
2025-09-26,FUERTE BARRAGAN S.A.T.I.C.I.,LINEA_506F_BSAS,SI,COLECTIVO,MUNICIPAL,BUENOS AIRES,LA PLATA,12992,NO,9,Septiembre,Viernes,Día de semana,Primavera
2025-09-26,UNION PLATENSE SRL,NORTE MUNICIPAL,SI,COLECTIVO,MUNICIPAL,BUENOS AIRES,LA PLATA,12515,NO,9,Septiembre,Viernes,Día de semana,Primavera
2025-09-27,UNION PLATENSE SRL,BSAS_LINEA_502_SUR,SI,COLECTIVO,MUNICIPAL,BUENOS AIRES,LA PLATA,2777,NO,9,Septiembre,Sábado,Fin de semana,Primavera
2025-09-27,MICROEXPRES S.A.,BSAS_LINEA_503_ESTE,SI,COLECTIVO,MUNICIPAL,BUENOS AIRES,LA PLATA,2433,NO,9,Septiembre,Sábado,Fin de semana,Primavera
2025-09-27,EXPRESO LA PLATA BUENOS AIRES S.A.,BSAS_LINEA_503E,SI,COLECTIVO,MUNICIPAL,BUENOS AIRES,LA PLATA,11303,NO,9,Septiembre,Sábado,Fin de semana,Primavera
2025-09-27,EMPRESA NUEVE DE JULIO S.A.T.,BSAS_LINEA_508C,SI,COLECTIVO,MUNICIPAL,BUENOS AIRES,LA PLATA,279,NO,9,Septiembre,Sábado,Fin de semana,Primavera
2025-09-27,EXPRESO LA PLATA BUENOS AIRES S.A.,BSAS_LINEA_518,SI,COLECTIVO,MUNICIPAL,BUENOS AIRES,LA PLATA,226,NO,9,Septiembre,Sábado,Fin de semana,Primavera
2025-09-27,UNION PLATENSE SRL,BSAS_LINEA_520C,SI,COLECTIVO,MUNICIPAL,BUENOS AIRES,LA PLATA,3927,NO,9,Septiembre,Sábado,Fin de semana,Primavera
2025-09-27,EMPRESA NUEVE DE JULIO S.A.T.,BSAS_LINEA_561B,SI,COLECTIVO,MUNICIPAL,BUENOS AIRES,LA PLATA,307,NO,9,Septiembre,Sábado,Fin de semana,Primavera
2025-09-27,EMPRESA NUEVE DE JULIO S.A.T.,LINEA OESTE,SI,COLECTIVO,MUNICIPAL,BUENOS AIRES,LA PLATA,19475,NO,9,Septiembre,Sábado,Fin de semana,Primavera
2025-09-27,FUERTE BARRAGAN S.A.T.I.C.I.,LINEA_506F_BSAS,SI,COLECTIVO,MUNICIPAL,BUENOS AIRES,LA PLATA,3198,NO,9,Septiembre,Sábado,Fin de semana,Primavera
2025-09-27,UNION PLATENSE SRL,NORTE MUNICIPAL,SI,COLECTIVO,MUNICIPAL,BUENOS AIRES,LA PLATA,2307,NO,9,Septiembre,Sábado,Fin de semana,Primavera
2025-09-28,UNION PLATENSE SRL,BSAS_LINEA_502_SUR,SI,COLECTIVO,MUNICIPAL,BUENOS AIRES,LA PLATA,1519,NO,9,Septiembre,Domingo,Fin de semana,Primavera
2025-09-28,MICROEXPRES S.A.,BSAS_LINEA_503_ESTE,SI,COLECTIVO,MUNICIPAL,BUENOS AIRES,LA PLATA,2446,NO,9,Septiembre,Domingo,Fin de semana,Primavera
2025-09-28,EXPRESO LA PLATA BUENOS AIRES S.A.,BSAS_LINEA_503E,SI,COLECTIVO,MUNICIPAL,BUENOS AIRES,LA PLATA,10512,NO,9,Septiembre,Domingo,Fin de semana,Primavera
2025-09-28,EMPRESA NUEVE DE JULIO S.A.T.,BSAS_LINEA_508C,SI,COLECTIVO,MUNICIPAL,BUENOS AIRES,LA PLATA,244,NO,9,Septiembre,Domingo,Fin de semana,Primavera
2025-09-28,UNION PLATENSE SRL,BSAS_LINEA_520C,SI,COLECTIVO,MUNICIPAL,BUENOS AIRES,LA PLATA,2774,NO,9,Septiembre,Domingo,Fin de semana,Primavera
2025-09-28,EMPRESA NUEVE DE JULIO S.A.T.,BSAS_LINEA_561B,SI,COLECTIVO,MUNICIPAL,BUENOS AIRES,LA PLATA,325,NO,9,Septiembre,Domingo,Fin de semana,Primavera
2025-09-28,EMPRESA NUEVE DE JULIO S.A.T.,LINEA OESTE,SI,COLECTIVO,MUNICIPAL,BUENOS AIRES,LA PLATA,17129,NO,9,Septiembre,Domingo,Fin de semana,Primavera
2025-09-28,FUERTE BARRAGAN S.A.T.I.C.I.,LINEA_506F_BSAS,SI,COLECTIVO,MUNICIPAL,BUENOS AIRES,LA PLATA,3296,NO,9,Septiembre,Domingo,Fin de semana,Primavera
2025-09-28,UNION PLATENSE SRL,NORTE MUNICIPAL,SI,COLECTIVO,MUNICIPAL,BUENOS AIRES,LA PLATA,1838,NO,9,Septiembre,Domingo,Fin de semana,Primavera
2025-09-29,UNION PLATENSE SRL,BSAS_LINEA_502_SUR,SI,COLECTIVO,MUNICIPAL,BUENOS AIRES,LA PLATA,12703,NO,9,Septiembre,Lunes,Día de semana,Primavera
2025-09-29,MICROEXPRES S.A.,BSAS_LINEA_503_ESTE,SI,COLECTIVO,MUNICIPAL,BUENOS AIRES,LA PLATA,8674,NO,9,Septiembre,Lunes,Día de semana,Primavera
2025-09-29,EXPRESO LA PLATA BUENOS AIRES S.A.,BSAS_LINEA_503E,SI,COLECTIVO,MUNICIPAL,BUENOS AIRES,LA PLATA,33441,NO,9,Septiembre,Lunes,Día de semana,Primavera
2025-09-29,EMPRESA NUEVE DE JULIO S.A.T.,BSAS_LINEA_508C,SI,COLECTIVO,MUNICIPAL,BUENOS AIRES,LA PLATA,1300,NO,9,Septiembre,Lunes,Día de semana,Primavera
2025-09-29,EXPRESO LA PLATA BUENOS AIRES S.A.,BSAS_LINEA_518,SI,COLECTIVO,MUNICIPAL,BUENOS AIRES,LA PLATA,919,NO,9,Septiembre,Lunes,Día de semana,Primavera
2025-09-29,UNION PLATENSE SRL,BSAS_LINEA_520C,SI,COLECTIVO,MUNICIPAL,BUENOS AIRES,LA PLATA,14929,NO,9,Septiembre,Lunes,Día de semana,Primavera
2025-09-29,EMPRESA NUEVE DE JULIO S.A.T.,BSAS_LINEA_561B,SI,COLECTIVO,MUNICIPAL,BUENOS AIRES,LA PLATA,1581,NO,9,Septiembre,Lunes,Día de semana,Primavera
2025-09-29,EMPRESA NUEVE DE JULIO S.A.T.,LINEA OESTE,SI,COLECTIVO,MUNICIPAL,BUENOS AIRES,LA PLATA,68258,NO,9,Septiembre,Lunes,Día de semana,Primavera
2025-09-29,FUERTE BARRAGAN S.A.T.I.C.I.,LINEA_506F_BSAS,SI,COLECTIVO,MUNICIPAL,BUENOS AIRES,LA PLATA,12827,NO,9,Septiembre,Lunes,Día de semana,Primavera
2025-09-29,UNION PLATENSE SRL,NORTE MUNICIPAL,SI,COLECTIVO,MUNICIPAL,BUENOS AIRES,LA PLATA,12114,NO,9,Septiembre,Lunes,Día de semana,Primavera
2025-09-30,UNION PLATENSE SRL,BSAS_LINEA_502_SUR,SI,COLECTIVO,MUNICIPAL,BUENOS AIRES,LA PLATA,13812,NO,9,Septiembre,Martes,Día de semana,Primavera
2025-09-30,MICROEXPRES S.A.,BSAS_LINEA_503_ESTE,SI,COLECTIVO,MUNICIPAL,BUENOS AIRES,LA PLATA,9156,NO,9,Septiembre,Martes,Día de semana,Primavera
2025-09-30,EXPRESO LA PLATA BUENOS AIRES S.A.,BSAS_LINEA_503E,SI,COLECTIVO,MUNICIPAL,BUENOS AIRES,LA PLATA,34543,NO,9,Septiembre,Martes,Día de semana,Primavera
2025-09-30,EMPRESA NUEVE DE JULIO S.A.T.,BSAS_LINEA_508C,SI,COLECTIVO,MUNICIPAL,BUENOS AIRES,LA PLATA,1396,NO,9,Septiembre,Martes,Día de semana,Primavera
2025-09-30,EXPRESO LA PLATA BUENOS AIRES S.A.,BSAS_LINEA_518,SI,COLECTIVO,MUNICIPAL,BUENOS AIRES,LA PLATA,971,NO,9,Septiembre,Martes,Día de semana,Primavera
2025-09-30,UNION PLATENSE SRL,BSAS_LINEA_520C,SI,COLECTIVO,MUNICIPAL,BUENOS AIRES,LA PLATA,16085,NO,9,Septiembre,Martes,Día de semana,Primavera
2025-09-30,EMPRESA NUEVE DE JULIO S.A.T.,BSAS_LINEA_561B,SI,COLECTIVO,MUNICIPAL,BUENOS AIRES,LA PLATA,1730,NO,9,Septiembre,Martes,Día de semana,Primavera
2025-09-30,EMPRESA NUEVE DE JULIO S.A.T.,LINEA OESTE,SI,COLECTIVO,MUNICIPAL,BUENOS AIRES,LA PLATA,72028,NO,9,Septiembre,Martes,Día de semana,Primavera
2025-09-30,FUERTE BARRAGAN S.A.T.I.C.I.,LINEA_506F_BSAS,SI,COLECTIVO,MUNICIPAL,BUENOS AIRES,LA PLATA,13409,NO,9,Septiembre,Martes,Día de semana,Primavera
2025-09-30,UNION PLATENSE SRL,NORTE MUNICIPAL,SI,COLECTIVO,MUNICIPAL,BUENOS AIRES,LA PLATA,13447,NO,9,Septiembre,Martes,Día de semana,Primavera
2025-10-01,UNION PLATENSE SRL,BSAS_LINEA_502_SUR,SI,COLECTIVO,MUNICIPAL,BUENOS AIRES,LA PLATA,13994,NO,10,Octubre,Miércoles,Día de semana,Primavera
2025-10-01,MICROEXPRES S.A.,BSAS_LINEA_503_ESTE,SI,COLECTIVO,MUNICIPAL,BUENOS AIRES,LA PLATA,9225,NO,10,Octubre,Miércoles,Día de semana,Primavera
2025-10-01,EXPRESO LA PLATA BUENOS AIRES S.A.,BSAS_LINEA_503E,SI,COLECTIVO,MUNICIPAL,BUENOS AIRES,LA PLATA,35916,NO,10,Octubre,Miércoles,Día de semana,Primavera
2025-10-01,EMPRESA NUEVE DE JULIO S.A.T.,BSAS_LINEA_508C,SI,COLECTIVO,MUNICIPAL,BUENOS AIRES,LA PLATA,1310,NO,10,Octubre,Miércoles,Día de semana,Primavera
2025-10-01,EXPRESO LA PLATA BUENOS AIRES S.A.,BSAS_LINEA_518,SI,COLECTIVO,MUNICIPAL,BUENOS AIRES,LA PLATA,919,NO,10,Octubre,Miércoles,Día de semana,Primavera
2025-10-01,UNION PLATENSE SRL,BSAS_LINEA_520C,SI,COLECTIVO,MUNICIPAL,BUENOS AIRES,LA PLATA,16149,NO,10,Octubre,Miércoles,Día de semana,Primavera
2025-10-01,EMPRESA NUEVE DE JULIO S.A.T.,BSAS_LINEA_561B,SI,COLECTIVO,MUNICIPAL,BUENOS AIRES,LA PLATA,1731,NO,10,Octubre,Miércoles,Día de semana,Primavera
2025-10-01,EMPRESA NUEVE DE JULIO S.A.T.,LINEA OESTE,SI,COLECTIVO,MUNICIPAL,BUENOS AIRES,LA PLATA,72055,NO,10,Octubre,Miércoles,Día de semana,Primavera
2025-10-01,FUERTE BARRAGAN S.A.T.I.C.I.,LINEA_506F_BSAS,SI,COLECTIVO,MUNICIPAL,BUENOS AIRES,LA PLATA,13810,NO,10,Octubre,Miércoles,Día de semana,Primavera
2025-10-01,UNION PLATENSE SRL,NORTE MUNICIPAL,SI,COLECTIVO,MUNICIPAL,BUENOS AIRES,LA PLATA,13257,NO,10,Octubre,Miércoles,Día de semana,Primavera
2025-10-02,UNION PLATENSE SRL,BSAS_LINEA_502_SUR,SI,COLECTIVO,MUNICIPAL,BUENOS AIRES,LA PLATA,13529,NO,10,Octubre,Jueves,Día de semana,Primavera
2025-10-02,MICROEXPRES S.A.,BSAS_LINEA_503_ESTE,SI,COLECTIVO,MUNICIPAL,BUENOS AIRES,LA PLATA,9025,NO,10,Octubre,Jueves,Día de semana,Primavera
2025-10-02,EXPRESO LA PLATA BUENOS AIRES S.A.,BSAS_LINEA_503E,SI,COLECTIVO,MUNICIPAL,BUENOS AIRES,LA PLATA,35516,NO,10,Octubre,Jueves,Día de semana,Primavera
2025-10-02,EMPRESA NUEVE DE JULIO S.A.T.,BSAS_LINEA_508C,SI,COLECTIVO,MUNICIPAL,BUENOS AIRES,LA PLATA,1305,NO,10,Octubre,Jueves,Día de semana,Primavera
2025-10-02,EXPRESO LA PLATA BUENOS AIRES S.A.,BSAS_LINEA_518,SI,COLECTIVO,MUNICIPAL,BUENOS AIRES,LA PLATA,971,NO,10,Octubre,Jueves,Día de semana,Primavera
2025-10-02,UNION PLATENSE SRL,BSAS_LINEA_520C,SI,COLECTIVO,MUNICIPAL,BUENOS AIRES,LA PLATA,15935,NO,10,Octubre,Jueves,Día de semana,Primavera
2025-10-02,EMPRESA NUEVE DE JULIO S.A.T.,BSAS_LINEA_561B,SI,COLECTIVO,MUNICIPAL,BUENOS AIRES,LA PLATA,1715,NO,10,Octubre,Jueves,Día de semana,Primavera
2025-10-02,EMPRESA NUEVE DE JULIO S.A.T.,LINEA OESTE,SI,COLECTIVO,MUNICIPAL,BUENOS AIRES,LA PLATA,71812,NO,10,Octubre,Jueves,Día de semana,Primavera
2025-10-02,FUERTE BARRAGAN S.A.T.I.C.I.,LINEA_506F_BSAS,SI,COLECTIVO,MUNICIPAL,BUENOS AIRES,LA PLATA,13291,NO,10,Octubre,Jueves,Día de semana,Primavera
2025-10-02,UNION PLATENSE SRL,NORTE MUNICIPAL,SI,COLECTIVO,MUNICIPAL,BUENOS AIRES,LA PLATA,13053,NO,10,Octubre,Jueves,Día de semana,Primavera
2025-10-03,UNION PLATENSE SRL,BSAS_LINEA_502_SUR,SI,COLECTIVO,MUNICIPAL,BUENOS AIRES,LA PLATA,13834,NO,10,Octubre,Viernes,Día de semana,Primavera
2025-10-03,MICROEXPRES S.A.,BSAS_LINEA_503_ESTE,SI,COLECTIVO,MUNICIPAL,BUENOS AIRES,LA PLATA,9122,NO,10,Octubre,Viernes,Día de semana,Primavera
2025-10-03,EXPRESO LA PLATA BUENOS AIRES S.A.,BSAS_LINEA_503E,SI,COLECTIVO,MUNICIPAL,BUENOS AIRES,LA PLATA,35094,NO,10,Octubre,Viernes,Día de semana,Primavera
2025-10-03,EMPRESA NUEVE DE JULIO S.A.T.,BSAS_LINEA_508C,SI,COLECTIVO,MUNICIPAL,BUENOS AIRES,LA PLATA,1212,NO,10,Octubre,Viernes,Día de semana,Primavera
2025-10-03,EXPRESO LA PLATA BUENOS AIRES S.A.,BSAS_LINEA_518,SI,COLECTIVO,MUNICIPAL,BUENOS AIRES,LA PLATA,982,NO,10,Octubre,Viernes,Día de semana,Primavera
2025-10-03,UNION PLATENSE SRL,BSAS_LINEA_520C,SI,COLECTIVO,MUNICIPAL,BUENOS AIRES,LA PLATA,15538,NO,10,Octubre,Viernes,Día de semana,Primavera
2025-10-03,EMPRESA NUEVE DE JULIO S.A.T.,BSAS_LINEA_561B,SI,COLECTIVO,MUNICIPAL,BUENOS AIRES,LA PLATA,1741,NO,10,Octubre,Viernes,Día de semana,Primavera
2025-10-03,EMPRESA NUEVE DE JULIO S.A.T.,LINEA OESTE,SI,COLECTIVO,MUNICIPAL,BUENOS AIRES,LA PLATA,70464,NO,10,Octubre,Viernes,Día de semana,Primavera
2025-10-03,FUERTE BARRAGAN S.A.T.I.C.I.,LINEA_506F_BSAS,SI,COLECTIVO,MUNICIPAL,BUENOS AIRES,LA PLATA,12977,NO,10,Octubre,Viernes,Día de semana,Primavera
2025-10-03,UNION PLATENSE SRL,NORTE MUNICIPAL,SI,COLECTIVO,MUNICIPAL,BUENOS AIRES,LA PLATA,12703,NO,10,Octubre,Viernes,Día de semana,Primavera
2025-10-04,UNION PLATENSE SRL,BSAS_LINEA_502_SUR,SI,COLECTIVO,MUNICIPAL,BUENOS AIRES,LA PLATA,4444,NO,10,Octubre,Sábado,Fin de semana,Primavera
2025-10-04,MICROEXPRES S.A.,BSAS_LINEA_503_ESTE,SI,COLECTIVO,MUNICIPAL,BUENOS AIRES,LA PLATA,4092,NO,10,Octubre,Sábado,Fin de semana,Primavera
2025-10-04,EXPRESO LA PLATA BUENOS AIRES S.A.,BSAS_LINEA_503E,SI,COLECTIVO,MUNICIPAL,BUENOS AIRES,LA PLATA,17381,NO,10,Octubre,Sábado,Fin de semana,Primavera
2025-10-04,EMPRESA NUEVE DE JULIO S.A.T.,BSAS_LINEA_508C,SI,COLECTIVO,MUNICIPAL,BUENOS AIRES,LA PLATA,452,NO,10,Octubre,Sábado,Fin de semana,Primavera
2025-10-04,EXPRESO LA PLATA BUENOS AIRES S.A.,BSAS_LINEA_518,SI,COLECTIVO,MUNICIPAL,BUENOS AIRES,LA PLATA,396,NO,10,Octubre,Sábado,Fin de semana,Primavera
2025-10-04,UNION PLATENSE SRL,BSAS_LINEA_520C,SI,COLECTIVO,MUNICIPAL,BUENOS AIRES,LA PLATA,5893,NO,10,Octubre,Sábado,Fin de semana,Primavera
2025-10-04,EMPRESA NUEVE DE JULIO S.A.T.,BSAS_LINEA_561B,SI,COLECTIVO,MUNICIPAL,BUENOS AIRES,LA PLATA,453,NO,10,Octubre,Sábado,Fin de semana,Primavera
2025-10-04,EMPRESA NUEVE DE JULIO S.A.T.,LINEA OESTE,SI,COLECTIVO,MUNICIPAL,BUENOS AIRES,LA PLATA,31411,NO,10,Octubre,Sábado,Fin de semana,Primavera
2025-10-04,FUERTE BARRAGAN S.A.T.I.C.I.,LINEA_506F_BSAS,SI,COLECTIVO,MUNICIPAL,BUENOS AIRES,LA PLATA,5313,NO,10,Octubre,Sábado,Fin de semana,Primavera
2025-10-04,UNION PLATENSE SRL,NORTE MUNICIPAL,SI,COLECTIVO,MUNICIPAL,BUENOS AIRES,LA PLATA,3795,NO,10,Octubre,Sábado,Fin de semana,Primavera
2025-10-05,UNION PLATENSE SRL,BSAS_LINEA_502_SUR,SI,COLECTIVO,MUNICIPAL,BUENOS AIRES,LA PLATA,1055,NO,10,Octubre,Domingo,Fin de semana,Primavera
2025-10-05,MICROEXPRES S.A.,BSAS_LINEA_503_ESTE,SI,COLECTIVO,MUNICIPAL,BUENOS AIRES,LA PLATA,1511,NO,10,Octubre,Domingo,Fin de semana,Primavera
2025-10-05,EXPRESO LA PLATA BUENOS AIRES S.A.,BSAS_LINEA_503E,SI,COLECTIVO,MUNICIPAL,BUENOS AIRES,LA PLATA,7598,NO,10,Octubre,Domingo,Fin de semana,Primavera
2025-10-05,EMPRESA NUEVE DE JULIO S.A.T.,BSAS_LINEA_508C,SI,COLECTIVO,MUNICIPAL,BUENOS AIRES,LA PLATA,177,NO,10,Octubre,Domingo,Fin de semana,Primavera
2025-10-05,UNION PLATENSE SRL,BSAS_LINEA_520C,SI,COLECTIVO,MUNICIPAL,BUENOS AIRES,LA PLATA,2092,NO,10,Octubre,Domingo,Fin de semana,Primavera
2025-10-05,EMPRESA NUEVE DE JULIO S.A.T.,BSAS_LINEA_561B,SI,COLECTIVO,MUNICIPAL,BUENOS AIRES,LA PLATA,289,NO,10,Octubre,Domingo,Fin de semana,Primavera
2025-10-05,EMPRESA NUEVE DE JULIO S.A.T.,LINEA OESTE,SI,COLECTIVO,MUNICIPAL,BUENOS AIRES,LA PLATA,11798,NO,10,Octubre,Domingo,Fin de semana,Primavera
2025-10-05,FUERTE BARRAGAN S.A.T.I.C.I.,LINEA_506F_BSAS,SI,COLECTIVO,MUNICIPAL,BUENOS AIRES,LA PLATA,1872,NO,10,Octubre,Domingo,Fin de semana,Primavera
2025-10-05,UNION PLATENSE SRL,NORTE MUNICIPAL,SI,COLECTIVO,MUNICIPAL,BUENOS AIRES,LA PLATA,1287,NO,10,Octubre,Domingo,Fin de semana,Primavera
2025-10-06,UNION PLATENSE SRL,BSAS_LINEA_502_SUR,SI,COLECTIVO,MUNICIPAL,BUENOS AIRES,LA PLATA,12769,NO,10,Octubre,Lunes,Día de semana,Primavera
2025-10-06,MICROEXPRES S.A.,BSAS_LINEA_503_ESTE,SI,COLECTIVO,MUNICIPAL,BUENOS AIRES,LA PLATA,8589,NO,10,Octubre,Lunes,Día de semana,Primavera
2025-10-06,EXPRESO LA PLATA BUENOS AIRES S.A.,BSAS_LINEA_503E,SI,COLECTIVO,MUNICIPAL,BUENOS AIRES,LA PLATA,34031,NO,10,Octubre,Lunes,Día de semana,Primavera
2025-10-06,EMPRESA NUEVE DE JULIO S.A.T.,BSAS_LINEA_508C,SI,COLECTIVO,MUNICIPAL,BUENOS AIRES,LA PLATA,1367,NO,10,Octubre,Lunes,Día de semana,Primavera
2025-10-06,EXPRESO LA PLATA BUENOS AIRES S.A.,BSAS_LINEA_518,SI,COLECTIVO,MUNICIPAL,BUENOS AIRES,LA PLATA,936,NO,10,Octubre,Lunes,Día de semana,Primavera
2025-10-06,UNION PLATENSE SRL,BSAS_LINEA_520C,SI,COLECTIVO,MUNICIPAL,BUENOS AIRES,LA PLATA,15327,NO,10,Octubre,Lunes,Día de semana,Primavera
2025-10-06,EMPRESA NUEVE DE JULIO S.A.T.,BSAS_LINEA_561B,SI,COLECTIVO,MUNICIPAL,BUENOS AIRES,LA PLATA,1831,NO,10,Octubre,Lunes,Día de semana,Primavera
2025-10-06,EMPRESA NUEVE DE JULIO S.A.T.,LINEA OESTE,SI,COLECTIVO,MUNICIPAL,BUENOS AIRES,LA PLATA,69217,NO,10,Octubre,Lunes,Día de semana,Primavera
2025-10-06,FUERTE BARRAGAN S.A.T.I.C.I.,LINEA_506F_BSAS,SI,COLECTIVO,MUNICIPAL,BUENOS AIRES,LA PLATA,12663,NO,10,Octubre,Lunes,Día de semana,Primavera
2025-10-06,UNION PLATENSE SRL,NORTE MUNICIPAL,SI,COLECTIVO,MUNICIPAL,BUENOS AIRES,LA PLATA,12766,NO,10,Octubre,Lunes,Día de semana,Primavera
2025-10-07,UNION PLATENSE SRL,BSAS_LINEA_502_SUR,SI,COLECTIVO,MUNICIPAL,BUENOS AIRES,LA PLATA,13969,NO,10,Octubre,Martes,Día de semana,Primavera
2025-10-07,MICROEXPRES S.A.,BSAS_LINEA_503_ESTE,SI,COLECTIVO,MUNICIPAL,BUENOS AIRES,LA PLATA,9171,NO,10,Octubre,Martes,Día de semana,Primavera
2025-10-07,EXPRESO LA PLATA BUENOS AIRES S.A.,BSAS_LINEA_503E,SI,COLECTIVO,MUNICIPAL,BUENOS AIRES,LA PLATA,35731,NO,10,Octubre,Martes,Día de semana,Primavera
2025-10-07,EMPRESA NUEVE DE JULIO S.A.T.,BSAS_LINEA_508C,SI,COLECTIVO,MUNICIPAL,BUENOS AIRES,LA PLATA,1367,NO,10,Octubre,Martes,Día de semana,Primavera
2025-10-07,EXPRESO LA PLATA BUENOS AIRES S.A.,BSAS_LINEA_518,SI,COLECTIVO,MUNICIPAL,BUENOS AIRES,LA PLATA,960,NO,10,Octubre,Martes,Día de semana,Primavera
2025-10-07,UNION PLATENSE SRL,BSAS_LINEA_520C,SI,COLECTIVO,MUNICIPAL,BUENOS AIRES,LA PLATA,15708,NO,10,Octubre,Martes,Día de semana,Primavera
2025-10-07,EMPRESA NUEVE DE JULIO S.A.T.,BSAS_LINEA_561B,SI,COLECTIVO,MUNICIPAL,BUENOS AIRES,LA PLATA,1777,NO,10,Octubre,Martes,Día de semana,Primavera
2025-10-07,EMPRESA NUEVE DE JULIO S.A.T.,LINEA OESTE,SI,COLECTIVO,MUNICIPAL,BUENOS AIRES,LA PLATA,72990,NO,10,Octubre,Martes,Día de semana,Primavera
2025-10-07,FUERTE BARRAGAN S.A.T.I.C.I.,LINEA_506F_BSAS,SI,COLECTIVO,MUNICIPAL,BUENOS AIRES,LA PLATA,13939,NO,10,Octubre,Martes,Día de semana,Primavera
2025-10-07,UNION PLATENSE SRL,NORTE MUNICIPAL,SI,COLECTIVO,MUNICIPAL,BUENOS AIRES,LA PLATA,13427,NO,10,Octubre,Martes,Día de semana,Primavera
2025-10-08,UNION PLATENSE SRL,BSAS_LINEA_502_SUR,SI,COLECTIVO,MUNICIPAL,BUENOS AIRES,LA PLATA,11691,NO,10,Octubre,Miércoles,Día de semana,Primavera
2025-10-08,MICROEXPRES S.A.,BSAS_LINEA_503_ESTE,SI,COLECTIVO,MUNICIPAL,BUENOS AIRES,LA PLATA,8145,NO,10,Octubre,Miércoles,Día de semana,Primavera
2025-10-08,EXPRESO LA PLATA BUENOS AIRES S.A.,BSAS_LINEA_503E,SI,COLECTIVO,MUNICIPAL,BUENOS AIRES,LA PLATA,30991,NO,10,Octubre,Miércoles,Día de semana,Primavera
2025-10-08,EMPRESA NUEVE DE JULIO S.A.T.,BSAS_LINEA_508C,SI,COLECTIVO,MUNICIPAL,BUENOS AIRES,LA PLATA,1306,NO,10,Octubre,Miércoles,Día de semana,Primavera
2025-10-08,EXPRESO LA PLATA BUENOS AIRES S.A.,BSAS_LINEA_518,SI,COLECTIVO,MUNICIPAL,BUENOS AIRES,LA PLATA,922,NO,10,Octubre,Miércoles,Día de semana,Primavera
2025-10-08,UNION PLATENSE SRL,BSAS_LINEA_520C,SI,COLECTIVO,MUNICIPAL,BUENOS AIRES,LA PLATA,14206,NO,10,Octubre,Miércoles,Día de semana,Primavera
2025-10-08,EMPRESA NUEVE DE JULIO S.A.T.,BSAS_LINEA_561B,SI,COLECTIVO,MUNICIPAL,BUENOS AIRES,LA PLATA,1720,NO,10,Octubre,Miércoles,Día de semana,Primavera
2025-10-08,EMPRESA NUEVE DE JULIO S.A.T.,LINEA OESTE,SI,COLECTIVO,MUNICIPAL,BUENOS AIRES,LA PLATA,62473,NO,10,Octubre,Miércoles,Día de semana,Primavera
2025-10-08,FUERTE BARRAGAN S.A.T.I.C.I.,LINEA_506F_BSAS,SI,COLECTIVO,MUNICIPAL,BUENOS AIRES,LA PLATA,11687,NO,10,Octubre,Miércoles,Día de semana,Primavera
2025-10-08,UNION PLATENSE SRL,NORTE MUNICIPAL,SI,COLECTIVO,MUNICIPAL,BUENOS AIRES,LA PLATA,12167,NO,10,Octubre,Miércoles,Día de semana,Primavera
2025-10-09,UNION PLATENSE SRL,BSAS_LINEA_502_SUR,SI,COLECTIVO,MUNICIPAL,BUENOS AIRES,LA PLATA,14324,NO,10,Octubre,Jueves,Día de semana,Primavera
2025-10-09,MICROEXPRES S.A.,BSAS_LINEA_503_ESTE,SI,COLECTIVO,MUNICIPAL,BUENOS AIRES,LA PLATA,9176,NO,10,Octubre,Jueves,Día de semana,Primavera
2025-10-09,EXPRESO LA PLATA BUENOS AIRES S.A.,BSAS_LINEA_503E,SI,COLECTIVO,MUNICIPAL,BUENOS AIRES,LA PLATA,37107,NO,10,Octubre,Jueves,Día de semana,Primavera
2025-10-09,EMPRESA NUEVE DE JULIO S.A.T.,BSAS_LINEA_508C,SI,COLECTIVO,MUNICIPAL,BUENOS AIRES,LA PLATA,1492,NO,10,Octubre,Jueves,Día de semana,Primavera
2025-10-09,EXPRESO LA PLATA BUENOS AIRES S.A.,BSAS_LINEA_518,SI,COLECTIVO,MUNICIPAL,BUENOS AIRES,LA PLATA,964,NO,10,Octubre,Jueves,Día de semana,Primavera
2025-10-09,UNION PLATENSE SRL,BSAS_LINEA_520C,SI,COLECTIVO,MUNICIPAL,BUENOS AIRES,LA PLATA,18019,NO,10,Octubre,Jueves,Día de semana,Primavera
2025-10-09,EMPRESA NUEVE DE JULIO S.A.T.,BSAS_LINEA_561B,SI,COLECTIVO,MUNICIPAL,BUENOS AIRES,LA PLATA,1811,NO,10,Octubre,Jueves,Día de semana,Primavera
2025-10-09,EMPRESA NUEVE DE JULIO S.A.T.,LINEA OESTE,SI,COLECTIVO,MUNICIPAL,BUENOS AIRES,LA PLATA,73733,NO,10,Octubre,Jueves,Día de semana,Primavera
2025-10-09,FUERTE BARRAGAN S.A.T.I.C.I.,LINEA_506F_BSAS,SI,COLECTIVO,MUNICIPAL,BUENOS AIRES,LA PLATA,13566,NO,10,Octubre,Jueves,Día de semana,Primavera
2025-10-09,UNION PLATENSE SRL,NORTE MUNICIPAL,SI,COLECTIVO,MUNICIPAL,BUENOS AIRES,LA PLATA,12991,NO,10,Octubre,Jueves,Día de semana,Primavera
2025-10-10,UNION PLATENSE SRL,BSAS_LINEA_502_SUR,SI,COLECTIVO,MUNICIPAL,BUENOS AIRES,LA PLATA,2802,NO,10,Octubre,Viernes,Día de semana,Primavera
2025-10-10,MICROEXPRES S.A.,BSAS_LINEA_503_ESTE,SI,COLECTIVO,MUNICIPAL,BUENOS AIRES,LA PLATA,3933,NO,10,Octubre,Viernes,Día de semana,Primavera
2025-10-10,EXPRESO LA PLATA BUENOS AIRES S.A.,BSAS_LINEA_503E,SI,COLECTIVO,MUNICIPAL,BUENOS AIRES,LA PLATA,14997,NO,10,Octubre,Viernes,Día de semana,Primavera
2025-10-10,EMPRESA NUEVE DE JULIO S.A.T.,BSAS_LINEA_508C,SI,COLECTIVO,MUNICIPAL,BUENOS AIRES,LA PLATA,611,NO,10,Octubre,Viernes,Día de semana,Primavera
2025-10-10,UNION PLATENSE SRL,BSAS_LINEA_520C,SI,COLECTIVO,MUNICIPAL,BUENOS AIRES,LA PLATA,3989,NO,10,Octubre,Viernes,Día de semana,Primavera
2025-10-10,EMPRESA NUEVE DE JULIO S.A.T.,BSAS_LINEA_561B,SI,COLECTIVO,MUNICIPAL,BUENOS AIRES,LA PLATA,454,NO,10,Octubre,Viernes,Día de semana,Primavera
2025-10-10,EMPRESA NUEVE DE JULIO S.A.T.,LINEA OESTE,SI,COLECTIVO,MUNICIPAL,BUENOS AIRES,LA PLATA,26863,NO,10,Octubre,Viernes,Día de semana,Primavera
2025-10-10,FUERTE BARRAGAN S.A.T.I.C.I.,LINEA_506F_BSAS,SI,COLECTIVO,MUNICIPAL,BUENOS AIRES,LA PLATA,5678,NO,10,Octubre,Viernes,Día de semana,Primavera
2025-10-10,UNION PLATENSE SRL,NORTE MUNICIPAL,SI,COLECTIVO,MUNICIPAL,BUENOS AIRES,LA PLATA,3460,NO,10,Octubre,Viernes,Día de semana,Primavera
2025-10-11,UNION PLATENSE SRL,BSAS_LINEA_502_SUR,SI,COLECTIVO,MUNICIPAL,BUENOS AIRES,LA PLATA,3983,NO,10,Octubre,Sábado,Fin de semana,Primavera
2025-10-11,MICROEXPRES S.A.,BSAS_LINEA_503_ESTE,SI,COLECTIVO,MUNICIPAL,BUENOS AIRES,LA PLATA,3776,NO,10,Octubre,Sábado,Fin de semana,Primavera
2025-10-11,EXPRESO LA PLATA BUENOS AIRES S.A.,BSAS_LINEA_503E,SI,COLECTIVO,MUNICIPAL,BUENOS AIRES,LA PLATA,16033,NO,10,Octubre,Sábado,Fin de semana,Primavera
2025-10-11,EMPRESA NUEVE DE JULIO S.A.T.,BSAS_LINEA_508C,SI,COLECTIVO,MUNICIPAL,BUENOS AIRES,LA PLATA,497,NO,10,Octubre,Sábado,Fin de semana,Primavera
2025-10-11,EXPRESO LA PLATA BUENOS AIRES S.A.,BSAS_LINEA_518,SI,COLECTIVO,MUNICIPAL,BUENOS AIRES,LA PLATA,394,NO,10,Octubre,Sábado,Fin de semana,Primavera
2025-10-11,UNION PLATENSE SRL,BSAS_LINEA_520C,SI,COLECTIVO,MUNICIPAL,BUENOS AIRES,LA PLATA,5363,NO,10,Octubre,Sábado,Fin de semana,Primavera
2025-10-11,EMPRESA NUEVE DE JULIO S.A.T.,BSAS_LINEA_561B,SI,COLECTIVO,MUNICIPAL,BUENOS AIRES,LA PLATA,497,NO,10,Octubre,Sábado,Fin de semana,Primavera
2025-10-11,EMPRESA NUEVE DE JULIO S.A.T.,LINEA OESTE,SI,COLECTIVO,MUNICIPAL,BUENOS AIRES,LA PLATA,29136,NO,10,Octubre,Sábado,Fin de semana,Primavera
2025-10-11,FUERTE BARRAGAN S.A.T.I.C.I.,LINEA_506F_BSAS,SI,COLECTIVO,MUNICIPAL,BUENOS AIRES,LA PLATA,4778,NO,10,Octubre,Sábado,Fin de semana,Primavera
2025-10-11,UNION PLATENSE SRL,NORTE MUNICIPAL,SI,COLECTIVO,MUNICIPAL,BUENOS AIRES,LA PLATA,3673,NO,10,Octubre,Sábado,Fin de semana,Primavera
2025-10-12,UNION PLATENSE SRL,BSAS_LINEA_502_SUR,SI,COLECTIVO,MUNICIPAL,BUENOS AIRES,LA PLATA,1110,NO,10,Octubre,Domingo,Fin de semana,Primavera
2025-10-12,MICROEXPRES S.A.,BSAS_LINEA_503_ESTE,SI,COLECTIVO,MUNICIPAL,BUENOS AIRES,LA PLATA,1815,NO,10,Octubre,Domingo,Fin de semana,Primavera
2025-10-12,EXPRESO LA PLATA BUENOS AIRES S.A.,BSAS_LINEA_503E,SI,COLECTIVO,MUNICIPAL,BUENOS AIRES,LA PLATA,8914,NO,10,Octubre,Domingo,Fin de semana,Primavera
2025-10-12,EMPRESA NUEVE DE JULIO S.A.T.,BSAS_LINEA_508C,SI,COLECTIVO,MUNICIPAL,BUENOS AIRES,LA PLATA,217,NO,10,Octubre,Domingo,Fin de semana,Primavera
2025-10-12,UNION PLATENSE SRL,BSAS_LINEA_520C,SI,COLECTIVO,MUNICIPAL,BUENOS AIRES,LA PLATA,1757,NO,10,Octubre,Domingo,Fin de semana,Primavera
2025-10-12,EMPRESA NUEVE DE JULIO S.A.T.,BSAS_LINEA_561B,SI,COLECTIVO,MUNICIPAL,BUENOS AIRES,LA PLATA,339,NO,10,Octubre,Domingo,Fin de semana,Primavera
2025-10-12,EMPRESA NUEVE DE JULIO S.A.T.,LINEA OESTE,SI,COLECTIVO,MUNICIPAL,BUENOS AIRES,LA PLATA,14053,NO,10,Octubre,Domingo,Fin de semana,Primavera
2025-10-12,FUERTE BARRAGAN S.A.T.I.C.I.,LINEA_506F_BSAS,SI,COLECTIVO,MUNICIPAL,BUENOS AIRES,LA PLATA,2639,NO,10,Octubre,Domingo,Fin de semana,Primavera
2025-10-12,UNION PLATENSE SRL,NORTE MUNICIPAL,SI,COLECTIVO,MUNICIPAL,BUENOS AIRES,LA PLATA,1395,NO,10,Octubre,Domingo,Fin de semana,Primavera
2025-10-13,UNION PLATENSE SRL,BSAS_LINEA_502_SUR,SI,COLECTIVO,MUNICIPAL,BUENOS AIRES,LA PLATA,13201,NO,10,Octubre,Lunes,Día de semana,Primavera
2025-10-13,MICROEXPRES S.A.,BSAS_LINEA_503_ESTE,SI,COLECTIVO,MUNICIPAL,BUENOS AIRES,LA PLATA,8529,NO,10,Octubre,Lunes,Día de semana,Primavera
2025-10-13,EXPRESO LA PLATA BUENOS AIRES S.A.,BSAS_LINEA_503E,SI,COLECTIVO,MUNICIPAL,BUENOS AIRES,LA PLATA,33176,NO,10,Octubre,Lunes,Día de semana,Primavera
2025-10-13,EMPRESA NUEVE DE JULIO S.A.T.,BSAS_LINEA_508C,SI,COLECTIVO,MUNICIPAL,BUENOS AIRES,LA PLATA,1308,NO,10,Octubre,Lunes,Día de semana,Primavera
2025-10-13,EXPRESO LA PLATA BUENOS AIRES S.A.,BSAS_LINEA_518,SI,COLECTIVO,MUNICIPAL,BUENOS AIRES,LA PLATA,939,NO,10,Octubre,Lunes,Día de semana,Primavera
2025-10-13,UNION PLATENSE SRL,BSAS_LINEA_520C,SI,COLECTIVO,MUNICIPAL,BUENOS AIRES,LA PLATA,14422,NO,10,Octubre,Lunes,Día de semana,Primavera
2025-10-13,EMPRESA NUEVE DE JULIO S.A.T.,BSAS_LINEA_561B,SI,COLECTIVO,MUNICIPAL,BUENOS AIRES,LA PLATA,1583,NO,10,Octubre,Lunes,Día de semana,Primavera
2025-10-13,EMPRESA NUEVE DE JULIO S.A.T.,LINEA OESTE,SI,COLECTIVO,MUNICIPAL,BUENOS AIRES,LA PLATA,67842,NO,10,Octubre,Lunes,Día de semana,Primavera
2025-10-13,FUERTE BARRAGAN S.A.T.I.C.I.,LINEA_506F_BSAS,SI,COLECTIVO,MUNICIPAL,BUENOS AIRES,LA PLATA,12452,NO,10,Octubre,Lunes,Día de semana,Primavera
2025-10-13,UNION PLATENSE SRL,NORTE MUNICIPAL,SI,COLECTIVO,MUNICIPAL,BUENOS AIRES,LA PLATA,12455,NO,10,Octubre,Lunes,Día de semana,Primavera
2025-10-14,UNION PLATENSE SRL,BSAS_LINEA_502_SUR,SI,COLECTIVO,MUNICIPAL,BUENOS AIRES,LA PLATA,10535,NO,10,Octubre,Martes,Día de semana,Primavera
2025-10-14,MICROEXPRES S.A.,BSAS_LINEA_503_ESTE,SI,COLECTIVO,MUNICIPAL,BUENOS AIRES,LA PLATA,7259,NO,10,Octubre,Martes,Día de semana,Primavera
2025-10-14,EXPRESO LA PLATA BUENOS AIRES S.A.,BSAS_LINEA_503E,SI,COLECTIVO,MUNICIPAL,BUENOS AIRES,LA PLATA,26663,NO,10,Octubre,Martes,Día de semana,Primavera
2025-10-14,EMPRESA NUEVE DE JULIO S.A.T.,BSAS_LINEA_508C,SI,COLECTIVO,MUNICIPAL,BUENOS AIRES,LA PLATA,1191,NO,10,Octubre,Martes,Día de semana,Primavera
2025-10-14,EXPRESO LA PLATA BUENOS AIRES S.A.,BSAS_LINEA_518,SI,COLECTIVO,MUNICIPAL,BUENOS AIRES,LA PLATA,768,NO,10,Octubre,Martes,Día de semana,Primavera
2025-10-14,UNION PLATENSE SRL,BSAS_LINEA_520C,SI,COLECTIVO,MUNICIPAL,BUENOS AIRES,LA PLATA,12292,NO,10,Octubre,Martes,Día de semana,Primavera
2025-10-14,EMPRESA NUEVE DE JULIO S.A.T.,BSAS_LINEA_561B,SI,COLECTIVO,MUNICIPAL,BUENOS AIRES,LA PLATA,1570,NO,10,Octubre,Martes,Día de semana,Primavera
2025-10-14,EMPRESA NUEVE DE JULIO S.A.T.,LINEA OESTE,SI,COLECTIVO,MUNICIPAL,BUENOS AIRES,LA PLATA,54401,NO,10,Octubre,Martes,Día de semana,Primavera
2025-10-14,FUERTE BARRAGAN S.A.T.I.C.I.,LINEA_506F_BSAS,SI,COLECTIVO,MUNICIPAL,BUENOS AIRES,LA PLATA,10335,NO,10,Octubre,Martes,Día de semana,Primavera
2025-10-14,UNION PLATENSE SRL,NORTE MUNICIPAL,SI,COLECTIVO,MUNICIPAL,BUENOS AIRES,LA PLATA,10495,NO,10,Octubre,Martes,Día de semana,Primavera
2025-10-15,UNION PLATENSE SRL,BSAS_LINEA_502_SUR,SI,COLECTIVO,MUNICIPAL,BUENOS AIRES,LA PLATA,14427,NO,10,Octubre,Miércoles,Día de semana,Primavera
2025-10-15,MICROEXPRES S.A.,BSAS_LINEA_503_ESTE,SI,COLECTIVO,MUNICIPAL,BUENOS AIRES,LA PLATA,9239,NO,10,Octubre,Miércoles,Día de semana,Primavera
2025-10-15,EXPRESO LA PLATA BUENOS AIRES S.A.,BSAS_LINEA_503E,SI,COLECTIVO,MUNICIPAL,BUENOS AIRES,LA PLATA,36162,NO,10,Octubre,Miércoles,Día de semana,Primavera
2025-10-15,EMPRESA NUEVE DE JULIO S.A.T.,BSAS_LINEA_508C,SI,COLECTIVO,MUNICIPAL,BUENOS AIRES,LA PLATA,1433,NO,10,Octubre,Miércoles,Día de semana,Primavera
2025-10-15,EXPRESO LA PLATA BUENOS AIRES S.A.,BSAS_LINEA_518,SI,COLECTIVO,MUNICIPAL,BUENOS AIRES,LA PLATA,979,NO,10,Octubre,Miércoles,Día de semana,Primavera
2025-10-15,UNION PLATENSE SRL,BSAS_LINEA_520C,SI,COLECTIVO,MUNICIPAL,BUENOS AIRES,LA PLATA,16415,NO,10,Octubre,Miércoles,Día de semana,Primavera
2025-10-15,EMPRESA NUEVE DE JULIO S.A.T.,BSAS_LINEA_561B,SI,COLECTIVO,MUNICIPAL,BUENOS AIRES,LA PLATA,1717,NO,10,Octubre,Miércoles,Día de semana,Primavera
2025-10-15,EMPRESA NUEVE DE JULIO S.A.T.,LINEA OESTE,SI,COLECTIVO,MUNICIPAL,BUENOS AIRES,LA PLATA,74056,NO,10,Octubre,Miércoles,Día de semana,Primavera
2025-10-15,FUERTE BARRAGAN S.A.T.I.C.I.,LINEA_506F_BSAS,SI,COLECTIVO,MUNICIPAL,BUENOS AIRES,LA PLATA,13793,NO,10,Octubre,Miércoles,Día de semana,Primavera
2025-10-15,UNION PLATENSE SRL,NORTE MUNICIPAL,SI,COLECTIVO,MUNICIPAL,BUENOS AIRES,LA PLATA,13199,NO,10,Octubre,Miércoles,Día de semana,Primavera
2025-10-16,UNION PLATENSE SRL,BSAS_LINEA_502_SUR,SI,COLECTIVO,MUNICIPAL,BUENOS AIRES,LA PLATA,14733,NO,10,Octubre,Jueves,Día de semana,Primavera
2025-10-16,MICROEXPRES S.A.,BSAS_LINEA_503_ESTE,SI,COLECTIVO,MUNICIPAL,BUENOS AIRES,LA PLATA,9038,NO,10,Octubre,Jueves,Día de semana,Primavera
2025-10-16,EXPRESO LA PLATA BUENOS AIRES S.A.,BSAS_LINEA_503E,SI,COLECTIVO,MUNICIPAL,BUENOS AIRES,LA PLATA,35787,NO,10,Octubre,Jueves,Día de semana,Primavera
2025-10-16,EMPRESA NUEVE DE JULIO S.A.T.,BSAS_LINEA_508C,SI,COLECTIVO,MUNICIPAL,BUENOS AIRES,LA PLATA,1388,NO,10,Octubre,Jueves,Día de semana,Primavera
2025-10-16,EXPRESO LA PLATA BUENOS AIRES S.A.,BSAS_LINEA_518,SI,COLECTIVO,MUNICIPAL,BUENOS AIRES,LA PLATA,960,NO,10,Octubre,Jueves,Día de semana,Primavera
2025-10-16,UNION PLATENSE SRL,BSAS_LINEA_520C,SI,COLECTIVO,MUNICIPAL,BUENOS AIRES,LA PLATA,15169,NO,10,Octubre,Jueves,Día de semana,Primavera
2025-10-16,EMPRESA NUEVE DE JULIO S.A.T.,BSAS_LINEA_561B,SI,COLECTIVO,MUNICIPAL,BUENOS AIRES,LA PLATA,1721,NO,10,Octubre,Jueves,Día de semana,Primavera
2025-10-16,EMPRESA NUEVE DE JULIO S.A.T.,LINEA OESTE,SI,COLECTIVO,MUNICIPAL,BUENOS AIRES,LA PLATA,71448,NO,10,Octubre,Jueves,Día de semana,Primavera
2025-10-16,FUERTE BARRAGAN S.A.T.I.C.I.,LINEA_506F_BSAS,SI,COLECTIVO,MUNICIPAL,BUENOS AIRES,LA PLATA,13516,NO,10,Octubre,Jueves,Día de semana,Primavera
2025-10-16,UNION PLATENSE SRL,NORTE MUNICIPAL,SI,COLECTIVO,MUNICIPAL,BUENOS AIRES,LA PLATA,13127,NO,10,Octubre,Jueves,Día de semana,Primavera
2025-10-17,UNION PLATENSE SRL,BSAS_LINEA_502_SUR,SI,COLECTIVO,MUNICIPAL,BUENOS AIRES,LA PLATA,13204,NO,10,Octubre,Viernes,Día de semana,Primavera
2025-10-17,MICROEXPRES S.A.,BSAS_LINEA_503_ESTE,SI,COLECTIVO,MUNICIPAL,BUENOS AIRES,LA PLATA,8883,NO,10,Octubre,Viernes,Día de semana,Primavera
2025-10-17,EXPRESO LA PLATA BUENOS AIRES S.A.,BSAS_LINEA_503E,SI,COLECTIVO,MUNICIPAL,BUENOS AIRES,LA PLATA,34651,NO,10,Octubre,Viernes,Día de semana,Primavera
2025-10-17,EMPRESA NUEVE DE JULIO S.A.T.,BSAS_LINEA_508C,SI,COLECTIVO,MUNICIPAL,BUENOS AIRES,LA PLATA,1287,NO,10,Octubre,Viernes,Día de semana,Primavera
2025-10-17,EXPRESO LA PLATA BUENOS AIRES S.A.,BSAS_LINEA_518,SI,COLECTIVO,MUNICIPAL,BUENOS AIRES,LA PLATA,855,NO,10,Octubre,Viernes,Día de semana,Primavera
2025-10-17,UNION PLATENSE SRL,BSAS_LINEA_520C,SI,COLECTIVO,MUNICIPAL,BUENOS AIRES,LA PLATA,15330,NO,10,Octubre,Viernes,Día de semana,Primavera
2025-10-17,EMPRESA NUEVE DE JULIO S.A.T.,BSAS_LINEA_561B,SI,COLECTIVO,MUNICIPAL,BUENOS AIRES,LA PLATA,1728,NO,10,Octubre,Viernes,Día de semana,Primavera
2025-10-17,EMPRESA NUEVE DE JULIO S.A.T.,LINEA OESTE,SI,COLECTIVO,MUNICIPAL,BUENOS AIRES,LA PLATA,69636,NO,10,Octubre,Viernes,Día de semana,Primavera
2025-10-17,FUERTE BARRAGAN S.A.T.I.C.I.,LINEA_506F_BSAS,SI,COLECTIVO,MUNICIPAL,BUENOS AIRES,LA PLATA,12707,NO,10,Octubre,Viernes,Día de semana,Primavera
2025-10-17,UNION PLATENSE SRL,NORTE MUNICIPAL,SI,COLECTIVO,MUNICIPAL,BUENOS AIRES,LA PLATA,12383,NO,10,Octubre,Viernes,Día de semana,Primavera
2025-10-18,UNION PLATENSE SRL,BSAS_LINEA_502_SUR,SI,COLECTIVO,MUNICIPAL,BUENOS AIRES,LA PLATA,4553,NO,10,Octubre,Sábado,Fin de semana,Primavera
2025-10-18,MICROEXPRES S.A.,BSAS_LINEA_503_ESTE,SI,COLECTIVO,MUNICIPAL,BUENOS AIRES,LA PLATA,4222,NO,10,Octubre,Sábado,Fin de semana,Primavera
2025-10-18,EXPRESO LA PLATA BUENOS AIRES S.A.,BSAS_LINEA_503E,SI,COLECTIVO,MUNICIPAL,BUENOS AIRES,LA PLATA,17996,NO,10,Octubre,Sábado,Fin de semana,Primavera
2025-10-18,EMPRESA NUEVE DE JULIO S.A.T.,BSAS_LINEA_508C,SI,COLECTIVO,MUNICIPAL,BUENOS AIRES,LA PLATA,510,NO,10,Octubre,Sábado,Fin de semana,Primavera
2025-10-18,EXPRESO LA PLATA BUENOS AIRES S.A.,BSAS_LINEA_518,SI,COLECTIVO,MUNICIPAL,BUENOS AIRES,LA PLATA,371,NO,10,Octubre,Sábado,Fin de semana,Primavera
2025-10-18,UNION PLATENSE SRL,BSAS_LINEA_520C,SI,COLECTIVO,MUNICIPAL,BUENOS AIRES,LA PLATA,6329,NO,10,Octubre,Sábado,Fin de semana,Primavera
2025-10-18,EMPRESA NUEVE DE JULIO S.A.T.,BSAS_LINEA_561B,SI,COLECTIVO,MUNICIPAL,BUENOS AIRES,LA PLATA,425,NO,10,Octubre,Sábado,Fin de semana,Primavera
2025-10-18,EMPRESA NUEVE DE JULIO S.A.T.,LINEA OESTE,SI,COLECTIVO,MUNICIPAL,BUENOS AIRES,LA PLATA,32120,NO,10,Octubre,Sábado,Fin de semana,Primavera
2025-10-18,FUERTE BARRAGAN S.A.T.I.C.I.,LINEA_506F_BSAS,SI,COLECTIVO,MUNICIPAL,BUENOS AIRES,LA PLATA,5493,NO,10,Octubre,Sábado,Fin de semana,Primavera
2025-10-18,UNION PLATENSE SRL,NORTE MUNICIPAL,SI,COLECTIVO,MUNICIPAL,BUENOS AIRES,LA PLATA,3980,NO,10,Octubre,Sábado,Fin de semana,Primavera
2025-10-19,UNION PLATENSE SRL,BSAS_LINEA_502_SUR,SI,COLECTIVO,MUNICIPAL,BUENOS AIRES,LA PLATA,1326,NO,10,Octubre,Domingo,Fin de semana,Primavera
2025-10-19,MICROEXPRES S.A.,BSAS_LINEA_503_ESTE,SI,COLECTIVO,MUNICIPAL,BUENOS AIRES,LA PLATA,2240,NO,10,Octubre,Domingo,Fin de semana,Primavera
2025-10-19,EXPRESO LA PLATA BUENOS AIRES S.A.,BSAS_LINEA_503E,SI,COLECTIVO,MUNICIPAL,BUENOS AIRES,LA PLATA,9749,NO,10,Octubre,Domingo,Fin de semana,Primavera
2025-10-19,EMPRESA NUEVE DE JULIO S.A.T.,BSAS_LINEA_508C,SI,COLECTIVO,MUNICIPAL,BUENOS AIRES,LA PLATA,295,NO,10,Octubre,Domingo,Fin de semana,Primavera
2025-10-19,UNION PLATENSE SRL,BSAS_LINEA_520C,SI,COLECTIVO,MUNICIPAL,BUENOS AIRES,LA PLATA,2561,NO,10,Octubre,Domingo,Fin de semana,Primavera
2025-10-19,EMPRESA NUEVE DE JULIO S.A.T.,BSAS_LINEA_561B,SI,COLECTIVO,MUNICIPAL,BUENOS AIRES,LA PLATA,307,NO,10,Octubre,Domingo,Fin de semana,Primavera
2025-10-19,EMPRESA NUEVE DE JULIO S.A.T.,LINEA OESTE,SI,COLECTIVO,MUNICIPAL,BUENOS AIRES,LA PLATA,16193,NO,10,Octubre,Domingo,Fin de semana,Primavera
2025-10-19,FUERTE BARRAGAN S.A.T.I.C.I.,LINEA_506F_BSAS,SI,COLECTIVO,MUNICIPAL,BUENOS AIRES,LA PLATA,3000,NO,10,Octubre,Domingo,Fin de semana,Primavera
2025-10-19,UNION PLATENSE SRL,NORTE MUNICIPAL,SI,COLECTIVO,MUNICIPAL,BUENOS AIRES,LA PLATA,1837,NO,10,Octubre,Domingo,Fin de semana,Primavera
2025-10-20,UNION PLATENSE SRL,BSAS_LINEA_502_SUR,SI,COLECTIVO,MUNICIPAL,BUENOS AIRES,LA PLATA,13482,NO,10,Octubre,Lunes,Día de semana,Primavera
2025-10-20,MICROEXPRES S.A.,BSAS_LINEA_503_ESTE,SI,COLECTIVO,MUNICIPAL,BUENOS AIRES,LA PLATA,8746,NO,10,Octubre,Lunes,Día de semana,Primavera
2025-10-20,EXPRESO LA PLATA BUENOS AIRES S.A.,BSAS_LINEA_503E,SI,COLECTIVO,MUNICIPAL,BUENOS AIRES,LA PLATA,34086,NO,10,Octubre,Lunes,Día de semana,Primavera
2025-10-20,EMPRESA NUEVE DE JULIO S.A.T.,BSAS_LINEA_508C,SI,COLECTIVO,MUNICIPAL,BUENOS AIRES,LA PLATA,1295,NO,10,Octubre,Lunes,Día de semana,Primavera
2025-10-20,EXPRESO LA PLATA BUENOS AIRES S.A.,BSAS_LINEA_518,SI,COLECTIVO,MUNICIPAL,BUENOS AIRES,LA PLATA,875,NO,10,Octubre,Lunes,Día de semana,Primavera
2025-10-20,UNION PLATENSE SRL,BSAS_LINEA_520C,SI,COLECTIVO,MUNICIPAL,BUENOS AIRES,LA PLATA,14926,NO,10,Octubre,Lunes,Día de semana,Primavera
2025-10-20,EMPRESA NUEVE DE JULIO S.A.T.,BSAS_LINEA_561B,SI,COLECTIVO,MUNICIPAL,BUENOS AIRES,LA PLATA,1587,NO,10,Octubre,Lunes,Día de semana,Primavera
2025-10-20,EMPRESA NUEVE DE JULIO S.A.T.,LINEA OESTE,SI,COLECTIVO,MUNICIPAL,BUENOS AIRES,LA PLATA,69472,NO,10,Octubre,Lunes,Día de semana,Primavera
2025-10-20,FUERTE BARRAGAN S.A.T.I.C.I.,LINEA_506F_BSAS,SI,COLECTIVO,MUNICIPAL,BUENOS AIRES,LA PLATA,13139,NO,10,Octubre,Lunes,Día de semana,Primavera
2025-10-20,UNION PLATENSE SRL,NORTE MUNICIPAL,SI,COLECTIVO,MUNICIPAL,BUENOS AIRES,LA PLATA,12539,NO,10,Octubre,Lunes,Día de semana,Primavera
2025-10-21,UNION PLATENSE SRL,BSAS_LINEA_502_SUR,SI,COLECTIVO,MUNICIPAL,BUENOS AIRES,LA PLATA,13427,NO,10,Octubre,Martes,Día de semana,Primavera
2025-10-21,MICROEXPRES S.A.,BSAS_LINEA_503_ESTE,SI,COLECTIVO,MUNICIPAL,BUENOS AIRES,LA PLATA,8493,NO,10,Octubre,Martes,Día de semana,Primavera
2025-10-21,EXPRESO LA PLATA BUENOS AIRES S.A.,BSAS_LINEA_503E,SI,COLECTIVO,MUNICIPAL,BUENOS AIRES,LA PLATA,34498,NO,10,Octubre,Martes,Día de semana,Primavera
2025-10-21,EMPRESA NUEVE DE JULIO S.A.T.,BSAS_LINEA_508C,SI,COLECTIVO,MUNICIPAL,BUENOS AIRES,LA PLATA,1300,NO,10,Octubre,Martes,Día de semana,Primavera
2025-10-21,EXPRESO LA PLATA BUENOS AIRES S.A.,BSAS_LINEA_518,SI,COLECTIVO,MUNICIPAL,BUENOS AIRES,LA PLATA,892,NO,10,Octubre,Martes,Día de semana,Primavera
2025-10-21,UNION PLATENSE SRL,BSAS_LINEA_520C,SI,COLECTIVO,MUNICIPAL,BUENOS AIRES,LA PLATA,15262,NO,10,Octubre,Martes,Día de semana,Primavera
2025-10-21,EMPRESA NUEVE DE JULIO S.A.T.,BSAS_LINEA_561B,SI,COLECTIVO,MUNICIPAL,BUENOS AIRES,LA PLATA,1615,NO,10,Octubre,Martes,Día de semana,Primavera
2025-10-21,EMPRESA NUEVE DE JULIO S.A.T.,LINEA OESTE,SI,COLECTIVO,MUNICIPAL,BUENOS AIRES,LA PLATA,69957,NO,10,Octubre,Martes,Día de semana,Primavera
2025-10-21,FUERTE BARRAGAN S.A.T.I.C.I.,LINEA_506F_BSAS,SI,COLECTIVO,MUNICIPAL,BUENOS AIRES,LA PLATA,14598,NO,10,Octubre,Martes,Día de semana,Primavera
2025-10-21,UNION PLATENSE SRL,NORTE MUNICIPAL,SI,COLECTIVO,MUNICIPAL,BUENOS AIRES,LA PLATA,12394,NO,10,Octubre,Martes,Día de semana,Primavera
2025-10-22,UNION PLATENSE SRL,BSAS_LINEA_502_SUR,SI,COLECTIVO,MUNICIPAL,BUENOS AIRES,LA PLATA,13230,NO,10,Octubre,Miércoles,Día de semana,Primavera
2025-10-22,MICROEXPRES S.A.,BSAS_LINEA_503_ESTE,SI,COLECTIVO,MUNICIPAL,BUENOS AIRES,LA PLATA,8564,NO,10,Octubre,Miércoles,Día de semana,Primavera
2025-10-22,EXPRESO LA PLATA BUENOS AIRES S.A.,BSAS_LINEA_503E,SI,COLECTIVO,MUNICIPAL,BUENOS AIRES,LA PLATA,33940,NO,10,Octubre,Miércoles,Día de semana,Primavera
2025-10-22,EMPRESA NUEVE DE JULIO S.A.T.,BSAS_LINEA_508C,SI,COLECTIVO,MUNICIPAL,BUENOS AIRES,LA PLATA,1290,NO,10,Octubre,Miércoles,Día de semana,Primavera
2025-10-22,EXPRESO LA PLATA BUENOS AIRES S.A.,BSAS_LINEA_518,SI,COLECTIVO,MUNICIPAL,BUENOS AIRES,LA PLATA,924,NO,10,Octubre,Miércoles,Día de semana,Primavera
2025-10-22,UNION PLATENSE SRL,BSAS_LINEA_520C,SI,COLECTIVO,MUNICIPAL,BUENOS AIRES,LA PLATA,14981,NO,10,Octubre,Miércoles,Día de semana,Primavera
2025-10-22,EMPRESA NUEVE DE JULIO S.A.T.,BSAS_LINEA_561B,SI,COLECTIVO,MUNICIPAL,BUENOS AIRES,LA PLATA,1633,NO,10,Octubre,Miércoles,Día de semana,Primavera
2025-10-22,EMPRESA NUEVE DE JULIO S.A.T.,LINEA OESTE,SI,COLECTIVO,MUNICIPAL,BUENOS AIRES,LA PLATA,67624,NO,10,Octubre,Miércoles,Día de semana,Primavera
2025-10-22,FUERTE BARRAGAN S.A.T.I.C.I.,LINEA_506F_BSAS,SI,COLECTIVO,MUNICIPAL,BUENOS AIRES,LA PLATA,12129,NO,10,Octubre,Miércoles,Día de semana,Primavera
2025-10-22,UNION PLATENSE SRL,NORTE MUNICIPAL,SI,COLECTIVO,MUNICIPAL,BUENOS AIRES,LA PLATA,12058,NO,10,Octubre,Miércoles,Día de semana,Primavera
2025-10-23,UNION PLATENSE SRL,BSAS_LINEA_502_SUR,SI,COLECTIVO,MUNICIPAL,BUENOS AIRES,LA PLATA,13668,NO,10,Octubre,Jueves,Día de semana,Primavera
2025-10-23,MICROEXPRES S.A.,BSAS_LINEA_503_ESTE,SI,COLECTIVO,MUNICIPAL,BUENOS AIRES,LA PLATA,8811,NO,10,Octubre,Jueves,Día de semana,Primavera
2025-10-23,EXPRESO LA PLATA BUENOS AIRES S.A.,BSAS_LINEA_503E,SI,COLECTIVO,MUNICIPAL,BUENOS AIRES,LA PLATA,35243,NO,10,Octubre,Jueves,Día de semana,Primavera
2025-10-23,EMPRESA NUEVE DE JULIO S.A.T.,BSAS_LINEA_508C,SI,COLECTIVO,MUNICIPAL,BUENOS AIRES,LA PLATA,1314,NO,10,Octubre,Jueves,Día de semana,Primavera
2025-10-23,EXPRESO LA PLATA BUENOS AIRES S.A.,BSAS_LINEA_518,SI,COLECTIVO,MUNICIPAL,BUENOS AIRES,LA PLATA,930,NO,10,Octubre,Jueves,Día de semana,Primavera
2025-10-23,UNION PLATENSE SRL,BSAS_LINEA_520C,SI,COLECTIVO,MUNICIPAL,BUENOS AIRES,LA PLATA,15251,NO,10,Octubre,Jueves,Día de semana,Primavera
2025-10-23,EMPRESA NUEVE DE JULIO S.A.T.,BSAS_LINEA_561B,SI,COLECTIVO,MUNICIPAL,BUENOS AIRES,LA PLATA,1759,NO,10,Octubre,Jueves,Día de semana,Primavera
2025-10-23,EMPRESA NUEVE DE JULIO S.A.T.,LINEA OESTE,SI,COLECTIVO,MUNICIPAL,BUENOS AIRES,LA PLATA,70754,NO,10,Octubre,Jueves,Día de semana,Primavera
2025-10-23,FUERTE BARRAGAN S.A.T.I.C.I.,LINEA_506F_BSAS,SI,COLECTIVO,MUNICIPAL,BUENOS AIRES,LA PLATA,12240,NO,10,Octubre,Jueves,Día de semana,Primavera
2025-10-23,UNION PLATENSE SRL,NORTE MUNICIPAL,SI,COLECTIVO,MUNICIPAL,BUENOS AIRES,LA PLATA,13028,NO,10,Octubre,Jueves,Día de semana,Primavera
2025-10-24,UNION PLATENSE SRL,BSAS_LINEA_502_SUR,SI,COLECTIVO,MUNICIPAL,BUENOS AIRES,LA PLATA,7828,NO,10,Octubre,Viernes,Día de semana,Primavera
2025-10-24,MICROEXPRES S.A.,BSAS_LINEA_503_ESTE,SI,COLECTIVO,MUNICIPAL,BUENOS AIRES,LA PLATA,5261,NO,10,Octubre,Viernes,Día de semana,Primavera
2025-10-24,EXPRESO LA PLATA BUENOS AIRES S.A.,BSAS_LINEA_503E,SI,COLECTIVO,MUNICIPAL,BUENOS AIRES,LA PLATA,20336,NO,10,Octubre,Viernes,Día de semana,Primavera
2025-10-24,EMPRESA NUEVE DE JULIO S.A.T.,BSAS_LINEA_508C,SI,COLECTIVO,MUNICIPAL,BUENOS AIRES,LA PLATA,726,NO,10,Octubre,Viernes,Día de semana,Primavera
2025-10-24,EXPRESO LA PLATA BUENOS AIRES S.A.,BSAS_LINEA_518,SI,COLECTIVO,MUNICIPAL,BUENOS AIRES,LA PLATA,555,NO,10,Octubre,Viernes,Día de semana,Primavera
2025-10-24,UNION PLATENSE SRL,BSAS_LINEA_520C,SI,COLECTIVO,MUNICIPAL,BUENOS AIRES,LA PLATA,8808,NO,10,Octubre,Viernes,Día de semana,Primavera
2025-10-24,EMPRESA NUEVE DE JULIO S.A.T.,BSAS_LINEA_561B,SI,COLECTIVO,MUNICIPAL,BUENOS AIRES,LA PLATA,1116,NO,10,Octubre,Viernes,Día de semana,Primavera
2025-10-24,EMPRESA NUEVE DE JULIO S.A.T.,LINEA OESTE,SI,COLECTIVO,MUNICIPAL,BUENOS AIRES,LA PLATA,37996,NO,10,Octubre,Viernes,Día de semana,Primavera
2025-10-24,FUERTE BARRAGAN S.A.T.I.C.I.,LINEA_506F_BSAS,SI,COLECTIVO,MUNICIPAL,BUENOS AIRES,LA PLATA,7208,NO,10,Octubre,Viernes,Día de semana,Primavera
2025-10-24,UNION PLATENSE SRL,NORTE MUNICIPAL,SI,COLECTIVO,MUNICIPAL,BUENOS AIRES,LA PLATA,7892,NO,10,Octubre,Viernes,Día de semana,Primavera
2025-10-25,UNION PLATENSE SRL,BSAS_LINEA_502_SUR,SI,COLECTIVO,MUNICIPAL,BUENOS AIRES,LA PLATA,2769,NO,10,Octubre,Sábado,Fin de semana,Primavera
2025-10-25,MICROEXPRES S.A.,BSAS_LINEA_503_ESTE,SI,COLECTIVO,MUNICIPAL,BUENOS AIRES,LA PLATA,2486,NO,10,Octubre,Sábado,Fin de semana,Primavera
2025-10-25,EXPRESO LA PLATA BUENOS AIRES S.A.,BSAS_LINEA_503E,SI,COLECTIVO,MUNICIPAL,BUENOS AIRES,LA PLATA,10860,NO,10,Octubre,Sábado,Fin de semana,Primavera
2025-10-25,EMPRESA NUEVE DE JULIO S.A.T.,BSAS_LINEA_508C,SI,COLECTIVO,MUNICIPAL,BUENOS AIRES,LA PLATA,229,NO,10,Octubre,Sábado,Fin de semana,Primavera
2025-10-25,EXPRESO LA PLATA BUENOS AIRES S.A.,BSAS_LINEA_518,SI,COLECTIVO,MUNICIPAL,BUENOS AIRES,LA PLATA,173,NO,10,Octubre,Sábado,Fin de semana,Primavera
2025-10-25,UNION PLATENSE SRL,BSAS_LINEA_520C,SI,COLECTIVO,MUNICIPAL,BUENOS AIRES,LA PLATA,3619,NO,10,Octubre,Sábado,Fin de semana,Primavera
2025-10-25,EMPRESA NUEVE DE JULIO S.A.T.,BSAS_LINEA_561B,SI,COLECTIVO,MUNICIPAL,BUENOS AIRES,LA PLATA,313,NO,10,Octubre,Sábado,Fin de semana,Primavera
2025-10-25,EMPRESA NUEVE DE JULIO S.A.T.,LINEA OESTE,SI,COLECTIVO,MUNICIPAL,BUENOS AIRES,LA PLATA,17920,NO,10,Octubre,Sábado,Fin de semana,Primavera
2025-10-25,FUERTE BARRAGAN S.A.T.I.C.I.,LINEA_506F_BSAS,SI,COLECTIVO,MUNICIPAL,BUENOS AIRES,LA PLATA,2988,NO,10,Octubre,Sábado,Fin de semana,Primavera
2025-10-25,UNION PLATENSE SRL,NORTE MUNICIPAL,SI,COLECTIVO,MUNICIPAL,BUENOS AIRES,LA PLATA,2301,NO,10,Octubre,Sábado,Fin de semana,Primavera
2025-10-26,UNION PLATENSE SRL,BSAS_LINEA_502_SUR,SI,COLECTIVO,MUNICIPAL,BUENOS AIRES,LA PLATA,9,NO,10,Octubre,Domingo,Fin de semana,Primavera
2025-10-26,MICROEXPRES S.A.,BSAS_LINEA_503_ESTE,SI,COLECTIVO,MUNICIPAL,BUENOS AIRES,LA PLATA,611,NO,10,Octubre,Domingo,Fin de semana,Primavera
2025-10-26,EXPRESO LA PLATA BUENOS AIRES S.A.,BSAS_LINEA_503E,SI,COLECTIVO,MUNICIPAL,BUENOS AIRES,LA PLATA,23,NO,10,Octubre,Domingo,Fin de semana,Primavera
2025-10-26,EMPRESA NUEVE DE JULIO S.A.T.,BSAS_LINEA_508C,SI,COLECTIVO,MUNICIPAL,BUENOS AIRES,LA PLATA,71,NO,10,Octubre,Domingo,Fin de semana,Primavera
2025-10-26,UNION PLATENSE SRL,BSAS_LINEA_520C,SI,COLECTIVO,MUNICIPAL,BUENOS AIRES,LA PLATA,7,NO,10,Octubre,Domingo,Fin de semana,Primavera
2025-10-26,EMPRESA NUEVE DE JULIO S.A.T.,BSAS_LINEA_561B,SI,COLECTIVO,MUNICIPAL,BUENOS AIRES,LA PLATA,82,NO,10,Octubre,Domingo,Fin de semana,Primavera
2025-10-26,EMPRESA NUEVE DE JULIO S.A.T.,LINEA OESTE,SI,COLECTIVO,MUNICIPAL,BUENOS AIRES,LA PLATA,5331,NO,10,Octubre,Domingo,Fin de semana,Primavera
2025-10-26,FUERTE BARRAGAN S.A.T.I.C.I.,LINEA_506F_BSAS,SI,COLECTIVO,MUNICIPAL,BUENOS AIRES,LA PLATA,21,NO,10,Octubre,Domingo,Fin de semana,Primavera
2025-10-26,UNION PLATENSE SRL,NORTE MUNICIPAL,SI,COLECTIVO,MUNICIPAL,BUENOS AIRES,LA PLATA,35,NO,10,Octubre,Domingo,Fin de semana,Primavera
2025-10-27,UNION PLATENSE SRL,BSAS_LINEA_502_SUR,SI,COLECTIVO,MUNICIPAL,BUENOS AIRES,LA PLATA,12388,NO,10,Octubre,Lunes,Día de semana,Primavera
2025-10-27,MICROEXPRES S.A.,BSAS_LINEA_503_ESTE,SI,COLECTIVO,MUNICIPAL,BUENOS AIRES,LA PLATA,8350,NO,10,Octubre,Lunes,Día de semana,Primavera
2025-10-27,EXPRESO LA PLATA BUENOS AIRES S.A.,BSAS_LINEA_503E,SI,COLECTIVO,MUNICIPAL,BUENOS AIRES,LA PLATA,31661,NO,10,Octubre,Lunes,Día de semana,Primavera
2025-10-27,EMPRESA NUEVE DE JULIO S.A.T.,BSAS_LINEA_508C,SI,COLECTIVO,MUNICIPAL,BUENOS AIRES,LA PLATA,1216,NO,10,Octubre,Lunes,Día de semana,Primavera
2025-10-27,EXPRESO LA PLATA BUENOS AIRES S.A.,BSAS_LINEA_518,SI,COLECTIVO,MUNICIPAL,BUENOS AIRES,LA PLATA,778,NO,10,Octubre,Lunes,Día de semana,Primavera
2025-10-27,UNION PLATENSE SRL,BSAS_LINEA_520C,SI,COLECTIVO,MUNICIPAL,BUENOS AIRES,LA PLATA,14070,NO,10,Octubre,Lunes,Día de semana,Primavera
2025-10-27,EMPRESA NUEVE DE JULIO S.A.T.,BSAS_LINEA_561B,SI,COLECTIVO,MUNICIPAL,BUENOS AIRES,LA PLATA,1548,NO,10,Octubre,Lunes,Día de semana,Primavera
2025-10-27,EMPRESA NUEVE DE JULIO S.A.T.,LINEA OESTE,SI,COLECTIVO,MUNICIPAL,BUENOS AIRES,LA PLATA,65417,NO,10,Octubre,Lunes,Día de semana,Primavera
2025-10-27,FUERTE BARRAGAN S.A.T.I.C.I.,LINEA_506F_BSAS,SI,COLECTIVO,MUNICIPAL,BUENOS AIRES,LA PLATA,12216,NO,10,Octubre,Lunes,Día de semana,Primavera
2025-10-27,UNION PLATENSE SRL,NORTE MUNICIPAL,SI,COLECTIVO,MUNICIPAL,BUENOS AIRES,LA PLATA,12056,NO,10,Octubre,Lunes,Día de semana,Primavera
2025-10-28,UNION PLATENSE SRL,BSAS_LINEA_502_SUR,SI,COLECTIVO,MUNICIPAL,BUENOS AIRES,LA PLATA,13567,NO,10,Octubre,Martes,Día de semana,Primavera
2025-10-28,MICROEXPRES S.A.,BSAS_LINEA_503_ESTE,SI,COLECTIVO,MUNICIPAL,BUENOS AIRES,LA PLATA,8725,NO,10,Octubre,Martes,Día de semana,Primavera
2025-10-28,EXPRESO LA PLATA BUENOS AIRES S.A.,BSAS_LINEA_503E,SI,COLECTIVO,MUNICIPAL,BUENOS AIRES,LA PLATA,33979,NO,10,Octubre,Martes,Día de semana,Primavera
2025-10-28,EMPRESA NUEVE DE JULIO S.A.T.,BSAS_LINEA_508C,SI,COLECTIVO,MUNICIPAL,BUENOS AIRES,LA PLATA,1216,NO,10,Octubre,Martes,Día de semana,Primavera
2025-10-28,EXPRESO LA PLATA BUENOS AIRES S.A.,BSAS_LINEA_518,SI,COLECTIVO,MUNICIPAL,BUENOS AIRES,LA PLATA,950,NO,10,Octubre,Martes,Día de semana,Primavera
2025-10-28,UNION PLATENSE SRL,BSAS_LINEA_520C,SI,COLECTIVO,MUNICIPAL,BUENOS AIRES,LA PLATA,15814,NO,10,Octubre,Martes,Día de semana,Primavera
2025-10-28,EMPRESA NUEVE DE JULIO S.A.T.,BSAS_LINEA_561B,SI,COLECTIVO,MUNICIPAL,BUENOS AIRES,LA PLATA,1673,NO,10,Octubre,Martes,Día de semana,Primavera
2025-10-28,EMPRESA NUEVE DE JULIO S.A.T.,LINEA OESTE,SI,COLECTIVO,MUNICIPAL,BUENOS AIRES,LA PLATA,70194,NO,10,Octubre,Martes,Día de semana,Primavera
2025-10-28,FUERTE BARRAGAN S.A.T.I.C.I.,LINEA_506F_BSAS,SI,COLECTIVO,MUNICIPAL,BUENOS AIRES,LA PLATA,15261,NO,10,Octubre,Martes,Día de semana,Primavera
2025-10-28,UNION PLATENSE SRL,NORTE MUNICIPAL,SI,COLECTIVO,MUNICIPAL,BUENOS AIRES,LA PLATA,12737,NO,10,Octubre,Martes,Día de semana,Primavera
2025-10-29,UNION PLATENSE SRL,BSAS_LINEA_502_SUR,SI,COLECTIVO,MUNICIPAL,BUENOS AIRES,LA PLATA,13161,NO,10,Octubre,Miércoles,Día de semana,Primavera
2025-10-29,MICROEXPRES S.A.,BSAS_LINEA_503_ESTE,SI,COLECTIVO,MUNICIPAL,BUENOS AIRES,LA PLATA,8364,NO,10,Octubre,Miércoles,Día de semana,Primavera
2025-10-29,EXPRESO LA PLATA BUENOS AIRES S.A.,BSAS_LINEA_503E,SI,COLECTIVO,MUNICIPAL,BUENOS AIRES,LA PLATA,33547,NO,10,Octubre,Miércoles,Día de semana,Primavera
2025-10-29,EMPRESA NUEVE DE JULIO S.A.T.,BSAS_LINEA_508C,SI,COLECTIVO,MUNICIPAL,BUENOS AIRES,LA PLATA,1140,NO,10,Octubre,Miércoles,Día de semana,Primavera
2025-10-29,EXPRESO LA PLATA BUENOS AIRES S.A.,BSAS_LINEA_518,SI,COLECTIVO,MUNICIPAL,BUENOS AIRES,LA PLATA,900,NO,10,Octubre,Miércoles,Día de semana,Primavera
2025-10-29,UNION PLATENSE SRL,BSAS_LINEA_520C,SI,COLECTIVO,MUNICIPAL,BUENOS AIRES,LA PLATA,14633,NO,10,Octubre,Miércoles,Día de semana,Primavera
2025-10-29,EMPRESA NUEVE DE JULIO S.A.T.,BSAS_LINEA_561B,SI,COLECTIVO,MUNICIPAL,BUENOS AIRES,LA PLATA,1566,NO,10,Octubre,Miércoles,Día de semana,Primavera
2025-10-29,EMPRESA NUEVE DE JULIO S.A.T.,LINEA OESTE,SI,COLECTIVO,MUNICIPAL,BUENOS AIRES,LA PLATA,68851,NO,10,Octubre,Miércoles,Día de semana,Primavera
2025-10-29,FUERTE BARRAGAN S.A.T.I.C.I.,LINEA_506F_BSAS,SI,COLECTIVO,MUNICIPAL,BUENOS AIRES,LA PLATA,11917,NO,10,Octubre,Miércoles,Día de semana,Primavera
2025-10-29,UNION PLATENSE SRL,NORTE MUNICIPAL,SI,COLECTIVO,MUNICIPAL,BUENOS AIRES,LA PLATA,12296,NO,10,Octubre,Miércoles,Día de semana,Primavera
2025-10-30,UNION PLATENSE SRL,BSAS_LINEA_502_SUR,SI,COLECTIVO,MUNICIPAL,BUENOS AIRES,LA PLATA,13475,NO,10,Octubre,Jueves,Día de semana,Primavera
2025-10-30,MICROEXPRES S.A.,BSAS_LINEA_503_ESTE,SI,COLECTIVO,MUNICIPAL,BUENOS AIRES,LA PLATA,8736,NO,10,Octubre,Jueves,Día de semana,Primavera
2025-10-30,EXPRESO LA PLATA BUENOS AIRES S.A.,BSAS_LINEA_503E,SI,COLECTIVO,MUNICIPAL,BUENOS AIRES,LA PLATA,34125,NO,10,Octubre,Jueves,Día de semana,Primavera
2025-10-30,EMPRESA NUEVE DE JULIO S.A.T.,BSAS_LINEA_508C,SI,COLECTIVO,MUNICIPAL,BUENOS AIRES,LA PLATA,1268,NO,10,Octubre,Jueves,Día de semana,Primavera
2025-10-30,EXPRESO LA PLATA BUENOS AIRES S.A.,BSAS_LINEA_518,SI,COLECTIVO,MUNICIPAL,BUENOS AIRES,LA PLATA,907,NO,10,Octubre,Jueves,Día de semana,Primavera
2025-10-30,UNION PLATENSE SRL,BSAS_LINEA_520C,SI,COLECTIVO,MUNICIPAL,BUENOS AIRES,LA PLATA,15463,NO,10,Octubre,Jueves,Día de semana,Primavera
2025-10-30,EMPRESA NUEVE DE JULIO S.A.T.,BSAS_LINEA_561B,SI,COLECTIVO,MUNICIPAL,BUENOS AIRES,LA PLATA,1679,NO,10,Octubre,Jueves,Día de semana,Primavera
2025-10-30,EMPRESA NUEVE DE JULIO S.A.T.,LINEA OESTE,SI,COLECTIVO,MUNICIPAL,BUENOS AIRES,LA PLATA,68955,NO,10,Octubre,Jueves,Día de semana,Primavera
2025-10-30,FUERTE BARRAGAN S.A.T.I.C.I.,LINEA_506F_BSAS,SI,COLECTIVO,MUNICIPAL,BUENOS AIRES,LA PLATA,12645,NO,10,Octubre,Jueves,Día de semana,Primavera
2025-10-30,UNION PLATENSE SRL,NORTE MUNICIPAL,SI,COLECTIVO,MUNICIPAL,BUENOS AIRES,LA PLATA,13359,NO,10,Octubre,Jueves,Día de semana,Primavera
2025-10-31,UNION PLATENSE SRL,BSAS_LINEA_502_SUR,SI,COLECTIVO,MUNICIPAL,BUENOS AIRES,LA PLATA,13524,NO,10,Octubre,Viernes,Día de semana,Primavera
2025-10-31,MICROEXPRES S.A.,BSAS_LINEA_503_ESTE,SI,COLECTIVO,MUNICIPAL,BUENOS AIRES,LA PLATA,9511,NO,10,Octubre,Viernes,Día de semana,Primavera
2025-10-31,EXPRESO LA PLATA BUENOS AIRES S.A.,BSAS_LINEA_503E,SI,COLECTIVO,MUNICIPAL,BUENOS AIRES,LA PLATA,35004,NO,10,Octubre,Viernes,Día de semana,Primavera
2025-10-31,EMPRESA NUEVE DE JULIO S.A.T.,BSAS_LINEA_508C,SI,COLECTIVO,MUNICIPAL,BUENOS AIRES,LA PLATA,1211,NO,10,Octubre,Viernes,Día de semana,Primavera
2025-10-31,EXPRESO LA PLATA BUENOS AIRES S.A.,BSAS_LINEA_518,SI,COLECTIVO,MUNICIPAL,BUENOS AIRES,LA PLATA,870,NO,10,Octubre,Viernes,Día de semana,Primavera
2025-10-31,UNION PLATENSE SRL,BSAS_LINEA_520C,SI,COLECTIVO,MUNICIPAL,BUENOS AIRES,LA PLATA,15462,NO,10,Octubre,Viernes,Día de semana,Primavera
2025-10-31,EMPRESA NUEVE DE JULIO S.A.T.,BSAS_LINEA_561B,SI,COLECTIVO,MUNICIPAL,BUENOS AIRES,LA PLATA,1614,NO,10,Octubre,Viernes,Día de semana,Primavera
2025-10-31,EMPRESA NUEVE DE JULIO S.A.T.,LINEA OESTE,SI,COLECTIVO,MUNICIPAL,BUENOS AIRES,LA PLATA,70257,NO,10,Octubre,Viernes,Día de semana,Primavera
2025-10-31,FUERTE BARRAGAN S.A.T.I.C.I.,LINEA_506F_BSAS,SI,COLECTIVO,MUNICIPAL,BUENOS AIRES,LA PLATA,12402,NO,10,Octubre,Viernes,Día de semana,Primavera
2025-10-31,UNION PLATENSE SRL,NORTE MUNICIPAL,SI,COLECTIVO,MUNICIPAL,BUENOS AIRES,LA PLATA,12237,NO,10,Octubre,Viernes,Día de semana,Primavera
2025-11-01,UNION PLATENSE SRL,BSAS_LINEA_502_SUR,SI,COLECTIVO,MUNICIPAL,BUENOS AIRES,LA PLATA,4435,NO,11,Noviembre,Sábado,Fin de semana,Primavera
2025-11-01,MICROEXPRES S.A.,BSAS_LINEA_503_ESTE,SI,COLECTIVO,MUNICIPAL,BUENOS AIRES,LA PLATA,3835,NO,11,Noviembre,Sábado,Fin de semana,Primavera
2025-11-01,EXPRESO LA PLATA BUENOS AIRES S.A.,BSAS_LINEA_503E,SI,COLECTIVO,MUNICIPAL,BUENOS AIRES,LA PLATA,16639,NO,11,Noviembre,Sábado,Fin de semana,Primavera
2025-11-01,EMPRESA NUEVE DE JULIO S.A.T.,BSAS_LINEA_508C,SI,COLECTIVO,MUNICIPAL,BUENOS AIRES,LA PLATA,420,NO,11,Noviembre,Sábado,Fin de semana,Primavera
2025-11-01,EXPRESO LA PLATA BUENOS AIRES S.A.,BSAS_LINEA_518,SI,COLECTIVO,MUNICIPAL,BUENOS AIRES,LA PLATA,362,NO,11,Noviembre,Sábado,Fin de semana,Primavera
2025-11-01,UNION PLATENSE SRL,BSAS_LINEA_520C,SI,COLECTIVO,MUNICIPAL,BUENOS AIRES,LA PLATA,5641,NO,11,Noviembre,Sábado,Fin de semana,Primavera
2025-11-01,EMPRESA NUEVE DE JULIO S.A.T.,BSAS_LINEA_561B,SI,COLECTIVO,MUNICIPAL,BUENOS AIRES,LA PLATA,503,NO,11,Noviembre,Sábado,Fin de semana,Primavera
2025-11-01,EMPRESA NUEVE DE JULIO S.A.T.,LINEA OESTE,SI,COLECTIVO,MUNICIPAL,BUENOS AIRES,LA PLATA,29943,NO,11,Noviembre,Sábado,Fin de semana,Primavera
2025-11-01,FUERTE BARRAGAN S.A.T.I.C.I.,LINEA_506F_BSAS,SI,COLECTIVO,MUNICIPAL,BUENOS AIRES,LA PLATA,5132,NO,11,Noviembre,Sábado,Fin de semana,Primavera
2025-11-01,UNION PLATENSE SRL,NORTE MUNICIPAL,SI,COLECTIVO,MUNICIPAL,BUENOS AIRES,LA PLATA,3706,NO,11,Noviembre,Sábado,Fin de semana,Primavera
2025-11-02,UNION PLATENSE SRL,BSAS_LINEA_502_SUR,SI,COLECTIVO,MUNICIPAL,BUENOS AIRES,LA PLATA,1408,NO,11,Noviembre,Domingo,Fin de semana,Primavera
2025-11-02,MICROEXPRES S.A.,BSAS_LINEA_503_ESTE,SI,COLECTIVO,MUNICIPAL,BUENOS AIRES,LA PLATA,1733,NO,11,Noviembre,Domingo,Fin de semana,Primavera
2025-11-02,EXPRESO LA PLATA BUENOS AIRES S.A.,BSAS_LINEA_503E,SI,COLECTIVO,MUNICIPAL,BUENOS AIRES,LA PLATA,9519,NO,11,Noviembre,Domingo,Fin de semana,Primavera
2025-11-02,EMPRESA NUEVE DE JULIO S.A.T.,BSAS_LINEA_508C,SI,COLECTIVO,MUNICIPAL,BUENOS AIRES,LA PLATA,246,NO,11,Noviembre,Domingo,Fin de semana,Primavera
2025-11-02,UNION PLATENSE SRL,BSAS_LINEA_520C,SI,COLECTIVO,MUNICIPAL,BUENOS AIRES,LA PLATA,2752,NO,11,Noviembre,Domingo,Fin de semana,Primavera
2025-11-02,EMPRESA NUEVE DE JULIO S.A.T.,BSAS_LINEA_561B,SI,COLECTIVO,MUNICIPAL,BUENOS AIRES,LA PLATA,262,NO,11,Noviembre,Domingo,Fin de semana,Primavera
2025-11-02,EMPRESA NUEVE DE JULIO S.A.T.,LINEA OESTE,SI,COLECTIVO,MUNICIPAL,BUENOS AIRES,LA PLATA,15711,NO,11,Noviembre,Domingo,Fin de semana,Primavera
2025-11-02,FUERTE BARRAGAN S.A.T.I.C.I.,LINEA_506F_BSAS,SI,COLECTIVO,MUNICIPAL,BUENOS AIRES,LA PLATA,3037,NO,11,Noviembre,Domingo,Fin de semana,Primavera
2025-11-02,UNION PLATENSE SRL,NORTE MUNICIPAL,SI,COLECTIVO,MUNICIPAL,BUENOS AIRES,LA PLATA,1740,NO,11,Noviembre,Domingo,Fin de semana,Primavera
2025-11-03,UNION PLATENSE SRL,BSAS_LINEA_502_SUR,SI,COLECTIVO,MUNICIPAL,BUENOS AIRES,LA PLATA,13475,NO,11,Noviembre,Lunes,Día de semana,Primavera
2025-11-03,MICROEXPRES S.A.,BSAS_LINEA_503_ESTE,SI,COLECTIVO,MUNICIPAL,BUENOS AIRES,LA PLATA,8953,NO,11,Noviembre,Lunes,Día de semana,Primavera
2025-11-03,EXPRESO LA PLATA BUENOS AIRES S.A.,BSAS_LINEA_503E,SI,COLECTIVO,MUNICIPAL,BUENOS AIRES,LA PLATA,33867,NO,11,Noviembre,Lunes,Día de semana,Primavera
2025-11-03,EMPRESA NUEVE DE JULIO S.A.T.,BSAS_LINEA_508C,SI,COLECTIVO,MUNICIPAL,BUENOS AIRES,LA PLATA,1331,NO,11,Noviembre,Lunes,Día de semana,Primavera
2025-11-03,EXPRESO LA PLATA BUENOS AIRES S.A.,BSAS_LINEA_518,SI,COLECTIVO,MUNICIPAL,BUENOS AIRES,LA PLATA,980,NO,11,Noviembre,Lunes,Día de semana,Primavera
2025-11-03,UNION PLATENSE SRL,BSAS_LINEA_520C,SI,COLECTIVO,MUNICIPAL,BUENOS AIRES,LA PLATA,15220,NO,11,Noviembre,Lunes,Día de semana,Primavera
2025-11-03,EMPRESA NUEVE DE JULIO S.A.T.,BSAS_LINEA_561B,SI,COLECTIVO,MUNICIPAL,BUENOS AIRES,LA PLATA,1612,NO,11,Noviembre,Lunes,Día de semana,Primavera
2025-11-03,EMPRESA NUEVE DE JULIO S.A.T.,LINEA OESTE,SI,COLECTIVO,MUNICIPAL,BUENOS AIRES,LA PLATA,69729,NO,11,Noviembre,Lunes,Día de semana,Primavera
2025-11-03,FUERTE BARRAGAN S.A.T.I.C.I.,LINEA_506F_BSAS,SI,COLECTIVO,MUNICIPAL,BUENOS AIRES,LA PLATA,12953,NO,11,Noviembre,Lunes,Día de semana,Primavera
2025-11-03,UNION PLATENSE SRL,NORTE MUNICIPAL,SI,COLECTIVO,MUNICIPAL,BUENOS AIRES,LA PLATA,12891,NO,11,Noviembre,Lunes,Día de semana,Primavera
2025-11-04,UNION PLATENSE SRL,BSAS_LINEA_502_SUR,SI,COLECTIVO,MUNICIPAL,BUENOS AIRES,LA PLATA,11848,NO,11,Noviembre,Martes,Día de semana,Primavera
2025-11-04,MICROEXPRES S.A.,BSAS_LINEA_503_ESTE,SI,COLECTIVO,MUNICIPAL,BUENOS AIRES,LA PLATA,7606,NO,11,Noviembre,Martes,Día de semana,Primavera
2025-11-04,EXPRESO LA PLATA BUENOS AIRES S.A.,BSAS_LINEA_503E,SI,COLECTIVO,MUNICIPAL,BUENOS AIRES,LA PLATA,28589,NO,11,Noviembre,Martes,Día de semana,Primavera
2025-11-04,EMPRESA NUEVE DE JULIO S.A.T.,BSAS_LINEA_508C,SI,COLECTIVO,MUNICIPAL,BUENOS AIRES,LA PLATA,997,NO,11,Noviembre,Martes,Día de semana,Primavera
2025-11-04,EXPRESO LA PLATA BUENOS AIRES S.A.,BSAS_LINEA_518,SI,COLECTIVO,MUNICIPAL,BUENOS AIRES,LA PLATA,810,NO,11,Noviembre,Martes,Día de semana,Primavera
2025-11-04,UNION PLATENSE SRL,BSAS_LINEA_520C,SI,COLECTIVO,MUNICIPAL,BUENOS AIRES,LA PLATA,13137,NO,11,Noviembre,Martes,Día de semana,Primavera
2025-11-04,EMPRESA NUEVE DE JULIO S.A.T.,BSAS_LINEA_561B,SI,COLECTIVO,MUNICIPAL,BUENOS AIRES,LA PLATA,1571,NO,11,Noviembre,Martes,Día de semana,Primavera
2025-11-04,EMPRESA NUEVE DE JULIO S.A.T.,LINEA OESTE,SI,COLECTIVO,MUNICIPAL,BUENOS AIRES,LA PLATA,57598,NO,11,Noviembre,Martes,Día de semana,Primavera
2025-11-04,FUERTE BARRAGAN S.A.T.I.C.I.,LINEA_506F_BSAS,SI,COLECTIVO,MUNICIPAL,BUENOS AIRES,LA PLATA,10876,NO,11,Noviembre,Martes,Día de semana,Primavera
2025-11-04,UNION PLATENSE SRL,NORTE MUNICIPAL,SI,COLECTIVO,MUNICIPAL,BUENOS AIRES,LA PLATA,11081,NO,11,Noviembre,Martes,Día de semana,Primavera
2025-11-05,UNION PLATENSE SRL,BSAS_LINEA_502_SUR,SI,COLECTIVO,MUNICIPAL,BUENOS AIRES,LA PLATA,13917,NO,11,Noviembre,Miércoles,Día de semana,Primavera
2025-11-05,MICROEXPRES S.A.,BSAS_LINEA_503_ESTE,SI,COLECTIVO,MUNICIPAL,BUENOS AIRES,LA PLATA,9248,NO,11,Noviembre,Miércoles,Día de semana,Primavera
2025-11-05,EXPRESO LA PLATA BUENOS AIRES S.A.,BSAS_LINEA_503E,SI,COLECTIVO,MUNICIPAL,BUENOS AIRES,LA PLATA,34594,NO,11,Noviembre,Miércoles,Día de semana,Primavera
2025-11-05,EMPRESA NUEVE DE JULIO S.A.T.,BSAS_LINEA_508C,SI,COLECTIVO,MUNICIPAL,BUENOS AIRES,LA PLATA,1410,NO,11,Noviembre,Miércoles,Día de semana,Primavera
2025-11-05,EXPRESO LA PLATA BUENOS AIRES S.A.,BSAS_LINEA_518,SI,COLECTIVO,MUNICIPAL,BUENOS AIRES,LA PLATA,1002,NO,11,Noviembre,Miércoles,Día de semana,Primavera
2025-11-05,UNION PLATENSE SRL,BSAS_LINEA_520C,SI,COLECTIVO,MUNICIPAL,BUENOS AIRES,LA PLATA,15656,NO,11,Noviembre,Miércoles,Día de semana,Primavera
2025-11-05,EMPRESA NUEVE DE JULIO S.A.T.,BSAS_LINEA_561B,SI,COLECTIVO,MUNICIPAL,BUENOS AIRES,LA PLATA,1744,NO,11,Noviembre,Miércoles,Día de semana,Primavera
2025-11-05,EMPRESA NUEVE DE JULIO S.A.T.,LINEA OESTE,SI,COLECTIVO,MUNICIPAL,BUENOS AIRES,LA PLATA,73250,NO,11,Noviembre,Miércoles,Día de semana,Primavera
2025-11-05,FUERTE BARRAGAN S.A.T.I.C.I.,LINEA_506F_BSAS,SI,COLECTIVO,MUNICIPAL,BUENOS AIRES,LA PLATA,13659,NO,11,Noviembre,Miércoles,Día de semana,Primavera
2025-11-05,UNION PLATENSE SRL,NORTE MUNICIPAL,SI,COLECTIVO,MUNICIPAL,BUENOS AIRES,LA PLATA,13149,NO,11,Noviembre,Miércoles,Día de semana,Primavera
2025-11-06,UNION PLATENSE SRL,BSAS_LINEA_502_SUR,SI,COLECTIVO,MUNICIPAL,BUENOS AIRES,LA PLATA,13806,NO,11,Noviembre,Jueves,Día de semana,Primavera
2025-11-06,MICROEXPRES S.A.,BSAS_LINEA_503_ESTE,SI,COLECTIVO,MUNICIPAL,BUENOS AIRES,LA PLATA,8886,NO,11,Noviembre,Jueves,Día de semana,Primavera
2025-11-06,EXPRESO LA PLATA BUENOS AIRES S.A.,BSAS_LINEA_503E,SI,COLECTIVO,MUNICIPAL,BUENOS AIRES,LA PLATA,34739,NO,11,Noviembre,Jueves,Día de semana,Primavera
2025-11-06,EMPRESA NUEVE DE JULIO S.A.T.,BSAS_LINEA_508C,SI,COLECTIVO,MUNICIPAL,BUENOS AIRES,LA PLATA,1373,NO,11,Noviembre,Jueves,Día de semana,Primavera
2025-11-06,EXPRESO LA PLATA BUENOS AIRES S.A.,BSAS_LINEA_518,SI,COLECTIVO,MUNICIPAL,BUENOS AIRES,LA PLATA,874,NO,11,Noviembre,Jueves,Día de semana,Primavera
2025-11-06,UNION PLATENSE SRL,BSAS_LINEA_520C,SI,COLECTIVO,MUNICIPAL,BUENOS AIRES,LA PLATA,15768,NO,11,Noviembre,Jueves,Día de semana,Primavera
2025-11-06,EMPRESA NUEVE DE JULIO S.A.T.,BSAS_LINEA_561B,SI,COLECTIVO,MUNICIPAL,BUENOS AIRES,LA PLATA,1785,NO,11,Noviembre,Jueves,Día de semana,Primavera
2025-11-06,EMPRESA NUEVE DE JULIO S.A.T.,LINEA OESTE,SI,COLECTIVO,MUNICIPAL,BUENOS AIRES,LA PLATA,71840,NO,11,Noviembre,Jueves,Día de semana,Primavera
2025-11-06,FUERTE BARRAGAN S.A.T.I.C.I.,LINEA_506F_BSAS,SI,COLECTIVO,MUNICIPAL,BUENOS AIRES,LA PLATA,13389,NO,11,Noviembre,Jueves,Día de semana,Primavera
2025-11-06,UNION PLATENSE SRL,NORTE MUNICIPAL,SI,COLECTIVO,MUNICIPAL,BUENOS AIRES,LA PLATA,12833,NO,11,Noviembre,Jueves,Día de semana,Primavera
2025-11-07,UNION PLATENSE SRL,BSAS_LINEA_502_SUR,SI,COLECTIVO,MUNICIPAL,BUENOS AIRES,LA PLATA,12100,NO,11,Noviembre,Viernes,Día de semana,Primavera
2025-11-07,MICROEXPRES S.A.,BSAS_LINEA_503_ESTE,SI,COLECTIVO,MUNICIPAL,BUENOS AIRES,LA PLATA,7693,NO,11,Noviembre,Viernes,Día de semana,Primavera
2025-11-07,EXPRESO LA PLATA BUENOS AIRES S.A.,BSAS_LINEA_503E,SI,COLECTIVO,MUNICIPAL,BUENOS AIRES,LA PLATA,30801,NO,11,Noviembre,Viernes,Día de semana,Primavera
2025-11-07,EMPRESA NUEVE DE JULIO S.A.T.,BSAS_LINEA_508C,SI,COLECTIVO,MUNICIPAL,BUENOS AIRES,LA PLATA,1210,NO,11,Noviembre,Viernes,Día de semana,Primavera
2025-11-07,EXPRESO LA PLATA BUENOS AIRES S.A.,BSAS_LINEA_518,SI,COLECTIVO,MUNICIPAL,BUENOS AIRES,LA PLATA,813,NO,11,Noviembre,Viernes,Día de semana,Primavera
2025-11-07,UNION PLATENSE SRL,BSAS_LINEA_520C,SI,COLECTIVO,MUNICIPAL,BUENOS AIRES,LA PLATA,13376,NO,11,Noviembre,Viernes,Día de semana,Primavera
2025-11-07,EMPRESA NUEVE DE JULIO S.A.T.,BSAS_LINEA_561B,SI,COLECTIVO,MUNICIPAL,BUENOS AIRES,LA PLATA,1520,NO,11,Noviembre,Viernes,Día de semana,Primavera
2025-11-07,EMPRESA NUEVE DE JULIO S.A.T.,LINEA OESTE,SI,COLECTIVO,MUNICIPAL,BUENOS AIRES,LA PLATA,59887,NO,11,Noviembre,Viernes,Día de semana,Primavera
2025-11-07,FUERTE BARRAGAN S.A.T.I.C.I.,LINEA_506F_BSAS,SI,COLECTIVO,MUNICIPAL,BUENOS AIRES,LA PLATA,10966,NO,11,Noviembre,Viernes,Día de semana,Primavera
2025-11-07,UNION PLATENSE SRL,NORTE MUNICIPAL,SI,COLECTIVO,MUNICIPAL,BUENOS AIRES,LA PLATA,11094,NO,11,Noviembre,Viernes,Día de semana,Primavera
2025-11-08,UNION PLATENSE SRL,BSAS_LINEA_502_SUR,SI,COLECTIVO,MUNICIPAL,BUENOS AIRES,LA PLATA,4204,NO,11,Noviembre,Sábado,Fin de semana,Primavera
2025-11-08,MICROEXPRES S.A.,BSAS_LINEA_503_ESTE,SI,COLECTIVO,MUNICIPAL,BUENOS AIRES,LA PLATA,4028,NO,11,Noviembre,Sábado,Fin de semana,Primavera
2025-11-08,EXPRESO LA PLATA BUENOS AIRES S.A.,BSAS_LINEA_503E,SI,COLECTIVO,MUNICIPAL,BUENOS AIRES,LA PLATA,17379,NO,11,Noviembre,Sábado,Fin de semana,Primavera
2025-11-08,EMPRESA NUEVE DE JULIO S.A.T.,BSAS_LINEA_508C,SI,COLECTIVO,MUNICIPAL,BUENOS AIRES,LA PLATA,521,NO,11,Noviembre,Sábado,Fin de semana,Primavera
2025-11-08,EXPRESO LA PLATA BUENOS AIRES S.A.,BSAS_LINEA_518,SI,COLECTIVO,MUNICIPAL,BUENOS AIRES,LA PLATA,399,NO,11,Noviembre,Sábado,Fin de semana,Primavera
2025-11-08,UNION PLATENSE SRL,BSAS_LINEA_520C,SI,COLECTIVO,MUNICIPAL,BUENOS AIRES,LA PLATA,5597,NO,11,Noviembre,Sábado,Fin de semana,Primavera
2025-11-08,EMPRESA NUEVE DE JULIO S.A.T.,BSAS_LINEA_561B,SI,COLECTIVO,MUNICIPAL,BUENOS AIRES,LA PLATA,553,NO,11,Noviembre,Sábado,Fin de semana,Primavera
2025-11-08,EMPRESA NUEVE DE JULIO S.A.T.,LINEA OESTE,SI,COLECTIVO,MUNICIPAL,BUENOS AIRES,LA PLATA,30230,NO,11,Noviembre,Sábado,Fin de semana,Primavera
2025-11-08,FUERTE BARRAGAN S.A.T.I.C.I.,LINEA_506F_BSAS,SI,COLECTIVO,MUNICIPAL,BUENOS AIRES,LA PLATA,5159,NO,11,Noviembre,Sábado,Fin de semana,Primavera
2025-11-08,UNION PLATENSE SRL,NORTE MUNICIPAL,SI,COLECTIVO,MUNICIPAL,BUENOS AIRES,LA PLATA,3577,NO,11,Noviembre,Sábado,Fin de semana,Primavera
2025-11-09,UNION PLATENSE SRL,BSAS_LINEA_502_SUR,SI,COLECTIVO,MUNICIPAL,BUENOS AIRES,LA PLATA,1522,NO,11,Noviembre,Domingo,Fin de semana,Primavera
2025-11-09,MICROEXPRES S.A.,BSAS_LINEA_503_ESTE,SI,COLECTIVO,MUNICIPAL,BUENOS AIRES,LA PLATA,2307,NO,11,Noviembre,Domingo,Fin de semana,Primavera
2025-11-09,EXPRESO LA PLATA BUENOS AIRES S.A.,BSAS_LINEA_503E,SI,COLECTIVO,MUNICIPAL,BUENOS AIRES,LA PLATA,9382,NO,11,Noviembre,Domingo,Fin de semana,Primavera
2025-11-09,EMPRESA NUEVE DE JULIO S.A.T.,BSAS_LINEA_508C,SI,COLECTIVO,MUNICIPAL,BUENOS AIRES,LA PLATA,259,NO,11,Noviembre,Domingo,Fin de semana,Primavera
2025-11-09,UNION PLATENSE SRL,BSAS_LINEA_520C,SI,COLECTIVO,MUNICIPAL,BUENOS AIRES,LA PLATA,2676,NO,11,Noviembre,Domingo,Fin de semana,Primavera
2025-11-09,EMPRESA NUEVE DE JULIO S.A.T.,BSAS_LINEA_561B,SI,COLECTIVO,MUNICIPAL,BUENOS AIRES,LA PLATA,254,NO,11,Noviembre,Domingo,Fin de semana,Primavera
2025-11-09,EMPRESA NUEVE DE JULIO S.A.T.,LINEA OESTE,SI,COLECTIVO,MUNICIPAL,BUENOS AIRES,LA PLATA,17237,NO,11,Noviembre,Domingo,Fin de semana,Primavera
2025-11-09,FUERTE BARRAGAN S.A.T.I.C.I.,LINEA_506F_BSAS,SI,COLECTIVO,MUNICIPAL,BUENOS AIRES,LA PLATA,3158,NO,11,Noviembre,Domingo,Fin de semana,Primavera
2025-11-09,UNION PLATENSE SRL,NORTE MUNICIPAL,SI,COLECTIVO,MUNICIPAL,BUENOS AIRES,LA PLATA,1560,NO,11,Noviembre,Domingo,Fin de semana,Primavera
2025-11-10,UNION PLATENSE SRL,BSAS_LINEA_502_SUR,SI,COLECTIVO,MUNICIPAL,BUENOS AIRES,LA PLATA,13758,NO,11,Noviembre,Lunes,Día de semana,Primavera
2025-11-10,MICROEXPRES S.A.,BSAS_LINEA_503_ESTE,SI,COLECTIVO,MUNICIPAL,BUENOS AIRES,LA PLATA,8874,NO,11,Noviembre,Lunes,Día de semana,Primavera
2025-11-10,EXPRESO LA PLATA BUENOS AIRES S.A.,BSAS_LINEA_503E,SI,COLECTIVO,MUNICIPAL,BUENOS AIRES,LA PLATA,33953,NO,11,Noviembre,Lunes,Día de semana,Primavera
2025-11-10,EMPRESA NUEVE DE JULIO S.A.T.,BSAS_LINEA_508C,SI,COLECTIVO,MUNICIPAL,BUENOS AIRES,LA PLATA,1376,NO,11,Noviembre,Lunes,Día de semana,Primavera
2025-11-10,EXPRESO LA PLATA BUENOS AIRES S.A.,BSAS_LINEA_518,SI,COLECTIVO,MUNICIPAL,BUENOS AIRES,LA PLATA,962,NO,11,Noviembre,Lunes,Día de semana,Primavera
2025-11-10,UNION PLATENSE SRL,BSAS_LINEA_520C,SI,COLECTIVO,MUNICIPAL,BUENOS AIRES,LA PLATA,15233,NO,11,Noviembre,Lunes,Día de semana,Primavera
2025-11-10,EMPRESA NUEVE DE JULIO S.A.T.,BSAS_LINEA_561B,SI,COLECTIVO,MUNICIPAL,BUENOS AIRES,LA PLATA,1744,NO,11,Noviembre,Lunes,Día de semana,Primavera
2025-11-10,EMPRESA NUEVE DE JULIO S.A.T.,LINEA OESTE,SI,COLECTIVO,MUNICIPAL,BUENOS AIRES,LA PLATA,71381,NO,11,Noviembre,Lunes,Día de semana,Primavera
2025-11-10,FUERTE BARRAGAN S.A.T.I.C.I.,LINEA_506F_BSAS,SI,COLECTIVO,MUNICIPAL,BUENOS AIRES,LA PLATA,13409,NO,11,Noviembre,Lunes,Día de semana,Primavera
2025-11-10,UNION PLATENSE SRL,NORTE MUNICIPAL,SI,COLECTIVO,MUNICIPAL,BUENOS AIRES,LA PLATA,12727,NO,11,Noviembre,Lunes,Día de semana,Primavera
2025-11-11,UNION PLATENSE SRL,BSAS_LINEA_502_SUR,SI,COLECTIVO,MUNICIPAL,BUENOS AIRES,LA PLATA,13338,NO,11,Noviembre,Martes,Día de semana,Primavera
2025-11-11,MICROEXPRES S.A.,BSAS_LINEA_503_ESTE,SI,COLECTIVO,MUNICIPAL,BUENOS AIRES,LA PLATA,8981,NO,11,Noviembre,Martes,Día de semana,Primavera
2025-11-11,EXPRESO LA PLATA BUENOS AIRES S.A.,BSAS_LINEA_503E,SI,COLECTIVO,MUNICIPAL,BUENOS AIRES,LA PLATA,34103,NO,11,Noviembre,Martes,Día de semana,Primavera
2025-11-11,EMPRESA NUEVE DE JULIO S.A.T.,BSAS_LINEA_508C,SI,COLECTIVO,MUNICIPAL,BUENOS AIRES,LA PLATA,1449,NO,11,Noviembre,Martes,Día de semana,Primavera
2025-11-11,EXPRESO LA PLATA BUENOS AIRES S.A.,BSAS_LINEA_518,SI,COLECTIVO,MUNICIPAL,BUENOS AIRES,LA PLATA,1121,NO,11,Noviembre,Martes,Día de semana,Primavera
2025-11-11,UNION PLATENSE SRL,BSAS_LINEA_520C,SI,COLECTIVO,MUNICIPAL,BUENOS AIRES,LA PLATA,15591,NO,11,Noviembre,Martes,Día de semana,Primavera
2025-11-11,EMPRESA NUEVE DE JULIO S.A.T.,BSAS_LINEA_561B,SI,COLECTIVO,MUNICIPAL,BUENOS AIRES,LA PLATA,1802,NO,11,Noviembre,Martes,Día de semana,Primavera
2025-11-11,EMPRESA NUEVE DE JULIO S.A.T.,LINEA OESTE,SI,COLECTIVO,MUNICIPAL,BUENOS AIRES,LA PLATA,70486,NO,11,Noviembre,Martes,Día de semana,Primavera
2025-11-11,FUERTE BARRAGAN S.A.T.I.C.I.,LINEA_506F_BSAS,SI,COLECTIVO,MUNICIPAL,BUENOS AIRES,LA PLATA,13055,NO,11,Noviembre,Martes,Día de semana,Primavera
2025-11-11,UNION PLATENSE SRL,NORTE MUNICIPAL,SI,COLECTIVO,MUNICIPAL,BUENOS AIRES,LA PLATA,12509,NO,11,Noviembre,Martes,Día de semana,Primavera
2025-11-12,UNION PLATENSE SRL,BSAS_LINEA_502_SUR,SI,COLECTIVO,MUNICIPAL,BUENOS AIRES,LA PLATA,13519,NO,11,Noviembre,Miércoles,Día de semana,Primavera
2025-11-12,MICROEXPRES S.A.,BSAS_LINEA_503_ESTE,SI,COLECTIVO,MUNICIPAL,BUENOS AIRES,LA PLATA,9200,NO,11,Noviembre,Miércoles,Día de semana,Primavera
2025-11-12,EXPRESO LA PLATA BUENOS AIRES S.A.,BSAS_LINEA_503E,SI,COLECTIVO,MUNICIPAL,BUENOS AIRES,LA PLATA,33714,NO,11,Noviembre,Miércoles,Día de semana,Primavera
2025-11-12,EMPRESA NUEVE DE JULIO S.A.T.,BSAS_LINEA_508C,SI,COLECTIVO,MUNICIPAL,BUENOS AIRES,LA PLATA,1268,NO,11,Noviembre,Miércoles,Día de semana,Primavera
2025-11-12,EXPRESO LA PLATA BUENOS AIRES S.A.,BSAS_LINEA_518,SI,COLECTIVO,MUNICIPAL,BUENOS AIRES,LA PLATA,892,NO,11,Noviembre,Miércoles,Día de semana,Primavera
2025-11-12,UNION PLATENSE SRL,BSAS_LINEA_520C,SI,COLECTIVO,MUNICIPAL,BUENOS AIRES,LA PLATA,13683,NO,11,Noviembre,Miércoles,Día de semana,Primavera
2025-11-12,EMPRESA NUEVE DE JULIO S.A.T.,BSAS_LINEA_561B,SI,COLECTIVO,MUNICIPAL,BUENOS AIRES,LA PLATA,1737,NO,11,Noviembre,Miércoles,Día de semana,Primavera
2025-11-12,EMPRESA NUEVE DE JULIO S.A.T.,LINEA OESTE,SI,COLECTIVO,MUNICIPAL,BUENOS AIRES,LA PLATA,69561,NO,11,Noviembre,Miércoles,Día de semana,Primavera
2025-11-12,FUERTE BARRAGAN S.A.T.I.C.I.,LINEA_506F_BSAS,SI,COLECTIVO,MUNICIPAL,BUENOS AIRES,LA PLATA,13352,NO,11,Noviembre,Miércoles,Día de semana,Primavera
2025-11-12,UNION PLATENSE SRL,NORTE MUNICIPAL,SI,COLECTIVO,MUNICIPAL,BUENOS AIRES,LA PLATA,12213,NO,11,Noviembre,Miércoles,Día de semana,Primavera
2025-11-13,UNION PLATENSE SRL,BSAS_LINEA_502_SUR,SI,COLECTIVO,MUNICIPAL,BUENOS AIRES,LA PLATA,13582,NO,11,Noviembre,Jueves,Día de semana,Primavera
2025-11-13,MICROEXPRES S.A.,BSAS_LINEA_503_ESTE,SI,COLECTIVO,MUNICIPAL,BUENOS AIRES,LA PLATA,8749,NO,11,Noviembre,Jueves,Día de semana,Primavera
2025-11-13,EXPRESO LA PLATA BUENOS AIRES S.A.,BSAS_LINEA_503E,SI,COLECTIVO,MUNICIPAL,BUENOS AIRES,LA PLATA,33278,NO,11,Noviembre,Jueves,Día de semana,Primavera
2025-11-13,EMPRESA NUEVE DE JULIO S.A.T.,BSAS_LINEA_508C,SI,COLECTIVO,MUNICIPAL,BUENOS AIRES,LA PLATA,1378,NO,11,Noviembre,Jueves,Día de semana,Primavera
2025-11-13,EXPRESO LA PLATA BUENOS AIRES S.A.,BSAS_LINEA_518,SI,COLECTIVO,MUNICIPAL,BUENOS AIRES,LA PLATA,931,NO,11,Noviembre,Jueves,Día de semana,Primavera
2025-11-13,UNION PLATENSE SRL,BSAS_LINEA_520C,SI,COLECTIVO,MUNICIPAL,BUENOS AIRES,LA PLATA,14898,NO,11,Noviembre,Jueves,Día de semana,Primavera
2025-11-13,EMPRESA NUEVE DE JULIO S.A.T.,BSAS_LINEA_561B,SI,COLECTIVO,MUNICIPAL,BUENOS AIRES,LA PLATA,1756,NO,11,Noviembre,Jueves,Día de semana,Primavera
2025-11-13,EMPRESA NUEVE DE JULIO S.A.T.,LINEA OESTE,SI,COLECTIVO,MUNICIPAL,BUENOS AIRES,LA PLATA,69430,NO,11,Noviembre,Jueves,Día de semana,Primavera
2025-11-13,FUERTE BARRAGAN S.A.T.I.C.I.,LINEA_506F_BSAS,SI,COLECTIVO,MUNICIPAL,BUENOS AIRES,LA PLATA,12879,NO,11,Noviembre,Jueves,Día de semana,Primavera
2025-11-13,UNION PLATENSE SRL,NORTE MUNICIPAL,SI,COLECTIVO,MUNICIPAL,BUENOS AIRES,LA PLATA,12434,NO,11,Noviembre,Jueves,Día de semana,Primavera
2025-11-14,UNION PLATENSE SRL,BSAS_LINEA_502_SUR,SI,COLECTIVO,MUNICIPAL,BUENOS AIRES,LA PLATA,12909,NO,11,Noviembre,Viernes,Día de semana,Primavera
2025-11-14,MICROEXPRES S.A.,BSAS_LINEA_503_ESTE,SI,COLECTIVO,MUNICIPAL,BUENOS AIRES,LA PLATA,8608,NO,11,Noviembre,Viernes,Día de semana,Primavera
2025-11-14,EXPRESO LA PLATA BUENOS AIRES S.A.,BSAS_LINEA_503E,SI,COLECTIVO,MUNICIPAL,BUENOS AIRES,LA PLATA,32066,NO,11,Noviembre,Viernes,Día de semana,Primavera
2025-11-14,EMPRESA NUEVE DE JULIO S.A.T.,BSAS_LINEA_508C,SI,COLECTIVO,MUNICIPAL,BUENOS AIRES,LA PLATA,1349,NO,11,Noviembre,Viernes,Día de semana,Primavera
2025-11-14,EXPRESO LA PLATA BUENOS AIRES S.A.,BSAS_LINEA_518,SI,COLECTIVO,MUNICIPAL,BUENOS AIRES,LA PLATA,941,NO,11,Noviembre,Viernes,Día de semana,Primavera
2025-11-14,UNION PLATENSE SRL,BSAS_LINEA_520C,SI,COLECTIVO,MUNICIPAL,BUENOS AIRES,LA PLATA,14666,NO,11,Noviembre,Viernes,Día de semana,Primavera
2025-11-14,EMPRESA NUEVE DE JULIO S.A.T.,BSAS_LINEA_561B,SI,COLECTIVO,MUNICIPAL,BUENOS AIRES,LA PLATA,1662,NO,11,Noviembre,Viernes,Día de semana,Primavera
2025-11-14,EMPRESA NUEVE DE JULIO S.A.T.,LINEA OESTE,SI,COLECTIVO,MUNICIPAL,BUENOS AIRES,LA PLATA,67926,NO,11,Noviembre,Viernes,Día de semana,Primavera
2025-11-14,FUERTE BARRAGAN S.A.T.I.C.I.,LINEA_506F_BSAS,SI,COLECTIVO,MUNICIPAL,BUENOS AIRES,LA PLATA,12047,NO,11,Noviembre,Viernes,Día de semana,Primavera
2025-11-14,UNION PLATENSE SRL,NORTE MUNICIPAL,SI,COLECTIVO,MUNICIPAL,BUENOS AIRES,LA PLATA,11987,NO,11,Noviembre,Viernes,Día de semana,Primavera
2025-11-15,UNION PLATENSE SRL,BSAS_LINEA_502_SUR,SI,COLECTIVO,MUNICIPAL,BUENOS AIRES,LA PLATA,4370,NO,11,Noviembre,Sábado,Fin de semana,Primavera
2025-11-15,MICROEXPRES S.A.,BSAS_LINEA_503_ESTE,SI,COLECTIVO,MUNICIPAL,BUENOS AIRES,LA PLATA,4018,NO,11,Noviembre,Sábado,Fin de semana,Primavera
2025-11-15,EXPRESO LA PLATA BUENOS AIRES S.A.,BSAS_LINEA_503E,SI,COLECTIVO,MUNICIPAL,BUENOS AIRES,LA PLATA,16906,NO,11,Noviembre,Sábado,Fin de semana,Primavera
2025-11-15,EMPRESA NUEVE DE JULIO S.A.T.,BSAS_LINEA_508C,SI,COLECTIVO,MUNICIPAL,BUENOS AIRES,LA PLATA,512,NO,11,Noviembre,Sábado,Fin de semana,Primavera
2025-11-15,EXPRESO LA PLATA BUENOS AIRES S.A.,BSAS_LINEA_518,SI,COLECTIVO,MUNICIPAL,BUENOS AIRES,LA PLATA,323,NO,11,Noviembre,Sábado,Fin de semana,Primavera
2025-11-15,UNION PLATENSE SRL,BSAS_LINEA_520C,SI,COLECTIVO,MUNICIPAL,BUENOS AIRES,LA PLATA,5507,NO,11,Noviembre,Sábado,Fin de semana,Primavera
2025-11-15,EMPRESA NUEVE DE JULIO S.A.T.,BSAS_LINEA_561B,SI,COLECTIVO,MUNICIPAL,BUENOS AIRES,LA PLATA,504,NO,11,Noviembre,Sábado,Fin de semana,Primavera
2025-11-15,EMPRESA NUEVE DE JULIO S.A.T.,LINEA OESTE,SI,COLECTIVO,MUNICIPAL,BUENOS AIRES,LA PLATA,30803,NO,11,Noviembre,Sábado,Fin de semana,Primavera
2025-11-15,FUERTE BARRAGAN S.A.T.I.C.I.,LINEA_506F_BSAS,SI,COLECTIVO,MUNICIPAL,BUENOS AIRES,LA PLATA,5039,NO,11,Noviembre,Sábado,Fin de semana,Primavera
2025-11-15,UNION PLATENSE SRL,NORTE MUNICIPAL,SI,COLECTIVO,MUNICIPAL,BUENOS AIRES,LA PLATA,3492,NO,11,Noviembre,Sábado,Fin de semana,Primavera
2025-11-16,UNION PLATENSE SRL,BSAS_LINEA_502_SUR,SI,COLECTIVO,MUNICIPAL,BUENOS AIRES,LA PLATA,1271,NO,11,Noviembre,Domingo,Fin de semana,Primavera
2025-11-16,MICROEXPRES S.A.,BSAS_LINEA_503_ESTE,SI,COLECTIVO,MUNICIPAL,BUENOS AIRES,LA PLATA,1921,NO,11,Noviembre,Domingo,Fin de semana,Primavera
2025-11-16,EXPRESO LA PLATA BUENOS AIRES S.A.,BSAS_LINEA_503E,SI,COLECTIVO,MUNICIPAL,BUENOS AIRES,LA PLATA,8421,NO,11,Noviembre,Domingo,Fin de semana,Primavera
2025-11-16,EMPRESA NUEVE DE JULIO S.A.T.,BSAS_LINEA_508C,SI,COLECTIVO,MUNICIPAL,BUENOS AIRES,LA PLATA,216,NO,11,Noviembre,Domingo,Fin de semana,Primavera
2025-11-16,UNION PLATENSE SRL,BSAS_LINEA_520C,SI,COLECTIVO,MUNICIPAL,BUENOS AIRES,LA PLATA,2151,NO,11,Noviembre,Domingo,Fin de semana,Primavera
2025-11-16,EMPRESA NUEVE DE JULIO S.A.T.,BSAS_LINEA_561B,SI,COLECTIVO,MUNICIPAL,BUENOS AIRES,LA PLATA,226,NO,11,Noviembre,Domingo,Fin de semana,Primavera
2025-11-16,EMPRESA NUEVE DE JULIO S.A.T.,LINEA OESTE,SI,COLECTIVO,MUNICIPAL,BUENOS AIRES,LA PLATA,13542,NO,11,Noviembre,Domingo,Fin de semana,Primavera
2025-11-16,FUERTE BARRAGAN S.A.T.I.C.I.,LINEA_506F_BSAS,SI,COLECTIVO,MUNICIPAL,BUENOS AIRES,LA PLATA,2288,NO,11,Noviembre,Domingo,Fin de semana,Primavera
2025-11-16,UNION PLATENSE SRL,NORTE MUNICIPAL,SI,COLECTIVO,MUNICIPAL,BUENOS AIRES,LA PLATA,1480,NO,11,Noviembre,Domingo,Fin de semana,Primavera
2025-11-17,UNION PLATENSE SRL,BSAS_LINEA_502_SUR,SI,COLECTIVO,MUNICIPAL,BUENOS AIRES,LA PLATA,13233,NO,11,Noviembre,Lunes,Día de semana,Primavera
2025-11-17,MICROEXPRES S.A.,BSAS_LINEA_503_ESTE,SI,COLECTIVO,MUNICIPAL,BUENOS AIRES,LA PLATA,8834,NO,11,Noviembre,Lunes,Día de semana,Primavera
2025-11-17,EXPRESO LA PLATA BUENOS AIRES S.A.,BSAS_LINEA_503E,SI,COLECTIVO,MUNICIPAL,BUENOS AIRES,LA PLATA,34244,NO,11,Noviembre,Lunes,Día de semana,Primavera
2025-11-17,EMPRESA NUEVE DE JULIO S.A.T.,BSAS_LINEA_508C,SI,COLECTIVO,MUNICIPAL,BUENOS AIRES,LA PLATA,1326,NO,11,Noviembre,Lunes,Día de semana,Primavera
2025-11-17,EXPRESO LA PLATA BUENOS AIRES S.A.,BSAS_LINEA_518,SI,COLECTIVO,MUNICIPAL,BUENOS AIRES,LA PLATA,920,NO,11,Noviembre,Lunes,Día de semana,Primavera
2025-11-17,UNION PLATENSE SRL,BSAS_LINEA_520C,SI,COLECTIVO,MUNICIPAL,BUENOS AIRES,LA PLATA,15455,NO,11,Noviembre,Lunes,Día de semana,Primavera
2025-11-17,EMPRESA NUEVE DE JULIO S.A.T.,BSAS_LINEA_561B,SI,COLECTIVO,MUNICIPAL,BUENOS AIRES,LA PLATA,1691,NO,11,Noviembre,Lunes,Día de semana,Primavera
2025-11-17,EMPRESA NUEVE DE JULIO S.A.T.,LINEA OESTE,SI,COLECTIVO,MUNICIPAL,BUENOS AIRES,LA PLATA,69760,NO,11,Noviembre,Lunes,Día de semana,Primavera
2025-11-17,FUERTE BARRAGAN S.A.T.I.C.I.,LINEA_506F_BSAS,SI,COLECTIVO,MUNICIPAL,BUENOS AIRES,LA PLATA,13130,NO,11,Noviembre,Lunes,Día de semana,Primavera
2025-11-17,UNION PLATENSE SRL,NORTE MUNICIPAL,SI,COLECTIVO,MUNICIPAL,BUENOS AIRES,LA PLATA,12545,NO,11,Noviembre,Lunes,Día de semana,Primavera
2025-11-18,UNION PLATENSE SRL,BSAS_LINEA_502_SUR,SI,COLECTIVO,MUNICIPAL,BUENOS AIRES,LA PLATA,14013,NO,11,Noviembre,Martes,Día de semana,Primavera
2025-11-18,MICROEXPRES S.A.,BSAS_LINEA_503_ESTE,SI,COLECTIVO,MUNICIPAL,BUENOS AIRES,LA PLATA,8964,NO,11,Noviembre,Martes,Día de semana,Primavera
2025-11-18,EXPRESO LA PLATA BUENOS AIRES S.A.,BSAS_LINEA_503E,SI,COLECTIVO,MUNICIPAL,BUENOS AIRES,LA PLATA,34042,NO,11,Noviembre,Martes,Día de semana,Primavera
2025-11-18,EMPRESA NUEVE DE JULIO S.A.T.,BSAS_LINEA_508C,SI,COLECTIVO,MUNICIPAL,BUENOS AIRES,LA PLATA,1376,NO,11,Noviembre,Martes,Día de semana,Primavera
2025-11-18,EXPRESO LA PLATA BUENOS AIRES S.A.,BSAS_LINEA_518,SI,COLECTIVO,MUNICIPAL,BUENOS AIRES,LA PLATA,1030,NO,11,Noviembre,Martes,Día de semana,Primavera
2025-11-18,UNION PLATENSE SRL,BSAS_LINEA_520C,SI,COLECTIVO,MUNICIPAL,BUENOS AIRES,LA PLATA,15478,NO,11,Noviembre,Martes,Día de semana,Primavera
2025-11-18,EMPRESA NUEVE DE JULIO S.A.T.,BSAS_LINEA_561B,SI,COLECTIVO,MUNICIPAL,BUENOS AIRES,LA PLATA,1823,NO,11,Noviembre,Martes,Día de semana,Primavera
2025-11-18,EMPRESA NUEVE DE JULIO S.A.T.,LINEA OESTE,SI,COLECTIVO,MUNICIPAL,BUENOS AIRES,LA PLATA,70591,NO,11,Noviembre,Martes,Día de semana,Primavera
2025-11-18,FUERTE BARRAGAN S.A.T.I.C.I.,LINEA_506F_BSAS,SI,COLECTIVO,MUNICIPAL,BUENOS AIRES,LA PLATA,12857,NO,11,Noviembre,Martes,Día de semana,Primavera
2025-11-18,UNION PLATENSE SRL,NORTE MUNICIPAL,SI,COLECTIVO,MUNICIPAL,BUENOS AIRES,LA PLATA,13072,NO,11,Noviembre,Martes,Día de semana,Primavera
2025-11-19,UNION PLATENSE SRL,BSAS_LINEA_502_SUR,SI,COLECTIVO,MUNICIPAL,BUENOS AIRES,LA PLATA,6791,NO,11,Noviembre,Miércoles,Día de semana,Primavera
2025-11-19,MICROEXPRES S.A.,BSAS_LINEA_503_ESTE,SI,COLECTIVO,MUNICIPAL,BUENOS AIRES,LA PLATA,4515,NO,11,Noviembre,Miércoles,Día de semana,Primavera
2025-11-19,EXPRESO LA PLATA BUENOS AIRES S.A.,BSAS_LINEA_503E,SI,COLECTIVO,MUNICIPAL,BUENOS AIRES,LA PLATA,20595,NO,11,Noviembre,Miércoles,Día de semana,Primavera
2025-11-19,EMPRESA NUEVE DE JULIO S.A.T.,BSAS_LINEA_508C,SI,COLECTIVO,MUNICIPAL,BUENOS AIRES,LA PLATA,568,NO,11,Noviembre,Miércoles,Día de semana,Primavera
2025-11-19,EXPRESO LA PLATA BUENOS AIRES S.A.,BSAS_LINEA_518,SI,COLECTIVO,MUNICIPAL,BUENOS AIRES,LA PLATA,250,NO,11,Noviembre,Miércoles,Día de semana,Primavera
2025-11-19,UNION PLATENSE SRL,BSAS_LINEA_520C,SI,COLECTIVO,MUNICIPAL,BUENOS AIRES,LA PLATA,9363,NO,11,Noviembre,Miércoles,Día de semana,Primavera
2025-11-19,EMPRESA NUEVE DE JULIO S.A.T.,BSAS_LINEA_561B,SI,COLECTIVO,MUNICIPAL,BUENOS AIRES,LA PLATA,570,NO,11,Noviembre,Miércoles,Día de semana,Primavera
2025-11-19,EMPRESA NUEVE DE JULIO S.A.T.,LINEA OESTE,SI,COLECTIVO,MUNICIPAL,BUENOS AIRES,LA PLATA,36465,NO,11,Noviembre,Miércoles,Día de semana,Primavera
2025-11-19,FUERTE BARRAGAN S.A.T.I.C.I.,LINEA_506F_BSAS,SI,COLECTIVO,MUNICIPAL,BUENOS AIRES,LA PLATA,7704,NO,11,Noviembre,Miércoles,Día de semana,Primavera
2025-11-19,UNION PLATENSE SRL,NORTE MUNICIPAL,SI,COLECTIVO,MUNICIPAL,BUENOS AIRES,LA PLATA,6229,NO,11,Noviembre,Miércoles,Día de semana,Primavera
2025-11-20,UNION PLATENSE SRL,BSAS_LINEA_502_SUR,SI,COLECTIVO,MUNICIPAL,BUENOS AIRES,LA PLATA,10934,NO,11,Noviembre,Jueves,Día de semana,Primavera
2025-11-20,MICROEXPRES S.A.,BSAS_LINEA_503_ESTE,SI,COLECTIVO,MUNICIPAL,BUENOS AIRES,LA PLATA,6772,NO,11,Noviembre,Jueves,Día de semana,Primavera
2025-11-20,EXPRESO LA PLATA BUENOS AIRES S.A.,BSAS_LINEA_503E,SI,COLECTIVO,MUNICIPAL,BUENOS AIRES,LA PLATA,26246,NO,11,Noviembre,Jueves,Día de semana,Primavera
2025-11-20,EMPRESA NUEVE DE JULIO S.A.T.,BSAS_LINEA_508C,SI,COLECTIVO,MUNICIPAL,BUENOS AIRES,LA PLATA,1064,NO,11,Noviembre,Jueves,Día de semana,Primavera
2025-11-20,EXPRESO LA PLATA BUENOS AIRES S.A.,BSAS_LINEA_518,SI,COLECTIVO,MUNICIPAL,BUENOS AIRES,LA PLATA,717,NO,11,Noviembre,Jueves,Día de semana,Primavera
2025-11-20,UNION PLATENSE SRL,BSAS_LINEA_520C,SI,COLECTIVO,MUNICIPAL,BUENOS AIRES,LA PLATA,11728,NO,11,Noviembre,Jueves,Día de semana,Primavera
2025-11-20,EMPRESA NUEVE DE JULIO S.A.T.,BSAS_LINEA_561B,SI,COLECTIVO,MUNICIPAL,BUENOS AIRES,LA PLATA,1381,NO,11,Noviembre,Jueves,Día de semana,Primavera
2025-11-20,EMPRESA NUEVE DE JULIO S.A.T.,LINEA OESTE,SI,COLECTIVO,MUNICIPAL,BUENOS AIRES,LA PLATA,53553,NO,11,Noviembre,Jueves,Día de semana,Primavera
2025-11-20,FUERTE BARRAGAN S.A.T.I.C.I.,LINEA_506F_BSAS,SI,COLECTIVO,MUNICIPAL,BUENOS AIRES,LA PLATA,9915,NO,11,Noviembre,Jueves,Día de semana,Primavera
2025-11-20,UNION PLATENSE SRL,NORTE MUNICIPAL,SI,COLECTIVO,MUNICIPAL,BUENOS AIRES,LA PLATA,9654,NO,11,Noviembre,Jueves,Día de semana,Primavera
2025-11-21,UNION PLATENSE SRL,BSAS_LINEA_502_SUR,SI,COLECTIVO,MUNICIPAL,BUENOS AIRES,LA PLATA,4558,NO,11,Noviembre,Viernes,Día de semana,Primavera
2025-11-21,MICROEXPRES S.A.,BSAS_LINEA_503_ESTE,SI,COLECTIVO,MUNICIPAL,BUENOS AIRES,LA PLATA,3827,NO,11,Noviembre,Viernes,Día de semana,Primavera
2025-11-21,EXPRESO LA PLATA BUENOS AIRES S.A.,BSAS_LINEA_503E,SI,COLECTIVO,MUNICIPAL,BUENOS AIRES,LA PLATA,15644,NO,11,Noviembre,Viernes,Día de semana,Primavera
2025-11-21,EMPRESA NUEVE DE JULIO S.A.T.,BSAS_LINEA_508C,SI,COLECTIVO,MUNICIPAL,BUENOS AIRES,LA PLATA,346,NO,11,Noviembre,Viernes,Día de semana,Primavera
2025-11-21,EXPRESO LA PLATA BUENOS AIRES S.A.,BSAS_LINEA_518,SI,COLECTIVO,MUNICIPAL,BUENOS AIRES,LA PLATA,350,NO,11,Noviembre,Viernes,Día de semana,Primavera
2025-11-21,UNION PLATENSE SRL,BSAS_LINEA_520C,SI,COLECTIVO,MUNICIPAL,BUENOS AIRES,LA PLATA,5578,NO,11,Noviembre,Viernes,Día de semana,Primavera
2025-11-21,EMPRESA NUEVE DE JULIO S.A.T.,BSAS_LINEA_561B,SI,COLECTIVO,MUNICIPAL,BUENOS AIRES,LA PLATA,491,NO,11,Noviembre,Viernes,Día de semana,Primavera
2025-11-21,EMPRESA NUEVE DE JULIO S.A.T.,LINEA OESTE,SI,COLECTIVO,MUNICIPAL,BUENOS AIRES,LA PLATA,28769,NO,11,Noviembre,Viernes,Día de semana,Primavera
2025-11-21,FUERTE BARRAGAN S.A.T.I.C.I.,LINEA_506F_BSAS,SI,COLECTIVO,MUNICIPAL,BUENOS AIRES,LA PLATA,5007,NO,11,Noviembre,Viernes,Día de semana,Primavera
2025-11-21,UNION PLATENSE SRL,NORTE MUNICIPAL,SI,COLECTIVO,MUNICIPAL,BUENOS AIRES,LA PLATA,3469,NO,11,Noviembre,Viernes,Día de semana,Primavera
2025-11-22,UNION PLATENSE SRL,BSAS_LINEA_502_SUR,SI,COLECTIVO,MUNICIPAL,BUENOS AIRES,LA PLATA,4277,NO,11,Noviembre,Sábado,Fin de semana,Primavera
2025-11-22,MICROEXPRES S.A.,BSAS_LINEA_503_ESTE,SI,COLECTIVO,MUNICIPAL,BUENOS AIRES,LA PLATA,3867,NO,11,Noviembre,Sábado,Fin de semana,Primavera
2025-11-22,EXPRESO LA PLATA BUENOS AIRES S.A.,BSAS_LINEA_503E,SI,COLECTIVO,MUNICIPAL,BUENOS AIRES,LA PLATA,15985,NO,11,Noviembre,Sábado,Fin de semana,Primavera
2025-11-22,EMPRESA NUEVE DE JULIO S.A.T.,BSAS_LINEA_508C,SI,COLECTIVO,MUNICIPAL,BUENOS AIRES,LA PLATA,348,NO,11,Noviembre,Sábado,Fin de semana,Primavera
2025-11-22,EXPRESO LA PLATA BUENOS AIRES S.A.,BSAS_LINEA_518,SI,COLECTIVO,MUNICIPAL,BUENOS AIRES,LA PLATA,354,NO,11,Noviembre,Sábado,Fin de semana,Primavera
2025-11-22,UNION PLATENSE SRL,BSAS_LINEA_520C,SI,COLECTIVO,MUNICIPAL,BUENOS AIRES,LA PLATA,5371,NO,11,Noviembre,Sábado,Fin de semana,Primavera
2025-11-22,EMPRESA NUEVE DE JULIO S.A.T.,BSAS_LINEA_561B,SI,COLECTIVO,MUNICIPAL,BUENOS AIRES,LA PLATA,451,NO,11,Noviembre,Sábado,Fin de semana,Primavera
2025-11-22,EMPRESA NUEVE DE JULIO S.A.T.,LINEA OESTE,SI,COLECTIVO,MUNICIPAL,BUENOS AIRES,LA PLATA,29213,NO,11,Noviembre,Sábado,Fin de semana,Primavera
2025-11-22,FUERTE BARRAGAN S.A.T.I.C.I.,LINEA_506F_BSAS,SI,COLECTIVO,MUNICIPAL,BUENOS AIRES,LA PLATA,5089,NO,11,Noviembre,Sábado,Fin de semana,Primavera
2025-11-22,UNION PLATENSE SRL,NORTE MUNICIPAL,SI,COLECTIVO,MUNICIPAL,BUENOS AIRES,LA PLATA,3222,NO,11,Noviembre,Sábado,Fin de semana,Primavera
2025-11-23,UNION PLATENSE SRL,BSAS_LINEA_502_SUR,SI,COLECTIVO,MUNICIPAL,BUENOS AIRES,LA PLATA,1519,NO,11,Noviembre,Domingo,Fin de semana,Primavera
2025-11-23,MICROEXPRES S.A.,BSAS_LINEA_503_ESTE,SI,COLECTIVO,MUNICIPAL,BUENOS AIRES,LA PLATA,2339,NO,11,Noviembre,Domingo,Fin de semana,Primavera
2025-11-23,EXPRESO LA PLATA BUENOS AIRES S.A.,BSAS_LINEA_503E,SI,COLECTIVO,MUNICIPAL,BUENOS AIRES,LA PLATA,9869,NO,11,Noviembre,Domingo,Fin de semana,Primavera
2025-11-23,EMPRESA NUEVE DE JULIO S.A.T.,BSAS_LINEA_508C,SI,COLECTIVO,MUNICIPAL,BUENOS AIRES,LA PLATA,284,NO,11,Noviembre,Domingo,Fin de semana,Primavera
2025-11-23,UNION PLATENSE SRL,BSAS_LINEA_520C,SI,COLECTIVO,MUNICIPAL,BUENOS AIRES,LA PLATA,2536,NO,11,Noviembre,Domingo,Fin de semana,Primavera
2025-11-23,EMPRESA NUEVE DE JULIO S.A.T.,BSAS_LINEA_561B,SI,COLECTIVO,MUNICIPAL,BUENOS AIRES,LA PLATA,306,NO,11,Noviembre,Domingo,Fin de semana,Primavera
2025-11-23,EMPRESA NUEVE DE JULIO S.A.T.,LINEA OESTE,SI,COLECTIVO,MUNICIPAL,BUENOS AIRES,LA PLATA,16666,NO,11,Noviembre,Domingo,Fin de semana,Primavera
2025-11-23,FUERTE BARRAGAN S.A.T.I.C.I.,LINEA_506F_BSAS,SI,COLECTIVO,MUNICIPAL,BUENOS AIRES,LA PLATA,3315,NO,11,Noviembre,Domingo,Fin de semana,Primavera
2025-11-23,UNION PLATENSE SRL,NORTE MUNICIPAL,SI,COLECTIVO,MUNICIPAL,BUENOS AIRES,LA PLATA,1704,NO,11,Noviembre,Domingo,Fin de semana,Primavera
2025-11-24,UNION PLATENSE SRL,BSAS_LINEA_502_SUR,SI,COLECTIVO,MUNICIPAL,BUENOS AIRES,LA PLATA,1910,NO,11,Noviembre,Lunes,Día de semana,Primavera
2025-11-24,MICROEXPRES S.A.,BSAS_LINEA_503_ESTE,SI,COLECTIVO,MUNICIPAL,BUENOS AIRES,LA PLATA,2700,NO,11,Noviembre,Lunes,Día de semana,Primavera
2025-11-24,EXPRESO LA PLATA BUENOS AIRES S.A.,BSAS_LINEA_503E,SI,COLECTIVO,MUNICIPAL,BUENOS AIRES,LA PLATA,11277,NO,11,Noviembre,Lunes,Día de semana,Primavera
2025-11-24,EMPRESA NUEVE DE JULIO S.A.T.,BSAS_LINEA_508C,SI,COLECTIVO,MUNICIPAL,BUENOS AIRES,LA PLATA,346,NO,11,Noviembre,Lunes,Día de semana,Primavera
2025-11-24,UNION PLATENSE SRL,BSAS_LINEA_520C,SI,COLECTIVO,MUNICIPAL,BUENOS AIRES,LA PLATA,3339,NO,11,Noviembre,Lunes,Día de semana,Primavera
2025-11-24,EMPRESA NUEVE DE JULIO S.A.T.,BSAS_LINEA_561B,SI,COLECTIVO,MUNICIPAL,BUENOS AIRES,LA PLATA,444,NO,11,Noviembre,Lunes,Día de semana,Primavera
2025-11-24,EMPRESA NUEVE DE JULIO S.A.T.,LINEA OESTE,SI,COLECTIVO,MUNICIPAL,BUENOS AIRES,LA PLATA,20171,NO,11,Noviembre,Lunes,Día de semana,Primavera
2025-11-24,FUERTE BARRAGAN S.A.T.I.C.I.,LINEA_506F_BSAS,SI,COLECTIVO,MUNICIPAL,BUENOS AIRES,LA PLATA,4224,NO,11,Noviembre,Lunes,Día de semana,Primavera
2025-11-24,UNION PLATENSE SRL,NORTE MUNICIPAL,SI,COLECTIVO,MUNICIPAL,BUENOS AIRES,LA PLATA,2204,NO,11,Noviembre,Lunes,Día de semana,Primavera
2025-11-25,UNION PLATENSE SRL,BSAS_LINEA_502_SUR,SI,COLECTIVO,MUNICIPAL,BUENOS AIRES,LA PLATA,13482,NO,11,Noviembre,Martes,Día de semana,Primavera
2025-11-25,MICROEXPRES S.A.,BSAS_LINEA_503_ESTE,SI,COLECTIVO,MUNICIPAL,BUENOS AIRES,LA PLATA,8555,NO,11,Noviembre,Martes,Día de semana,Primavera
2025-11-25,EXPRESO LA PLATA BUENOS AIRES S.A.,BSAS_LINEA_503E,SI,COLECTIVO,MUNICIPAL,BUENOS AIRES,LA PLATA,33505,NO,11,Noviembre,Martes,Día de semana,Primavera
2025-11-25,EMPRESA NUEVE DE JULIO S.A.T.,BSAS_LINEA_508C,SI,COLECTIVO,MUNICIPAL,BUENOS AIRES,LA PLATA,1316,NO,11,Noviembre,Martes,Día de semana,Primavera
2025-11-25,EXPRESO LA PLATA BUENOS AIRES S.A.,BSAS_LINEA_518,SI,COLECTIVO,MUNICIPAL,BUENOS AIRES,LA PLATA,899,NO,11,Noviembre,Martes,Día de semana,Primavera
2025-11-25,UNION PLATENSE SRL,BSAS_LINEA_520C,SI,COLECTIVO,MUNICIPAL,BUENOS AIRES,LA PLATA,14958,NO,11,Noviembre,Martes,Día de semana,Primavera
2025-11-25,EMPRESA NUEVE DE JULIO S.A.T.,BSAS_LINEA_561B,SI,COLECTIVO,MUNICIPAL,BUENOS AIRES,LA PLATA,1633,NO,11,Noviembre,Martes,Día de semana,Primavera
2025-11-25,EMPRESA NUEVE DE JULIO S.A.T.,LINEA OESTE,SI,COLECTIVO,MUNICIPAL,BUENOS AIRES,LA PLATA,68784,NO,11,Noviembre,Martes,Día de semana,Primavera
2025-11-25,FUERTE BARRAGAN S.A.T.I.C.I.,LINEA_506F_BSAS,SI,COLECTIVO,MUNICIPAL,BUENOS AIRES,LA PLATA,12564,NO,11,Noviembre,Martes,Día de semana,Primavera
2025-11-25,UNION PLATENSE SRL,NORTE MUNICIPAL,SI,COLECTIVO,MUNICIPAL,BUENOS AIRES,LA PLATA,12624,NO,11,Noviembre,Martes,Día de semana,Primavera
2025-11-26,UNION PLATENSE SRL,BSAS_LINEA_502_SUR,SI,COLECTIVO,MUNICIPAL,BUENOS AIRES,LA PLATA,12072,NO,11,Noviembre,Miércoles,Día de semana,Primavera
2025-11-26,MICROEXPRES S.A.,BSAS_LINEA_503_ESTE,SI,COLECTIVO,MUNICIPAL,BUENOS AIRES,LA PLATA,8091,NO,11,Noviembre,Miércoles,Día de semana,Primavera
2025-11-26,EXPRESO LA PLATA BUENOS AIRES S.A.,BSAS_LINEA_503E,SI,COLECTIVO,MUNICIPAL,BUENOS AIRES,LA PLATA,31045,NO,11,Noviembre,Miércoles,Día de semana,Primavera
2025-11-26,EMPRESA NUEVE DE JULIO S.A.T.,BSAS_LINEA_508C,SI,COLECTIVO,MUNICIPAL,BUENOS AIRES,LA PLATA,1114,NO,11,Noviembre,Miércoles,Día de semana,Primavera
2025-11-26,EXPRESO LA PLATA BUENOS AIRES S.A.,BSAS_LINEA_518,SI,COLECTIVO,MUNICIPAL,BUENOS AIRES,LA PLATA,896,NO,11,Noviembre,Miércoles,Día de semana,Primavera
2025-11-26,UNION PLATENSE SRL,BSAS_LINEA_520C,SI,COLECTIVO,MUNICIPAL,BUENOS AIRES,LA PLATA,13916,NO,11,Noviembre,Miércoles,Día de semana,Primavera
2025-11-26,EMPRESA NUEVE DE JULIO S.A.T.,BSAS_LINEA_561B,SI,COLECTIVO,MUNICIPAL,BUENOS AIRES,LA PLATA,1481,NO,11,Noviembre,Miércoles,Día de semana,Primavera
2025-11-26,EMPRESA NUEVE DE JULIO S.A.T.,LINEA OESTE,SI,COLECTIVO,MUNICIPAL,BUENOS AIRES,LA PLATA,63450,NO,11,Noviembre,Miércoles,Día de semana,Primavera
2025-11-26,FUERTE BARRAGAN S.A.T.I.C.I.,LINEA_506F_BSAS,SI,COLECTIVO,MUNICIPAL,BUENOS AIRES,LA PLATA,11598,NO,11,Noviembre,Miércoles,Día de semana,Primavera
2025-11-26,UNION PLATENSE SRL,NORTE MUNICIPAL,SI,COLECTIVO,MUNICIPAL,BUENOS AIRES,LA PLATA,10783,NO,11,Noviembre,Miércoles,Día de semana,Primavera
2025-11-27,UNION PLATENSE SRL,BSAS_LINEA_502_SUR,SI,COLECTIVO,MUNICIPAL,BUENOS AIRES,LA PLATA,12995,NO,11,Noviembre,Jueves,Día de semana,Primavera
2025-11-27,MICROEXPRES S.A.,BSAS_LINEA_503_ESTE,SI,COLECTIVO,MUNICIPAL,BUENOS AIRES,LA PLATA,8323,NO,11,Noviembre,Jueves,Día de semana,Primavera
2025-11-27,EXPRESO LA PLATA BUENOS AIRES S.A.,BSAS_LINEA_503E,SI,COLECTIVO,MUNICIPAL,BUENOS AIRES,LA PLATA,32712,NO,11,Noviembre,Jueves,Día de semana,Primavera
2025-11-27,EMPRESA NUEVE DE JULIO S.A.T.,BSAS_LINEA_508C,SI,COLECTIVO,MUNICIPAL,BUENOS AIRES,LA PLATA,1385,NO,11,Noviembre,Jueves,Día de semana,Primavera
2025-11-27,EXPRESO LA PLATA BUENOS AIRES S.A.,BSAS_LINEA_518,SI,COLECTIVO,MUNICIPAL,BUENOS AIRES,LA PLATA,884,NO,11,Noviembre,Jueves,Día de semana,Primavera
2025-11-27,UNION PLATENSE SRL,BSAS_LINEA_520C,SI,COLECTIVO,MUNICIPAL,BUENOS AIRES,LA PLATA,14463,NO,11,Noviembre,Jueves,Día de semana,Primavera
2025-11-27,EMPRESA NUEVE DE JULIO S.A.T.,BSAS_LINEA_561B,SI,COLECTIVO,MUNICIPAL,BUENOS AIRES,LA PLATA,1521,NO,11,Noviembre,Jueves,Día de semana,Primavera
2025-11-27,EMPRESA NUEVE DE JULIO S.A.T.,LINEA OESTE,SI,COLECTIVO,MUNICIPAL,BUENOS AIRES,LA PLATA,65701,NO,11,Noviembre,Jueves,Día de semana,Primavera
2025-11-27,FUERTE BARRAGAN S.A.T.I.C.I.,LINEA_506F_BSAS,SI,COLECTIVO,MUNICIPAL,BUENOS AIRES,LA PLATA,12621,NO,11,Noviembre,Jueves,Día de semana,Primavera
2025-11-27,UNION PLATENSE SRL,NORTE MUNICIPAL,SI,COLECTIVO,MUNICIPAL,BUENOS AIRES,LA PLATA,12251,NO,11,Noviembre,Jueves,Día de semana,Primavera
2025-11-28,UNION PLATENSE SRL,BSAS_LINEA_502_SUR,SI,COLECTIVO,MUNICIPAL,BUENOS AIRES,LA PLATA,12737,NO,11,Noviembre,Viernes,Día de semana,Primavera
2025-11-28,MICROEXPRES S.A.,BSAS_LINEA_503_ESTE,SI,COLECTIVO,MUNICIPAL,BUENOS AIRES,LA PLATA,8181,NO,11,Noviembre,Viernes,Día de semana,Primavera
2025-11-28,EXPRESO LA PLATA BUENOS AIRES S.A.,BSAS_LINEA_503E,SI,COLECTIVO,MUNICIPAL,BUENOS AIRES,LA PLATA,32532,NO,11,Noviembre,Viernes,Día de semana,Primavera
2025-11-28,EMPRESA NUEVE DE JULIO S.A.T.,BSAS_LINEA_508C,SI,COLECTIVO,MUNICIPAL,BUENOS AIRES,LA PLATA,1164,NO,11,Noviembre,Viernes,Día de semana,Primavera
2025-11-28,EXPRESO LA PLATA BUENOS AIRES S.A.,BSAS_LINEA_518,SI,COLECTIVO,MUNICIPAL,BUENOS AIRES,LA PLATA,895,NO,11,Noviembre,Viernes,Día de semana,Primavera
2025-11-28,UNION PLATENSE SRL,BSAS_LINEA_520C,SI,COLECTIVO,MUNICIPAL,BUENOS AIRES,LA PLATA,14150,NO,11,Noviembre,Viernes,Día de semana,Primavera
2025-11-28,EMPRESA NUEVE DE JULIO S.A.T.,BSAS_LINEA_561B,SI,COLECTIVO,MUNICIPAL,BUENOS AIRES,LA PLATA,1487,NO,11,Noviembre,Viernes,Día de semana,Primavera
2025-11-28,EMPRESA NUEVE DE JULIO S.A.T.,LINEA OESTE,SI,COLECTIVO,MUNICIPAL,BUENOS AIRES,LA PLATA,64691,NO,11,Noviembre,Viernes,Día de semana,Primavera
2025-11-28,FUERTE BARRAGAN S.A.T.I.C.I.,LINEA_506F_BSAS,SI,COLECTIVO,MUNICIPAL,BUENOS AIRES,LA PLATA,11927,NO,11,Noviembre,Viernes,Día de semana,Primavera
2025-11-28,UNION PLATENSE SRL,NORTE MUNICIPAL,SI,COLECTIVO,MUNICIPAL,BUENOS AIRES,LA PLATA,11372,NO,11,Noviembre,Viernes,Día de semana,Primavera
2025-11-29,UNION PLATENSE SRL,BSAS_LINEA_502_SUR,SI,COLECTIVO,MUNICIPAL,BUENOS AIRES,LA PLATA,3684,NO,11,Noviembre,Sábado,Fin de semana,Primavera
2025-11-29,MICROEXPRES S.A.,BSAS_LINEA_503_ESTE,SI,COLECTIVO,MUNICIPAL,BUENOS AIRES,LA PLATA,3098,NO,11,Noviembre,Sábado,Fin de semana,Primavera
2025-11-29,EXPRESO LA PLATA BUENOS AIRES S.A.,BSAS_LINEA_503E,SI,COLECTIVO,MUNICIPAL,BUENOS AIRES,LA PLATA,13229,NO,11,Noviembre,Sábado,Fin de semana,Primavera
2025-11-29,EMPRESA NUEVE DE JULIO S.A.T.,BSAS_LINEA_508C,SI,COLECTIVO,MUNICIPAL,BUENOS AIRES,LA PLATA,415,NO,11,Noviembre,Sábado,Fin de semana,Primavera
2025-11-29,EXPRESO LA PLATA BUENOS AIRES S.A.,BSAS_LINEA_518,SI,COLECTIVO,MUNICIPAL,BUENOS AIRES,LA PLATA,279,NO,11,Noviembre,Sábado,Fin de semana,Primavera
2025-11-29,UNION PLATENSE SRL,BSAS_LINEA_520C,SI,COLECTIVO,MUNICIPAL,BUENOS AIRES,LA PLATA,4597,NO,11,Noviembre,Sábado,Fin de semana,Primavera
2025-11-29,EMPRESA NUEVE DE JULIO S.A.T.,BSAS_LINEA_561B,SI,COLECTIVO,MUNICIPAL,BUENOS AIRES,LA PLATA,388,NO,11,Noviembre,Sábado,Fin de semana,Primavera
2025-11-29,EMPRESA NUEVE DE JULIO S.A.T.,LINEA OESTE,SI,COLECTIVO,MUNICIPAL,BUENOS AIRES,LA PLATA,23281,NO,11,Noviembre,Sábado,Fin de semana,Primavera
2025-11-29,FUERTE BARRAGAN S.A.T.I.C.I.,LINEA_506F_BSAS,SI,COLECTIVO,MUNICIPAL,BUENOS AIRES,LA PLATA,4287,NO,11,Noviembre,Sábado,Fin de semana,Primavera
2025-11-29,UNION PLATENSE SRL,NORTE MUNICIPAL,SI,COLECTIVO,MUNICIPAL,BUENOS AIRES,LA PLATA,2620,NO,11,Noviembre,Sábado,Fin de semana,Primavera
2025-11-30,UNION PLATENSE SRL,BSAS_LINEA_502_SUR,SI,COLECTIVO,MUNICIPAL,BUENOS AIRES,LA PLATA,976,NO,11,Noviembre,Domingo,Fin de semana,Primavera
2025-11-30,MICROEXPRES S.A.,BSAS_LINEA_503_ESTE,SI,COLECTIVO,MUNICIPAL,BUENOS AIRES,LA PLATA,1612,NO,11,Noviembre,Domingo,Fin de semana,Primavera
2025-11-30,EXPRESO LA PLATA BUENOS AIRES S.A.,BSAS_LINEA_503E,SI,COLECTIVO,MUNICIPAL,BUENOS AIRES,LA PLATA,6957,NO,11,Noviembre,Domingo,Fin de semana,Primavera
2025-11-30,EMPRESA NUEVE DE JULIO S.A.T.,BSAS_LINEA_508C,SI,COLECTIVO,MUNICIPAL,BUENOS AIRES,LA PLATA,166,NO,11,Noviembre,Domingo,Fin de semana,Primavera
2025-11-30,UNION PLATENSE SRL,BSAS_LINEA_520C,SI,COLECTIVO,MUNICIPAL,BUENOS AIRES,LA PLATA,1867,NO,11,Noviembre,Domingo,Fin de semana,Primavera
2025-11-30,EMPRESA NUEVE DE JULIO S.A.T.,BSAS_LINEA_561B,SI,COLECTIVO,MUNICIPAL,BUENOS AIRES,LA PLATA,159,NO,11,Noviembre,Domingo,Fin de semana,Primavera
2025-11-30,EMPRESA NUEVE DE JULIO S.A.T.,LINEA OESTE,SI,COLECTIVO,MUNICIPAL,BUENOS AIRES,LA PLATA,11988,NO,11,Noviembre,Domingo,Fin de semana,Primavera
2025-11-30,FUERTE BARRAGAN S.A.T.I.C.I.,LINEA_506F_BSAS,SI,COLECTIVO,MUNICIPAL,BUENOS AIRES,LA PLATA,2257,NO,11,Noviembre,Domingo,Fin de semana,Primavera
2025-11-30,UNION PLATENSE SRL,NORTE MUNICIPAL,SI,COLECTIVO,MUNICIPAL,BUENOS AIRES,LA PLATA,1205,NO,11,Noviembre,Domingo,Fin de semana,Primavera
2025-12-01,UNION PLATENSE SRL,BSAS_LINEA_502_SUR,SI,COLECTIVO,MUNICIPAL,BUENOS AIRES,LA PLATA,11662,NO,12,Diciembre,Lunes,Día de semana,Primavera
2025-12-01,MICROEXPRES S.A.,BSAS_LINEA_503_ESTE,SI,COLECTIVO,MUNICIPAL,BUENOS AIRES,LA PLATA,7885,NO,12,Diciembre,Lunes,Día de semana,Primavera
2025-12-01,EXPRESO LA PLATA BUENOS AIRES S.A.,BSAS_LINEA_503E,SI,COLECTIVO,MUNICIPAL,BUENOS AIRES,LA PLATA,29387,NO,12,Diciembre,Lunes,Día de semana,Primavera
2025-12-01,EMPRESA NUEVE DE JULIO S.A.T.,BSAS_LINEA_508C,SI,COLECTIVO,MUNICIPAL,BUENOS AIRES,LA PLATA,1135,NO,12,Diciembre,Lunes,Día de semana,Primavera
2025-12-01,EXPRESO LA PLATA BUENOS AIRES S.A.,BSAS_LINEA_518,SI,COLECTIVO,MUNICIPAL,BUENOS AIRES,LA PLATA,785,NO,12,Diciembre,Lunes,Día de semana,Primavera
2025-12-01,UNION PLATENSE SRL,BSAS_LINEA_520C,SI,COLECTIVO,MUNICIPAL,BUENOS AIRES,LA PLATA,13350,NO,12,Diciembre,Lunes,Día de semana,Primavera
2025-12-01,EMPRESA NUEVE DE JULIO S.A.T.,BSAS_LINEA_561B,SI,COLECTIVO,MUNICIPAL,BUENOS AIRES,LA PLATA,1372,NO,12,Diciembre,Lunes,Día de semana,Primavera
2025-12-01,EMPRESA NUEVE DE JULIO S.A.T.,LINEA OESTE,SI,COLECTIVO,MUNICIPAL,BUENOS AIRES,LA PLATA,59055,NO,12,Diciembre,Lunes,Día de semana,Primavera
2025-12-01,FUERTE BARRAGAN S.A.T.I.C.I.,LINEA_506F_BSAS,SI,COLECTIVO,MUNICIPAL,BUENOS AIRES,LA PLATA,11238,NO,12,Diciembre,Lunes,Día de semana,Primavera
2025-12-01,UNION PLATENSE SRL,NORTE MUNICIPAL,SI,COLECTIVO,MUNICIPAL,BUENOS AIRES,LA PLATA,10567,NO,12,Diciembre,Lunes,Día de semana,Primavera
2025-12-02,UNION PLATENSE SRL,BSAS_LINEA_502_SUR,SI,COLECTIVO,MUNICIPAL,BUENOS AIRES,LA PLATA,12859,NO,12,Diciembre,Martes,Día de semana,Primavera
2025-12-02,MICROEXPRES S.A.,BSAS_LINEA_503_ESTE,SI,COLECTIVO,MUNICIPAL,BUENOS AIRES,LA PLATA,8328,NO,12,Diciembre,Martes,Día de semana,Primavera
2025-12-02,EXPRESO LA PLATA BUENOS AIRES S.A.,BSAS_LINEA_503E,SI,COLECTIVO,MUNICIPAL,BUENOS AIRES,LA PLATA,32323,NO,12,Diciembre,Martes,Día de semana,Primavera
2025-12-02,EMPRESA NUEVE DE JULIO S.A.T.,BSAS_LINEA_508C,SI,COLECTIVO,MUNICIPAL,BUENOS AIRES,LA PLATA,1238,NO,12,Diciembre,Martes,Día de semana,Primavera
2025-12-02,EXPRESO LA PLATA BUENOS AIRES S.A.,BSAS_LINEA_518,SI,COLECTIVO,MUNICIPAL,BUENOS AIRES,LA PLATA,814,NO,12,Diciembre,Martes,Día de semana,Primavera
2025-12-02,UNION PLATENSE SRL,BSAS_LINEA_520C,SI,COLECTIVO,MUNICIPAL,BUENOS AIRES,LA PLATA,14765,NO,12,Diciembre,Martes,Día de semana,Primavera
2025-12-02,EMPRESA NUEVE DE JULIO S.A.T.,BSAS_LINEA_561B,SI,COLECTIVO,MUNICIPAL,BUENOS AIRES,LA PLATA,1557,NO,12,Diciembre,Martes,Día de semana,Primavera
2025-12-02,EMPRESA NUEVE DE JULIO S.A.T.,LINEA OESTE,SI,COLECTIVO,MUNICIPAL,BUENOS AIRES,LA PLATA,65234,NO,12,Diciembre,Martes,Día de semana,Primavera
2025-12-02,FUERTE BARRAGAN S.A.T.I.C.I.,LINEA_506F_BSAS,SI,COLECTIVO,MUNICIPAL,BUENOS AIRES,LA PLATA,12206,NO,12,Diciembre,Martes,Día de semana,Primavera
2025-12-02,UNION PLATENSE SRL,NORTE MUNICIPAL,SI,COLECTIVO,MUNICIPAL,BUENOS AIRES,LA PLATA,11756,NO,12,Diciembre,Martes,Día de semana,Primavera
2025-12-03,UNION PLATENSE SRL,BSAS_LINEA_502_SUR,SI,COLECTIVO,MUNICIPAL,BUENOS AIRES,LA PLATA,11388,NO,12,Diciembre,Miércoles,Día de semana,Primavera
2025-12-03,MICROEXPRES S.A.,BSAS_LINEA_503_ESTE,SI,COLECTIVO,MUNICIPAL,BUENOS AIRES,LA PLATA,7454,NO,12,Diciembre,Miércoles,Día de semana,Primavera
2025-12-03,EXPRESO LA PLATA BUENOS AIRES S.A.,BSAS_LINEA_503E,SI,COLECTIVO,MUNICIPAL,BUENOS AIRES,LA PLATA,28623,NO,12,Diciembre,Miércoles,Día de semana,Primavera
2025-12-03,EMPRESA NUEVE DE JULIO S.A.T.,BSAS_LINEA_508C,SI,COLECTIVO,MUNICIPAL,BUENOS AIRES,LA PLATA,1211,NO,12,Diciembre,Miércoles,Día de semana,Primavera
2025-12-03,EXPRESO LA PLATA BUENOS AIRES S.A.,BSAS_LINEA_518,SI,COLECTIVO,MUNICIPAL,BUENOS AIRES,LA PLATA,771,NO,12,Diciembre,Miércoles,Día de semana,Primavera
2025-12-03,UNION PLATENSE SRL,BSAS_LINEA_520C,SI,COLECTIVO,MUNICIPAL,BUENOS AIRES,LA PLATA,12647,NO,12,Diciembre,Miércoles,Día de semana,Primavera
2025-12-03,EMPRESA NUEVE DE JULIO S.A.T.,BSAS_LINEA_561B,SI,COLECTIVO,MUNICIPAL,BUENOS AIRES,LA PLATA,1500,NO,12,Diciembre,Miércoles,Día de semana,Primavera
2025-12-03,EMPRESA NUEVE DE JULIO S.A.T.,LINEA OESTE,SI,COLECTIVO,MUNICIPAL,BUENOS AIRES,LA PLATA,56557,NO,12,Diciembre,Miércoles,Día de semana,Primavera
2025-12-03,FUERTE BARRAGAN S.A.T.I.C.I.,LINEA_506F_BSAS,SI,COLECTIVO,MUNICIPAL,BUENOS AIRES,LA PLATA,10718,NO,12,Diciembre,Miércoles,Día de semana,Primavera
2025-12-03,UNION PLATENSE SRL,NORTE MUNICIPAL,SI,COLECTIVO,MUNICIPAL,BUENOS AIRES,LA PLATA,10206,NO,12,Diciembre,Miércoles,Día de semana,Primavera
2025-12-04,UNION PLATENSE SRL,BSAS_LINEA_502_SUR,SI,COLECTIVO,MUNICIPAL,BUENOS AIRES,LA PLATA,13431,NO,12,Diciembre,Jueves,Día de semana,Primavera
2025-12-04,MICROEXPRES S.A.,BSAS_LINEA_503_ESTE,SI,COLECTIVO,MUNICIPAL,BUENOS AIRES,LA PLATA,8223,NO,12,Diciembre,Jueves,Día de semana,Primavera
2025-12-04,EXPRESO LA PLATA BUENOS AIRES S.A.,BSAS_LINEA_503E,SI,COLECTIVO,MUNICIPAL,BUENOS AIRES,LA PLATA,33041,NO,12,Diciembre,Jueves,Día de semana,Primavera
2025-12-04,EMPRESA NUEVE DE JULIO S.A.T.,BSAS_LINEA_508C,SI,COLECTIVO,MUNICIPAL,BUENOS AIRES,LA PLATA,1266,NO,12,Diciembre,Jueves,Día de semana,Primavera
2025-12-04,EXPRESO LA PLATA BUENOS AIRES S.A.,BSAS_LINEA_518,SI,COLECTIVO,MUNICIPAL,BUENOS AIRES,LA PLATA,785,NO,12,Diciembre,Jueves,Día de semana,Primavera
2025-12-04,UNION PLATENSE SRL,BSAS_LINEA_520C,SI,COLECTIVO,MUNICIPAL,BUENOS AIRES,LA PLATA,14084,NO,12,Diciembre,Jueves,Día de semana,Primavera
2025-12-04,EMPRESA NUEVE DE JULIO S.A.T.,BSAS_LINEA_561B,SI,COLECTIVO,MUNICIPAL,BUENOS AIRES,LA PLATA,1647,NO,12,Diciembre,Jueves,Día de semana,Primavera
2025-12-04,EMPRESA NUEVE DE JULIO S.A.T.,LINEA OESTE,SI,COLECTIVO,MUNICIPAL,BUENOS AIRES,LA PLATA,62350,NO,12,Diciembre,Jueves,Día de semana,Primavera
2025-12-04,FUERTE BARRAGAN S.A.T.I.C.I.,LINEA_506F_BSAS,SI,COLECTIVO,MUNICIPAL,BUENOS AIRES,LA PLATA,6989,NO,12,Diciembre,Jueves,Día de semana,Primavera
2025-12-04,UNION PLATENSE SRL,NORTE MUNICIPAL,SI,COLECTIVO,MUNICIPAL,BUENOS AIRES,LA PLATA,11287,NO,12,Diciembre,Jueves,Día de semana,Primavera
2025-12-05,UNION PLATENSE SRL,BSAS_LINEA_502_SUR,SI,COLECTIVO,MUNICIPAL,BUENOS AIRES,LA PLATA,12037,NO,12,Diciembre,Viernes,Día de semana,Primavera
2025-12-05,MICROEXPRES S.A.,BSAS_LINEA_503_ESTE,SI,COLECTIVO,MUNICIPAL,BUENOS AIRES,LA PLATA,7820,NO,12,Diciembre,Viernes,Día de semana,Primavera
2025-12-05,EXPRESO LA PLATA BUENOS AIRES S.A.,BSAS_LINEA_503E,SI,COLECTIVO,MUNICIPAL,BUENOS AIRES,LA PLATA,29984,NO,12,Diciembre,Viernes,Día de semana,Primavera
2025-12-05,EMPRESA NUEVE DE JULIO S.A.T.,BSAS_LINEA_508C,SI,COLECTIVO,MUNICIPAL,BUENOS AIRES,LA PLATA,1242,NO,12,Diciembre,Viernes,Día de semana,Primavera
2025-12-05,EXPRESO LA PLATA BUENOS AIRES S.A.,BSAS_LINEA_518,SI,COLECTIVO,MUNICIPAL,BUENOS AIRES,LA PLATA,740,NO,12,Diciembre,Viernes,Día de semana,Primavera
2025-12-05,UNION PLATENSE SRL,BSAS_LINEA_520C,SI,COLECTIVO,MUNICIPAL,BUENOS AIRES,LA PLATA,13239,NO,12,Diciembre,Viernes,Día de semana,Primavera
2025-12-05,EMPRESA NUEVE DE JULIO S.A.T.,BSAS_LINEA_561B,SI,COLECTIVO,MUNICIPAL,BUENOS AIRES,LA PLATA,1485,NO,12,Diciembre,Viernes,Día de semana,Primavera
2025-12-05,EMPRESA NUEVE DE JULIO S.A.T.,LINEA OESTE,SI,COLECTIVO,MUNICIPAL,BUENOS AIRES,LA PLATA,58488,NO,12,Diciembre,Viernes,Día de semana,Primavera
2025-12-05,FUERTE BARRAGAN S.A.T.I.C.I.,LINEA_506F_BSAS,SI,COLECTIVO,MUNICIPAL,BUENOS AIRES,LA PLATA,10674,NO,12,Diciembre,Viernes,Día de semana,Primavera
2025-12-05,UNION PLATENSE SRL,NORTE MUNICIPAL,SI,COLECTIVO,MUNICIPAL,BUENOS AIRES,LA PLATA,10198,NO,12,Diciembre,Viernes,Día de semana,Primavera
2025-12-06,UNION PLATENSE SRL,BSAS_LINEA_502_SUR,SI,COLECTIVO,MUNICIPAL,BUENOS AIRES,LA PLATA,4349,NO,12,Diciembre,Sábado,Fin de semana,Primavera
2025-12-06,MICROEXPRES S.A.,BSAS_LINEA_503_ESTE,SI,COLECTIVO,MUNICIPAL,BUENOS AIRES,LA PLATA,3958,NO,12,Diciembre,Sábado,Fin de semana,Primavera
2025-12-06,EXPRESO LA PLATA BUENOS AIRES S.A.,BSAS_LINEA_503E,SI,COLECTIVO,MUNICIPAL,BUENOS AIRES,LA PLATA,16124,NO,12,Diciembre,Sábado,Fin de semana,Primavera
2025-12-06,EMPRESA NUEVE DE JULIO S.A.T.,BSAS_LINEA_508C,SI,COLECTIVO,MUNICIPAL,BUENOS AIRES,LA PLATA,405,NO,12,Diciembre,Sábado,Fin de semana,Primavera
2025-12-06,EXPRESO LA PLATA BUENOS AIRES S.A.,BSAS_LINEA_518,SI,COLECTIVO,MUNICIPAL,BUENOS AIRES,LA PLATA,366,NO,12,Diciembre,Sábado,Fin de semana,Primavera
2025-12-06,UNION PLATENSE SRL,BSAS_LINEA_520C,SI,COLECTIVO,MUNICIPAL,BUENOS AIRES,LA PLATA,5563,NO,12,Diciembre,Sábado,Fin de semana,Primavera
2025-12-06,EMPRESA NUEVE DE JULIO S.A.T.,BSAS_LINEA_561B,SI,COLECTIVO,MUNICIPAL,BUENOS AIRES,LA PLATA,481,NO,12,Diciembre,Sábado,Fin de semana,Primavera
2025-12-06,EMPRESA NUEVE DE JULIO S.A.T.,LINEA OESTE,SI,COLECTIVO,MUNICIPAL,BUENOS AIRES,LA PLATA,29531,NO,12,Diciembre,Sábado,Fin de semana,Primavera
2025-12-06,FUERTE BARRAGAN S.A.T.I.C.I.,LINEA_506F_BSAS,SI,COLECTIVO,MUNICIPAL,BUENOS AIRES,LA PLATA,5051,NO,12,Diciembre,Sábado,Fin de semana,Primavera
2025-12-06,UNION PLATENSE SRL,NORTE MUNICIPAL,SI,COLECTIVO,MUNICIPAL,BUENOS AIRES,LA PLATA,3209,NO,12,Diciembre,Sábado,Fin de semana,Primavera
2025-12-07,UNION PLATENSE SRL,BSAS_LINEA_502_SUR,SI,COLECTIVO,MUNICIPAL,BUENOS AIRES,LA PLATA,1371,NO,12,Diciembre,Domingo,Fin de semana,Primavera
2025-12-07,MICROEXPRES S.A.,BSAS_LINEA_503_ESTE,SI,COLECTIVO,MUNICIPAL,BUENOS AIRES,LA PLATA,2181,NO,12,Diciembre,Domingo,Fin de semana,Primavera
2025-12-07,EXPRESO LA PLATA BUENOS AIRES S.A.,BSAS_LINEA_503E,SI,COLECTIVO,MUNICIPAL,BUENOS AIRES,LA PLATA,10125,NO,12,Diciembre,Domingo,Fin de semana,Primavera
2025-12-07,EMPRESA NUEVE DE JULIO S.A.T.,BSAS_LINEA_508C,SI,COLECTIVO,MUNICIPAL,BUENOS AIRES,LA PLATA,232,NO,12,Diciembre,Domingo,Fin de semana,Primavera
2025-12-07,UNION PLATENSE SRL,BSAS_LINEA_520C,SI,COLECTIVO,MUNICIPAL,BUENOS AIRES,LA PLATA,2639,NO,12,Diciembre,Domingo,Fin de semana,Primavera
2025-12-07,EMPRESA NUEVE DE JULIO S.A.T.,BSAS_LINEA_561B,SI,COLECTIVO,MUNICIPAL,BUENOS AIRES,LA PLATA,286,NO,12,Diciembre,Domingo,Fin de semana,Primavera
2025-12-07,EMPRESA NUEVE DE JULIO S.A.T.,LINEA OESTE,SI,COLECTIVO,MUNICIPAL,BUENOS AIRES,LA PLATA,16863,NO,12,Diciembre,Domingo,Fin de semana,Primavera
2025-12-07,FUERTE BARRAGAN S.A.T.I.C.I.,LINEA_506F_BSAS,SI,COLECTIVO,MUNICIPAL,BUENOS AIRES,LA PLATA,3192,NO,12,Diciembre,Domingo,Fin de semana,Primavera
2025-12-07,UNION PLATENSE SRL,NORTE MUNICIPAL,SI,COLECTIVO,MUNICIPAL,BUENOS AIRES,LA PLATA,1731,NO,12,Diciembre,Domingo,Fin de semana,Primavera
2025-12-08,UNION PLATENSE SRL,BSAS_LINEA_502_SUR,SI,COLECTIVO,MUNICIPAL,BUENOS AIRES,LA PLATA,1900,NO,12,Diciembre,Lunes,Día de semana,Primavera
2025-12-08,MICROEXPRES S.A.,BSAS_LINEA_503_ESTE,SI,COLECTIVO,MUNICIPAL,BUENOS AIRES,LA PLATA,2503,NO,12,Diciembre,Lunes,Día de semana,Primavera
2025-12-08,EXPRESO LA PLATA BUENOS AIRES S.A.,BSAS_LINEA_503E,SI,COLECTIVO,MUNICIPAL,BUENOS AIRES,LA PLATA,11028,NO,12,Diciembre,Lunes,Día de semana,Primavera
2025-12-08,EMPRESA NUEVE DE JULIO S.A.T.,BSAS_LINEA_508C,SI,COLECTIVO,MUNICIPAL,BUENOS AIRES,LA PLATA,265,NO,12,Diciembre,Lunes,Día de semana,Primavera
2025-12-08,UNION PLATENSE SRL,BSAS_LINEA_520C,SI,COLECTIVO,MUNICIPAL,BUENOS AIRES,LA PLATA,3020,NO,12,Diciembre,Lunes,Día de semana,Primavera
2025-12-08,EMPRESA NUEVE DE JULIO S.A.T.,BSAS_LINEA_561B,SI,COLECTIVO,MUNICIPAL,BUENOS AIRES,LA PLATA,391,NO,12,Diciembre,Lunes,Día de semana,Primavera
2025-12-08,EMPRESA NUEVE DE JULIO S.A.T.,LINEA OESTE,SI,COLECTIVO,MUNICIPAL,BUENOS AIRES,LA PLATA,19420,NO,12,Diciembre,Lunes,Día de semana,Primavera
2025-12-08,FUERTE BARRAGAN S.A.T.I.C.I.,LINEA_506F_BSAS,SI,COLECTIVO,MUNICIPAL,BUENOS AIRES,LA PLATA,3788,NO,12,Diciembre,Lunes,Día de semana,Primavera
2025-12-08,UNION PLATENSE SRL,NORTE MUNICIPAL,SI,COLECTIVO,MUNICIPAL,BUENOS AIRES,LA PLATA,2049,NO,12,Diciembre,Lunes,Día de semana,Primavera
2025-12-09,UNION PLATENSE SRL,BSAS_LINEA_502_SUR,SI,COLECTIVO,MUNICIPAL,BUENOS AIRES,LA PLATA,10865,NO,12,Diciembre,Martes,Día de semana,Primavera
2025-12-09,MICROEXPRES S.A.,BSAS_LINEA_503_ESTE,SI,COLECTIVO,MUNICIPAL,BUENOS AIRES,LA PLATA,7232,NO,12,Diciembre,Martes,Día de semana,Primavera
2025-12-09,EXPRESO LA PLATA BUENOS AIRES S.A.,BSAS_LINEA_503E,SI,COLECTIVO,MUNICIPAL,BUENOS AIRES,LA PLATA,25988,NO,12,Diciembre,Martes,Día de semana,Primavera
2025-12-09,EMPRESA NUEVE DE JULIO S.A.T.,BSAS_LINEA_508C,SI,COLECTIVO,MUNICIPAL,BUENOS AIRES,LA PLATA,1198,NO,12,Diciembre,Martes,Día de semana,Primavera
2025-12-09,EXPRESO LA PLATA BUENOS AIRES S.A.,BSAS_LINEA_518,SI,COLECTIVO,MUNICIPAL,BUENOS AIRES,LA PLATA,353,NO,12,Diciembre,Martes,Día de semana,Primavera
2025-12-09,UNION PLATENSE SRL,BSAS_LINEA_520C,SI,COLECTIVO,MUNICIPAL,BUENOS AIRES,LA PLATA,11216,NO,12,Diciembre,Martes,Día de semana,Primavera
2025-12-09,EMPRESA NUEVE DE JULIO S.A.T.,BSAS_LINEA_561B,SI,COLECTIVO,MUNICIPAL,BUENOS AIRES,LA PLATA,1597,NO,12,Diciembre,Martes,Día de semana,Primavera
2025-12-09,EMPRESA NUEVE DE JULIO S.A.T.,LINEA OESTE,SI,COLECTIVO,MUNICIPAL,BUENOS AIRES,LA PLATA,52468,NO,12,Diciembre,Martes,Día de semana,Primavera
2025-12-09,FUERTE BARRAGAN S.A.T.I.C.I.,LINEA_506F_BSAS,SI,COLECTIVO,MUNICIPAL,BUENOS AIRES,LA PLATA,10248,NO,12,Diciembre,Martes,Día de semana,Primavera
2025-12-09,UNION PLATENSE SRL,NORTE MUNICIPAL,SI,COLECTIVO,MUNICIPAL,BUENOS AIRES,LA PLATA,9296,NO,12,Diciembre,Martes,Día de semana,Primavera
2025-12-10,UNION PLATENSE SRL,BSAS_LINEA_502_SUR,SI,COLECTIVO,MUNICIPAL,BUENOS AIRES,LA PLATA,12186,NO,12,Diciembre,Miércoles,Día de semana,Primavera
2025-12-10,MICROEXPRES S.A.,BSAS_LINEA_503_ESTE,SI,COLECTIVO,MUNICIPAL,BUENOS AIRES,LA PLATA,8784,NO,12,Diciembre,Miércoles,Día de semana,Primavera
2025-12-10,EXPRESO LA PLATA BUENOS AIRES S.A.,BSAS_LINEA_503E,SI,COLECTIVO,MUNICIPAL,BUENOS AIRES,LA PLATA,29948,NO,12,Diciembre,Miércoles,Día de semana,Primavera
2025-12-10,EMPRESA NUEVE DE JULIO S.A.T.,BSAS_LINEA_508C,SI,COLECTIVO,MUNICIPAL,BUENOS AIRES,LA PLATA,1167,NO,12,Diciembre,Miércoles,Día de semana,Primavera
2025-12-10,EXPRESO LA PLATA BUENOS AIRES S.A.,BSAS_LINEA_518,SI,COLECTIVO,MUNICIPAL,BUENOS AIRES,LA PLATA,456,NO,12,Diciembre,Miércoles,Día de semana,Primavera
2025-12-10,UNION PLATENSE SRL,BSAS_LINEA_520C,SI,COLECTIVO,MUNICIPAL,BUENOS AIRES,LA PLATA,13991,NO,12,Diciembre,Miércoles,Día de semana,Primavera
2025-12-10,EMPRESA NUEVE DE JULIO S.A.T.,BSAS_LINEA_561B,SI,COLECTIVO,MUNICIPAL,BUENOS AIRES,LA PLATA,1602,NO,12,Diciembre,Miércoles,Día de semana,Primavera
2025-12-10,EMPRESA NUEVE DE JULIO S.A.T.,LINEA OESTE,SI,COLECTIVO,MUNICIPAL,BUENOS AIRES,LA PLATA,61147,NO,12,Diciembre,Miércoles,Día de semana,Primavera
2025-12-10,FUERTE BARRAGAN S.A.T.I.C.I.,LINEA_506F_BSAS,SI,COLECTIVO,MUNICIPAL,BUENOS AIRES,LA PLATA,11815,NO,12,Diciembre,Miércoles,Día de semana,Primavera
2025-12-10,UNION PLATENSE SRL,NORTE MUNICIPAL,SI,COLECTIVO,MUNICIPAL,BUENOS AIRES,LA PLATA,10561,NO,12,Diciembre,Miércoles,Día de semana,Primavera
2025-12-11,UNION PLATENSE SRL,BSAS_LINEA_502_SUR,SI,COLECTIVO,MUNICIPAL,BUENOS AIRES,LA PLATA,11742,NO,12,Diciembre,Jueves,Día de semana,Primavera
2025-12-11,MICROEXPRES S.A.,BSAS_LINEA_503_ESTE,SI,COLECTIVO,MUNICIPAL,BUENOS AIRES,LA PLATA,7768,NO,12,Diciembre,Jueves,Día de semana,Primavera
2025-12-11,EXPRESO LA PLATA BUENOS AIRES S.A.,BSAS_LINEA_503E,SI,COLECTIVO,MUNICIPAL,BUENOS AIRES,LA PLATA,28164,NO,12,Diciembre,Jueves,Día de semana,Primavera
2025-12-11,EMPRESA NUEVE DE JULIO S.A.T.,BSAS_LINEA_508C,SI,COLECTIVO,MUNICIPAL,BUENOS AIRES,LA PLATA,1270,NO,12,Diciembre,Jueves,Día de semana,Primavera
2025-12-11,EXPRESO LA PLATA BUENOS AIRES S.A.,BSAS_LINEA_518,SI,COLECTIVO,MUNICIPAL,BUENOS AIRES,LA PLATA,222,NO,12,Diciembre,Jueves,Día de semana,Primavera
2025-12-11,UNION PLATENSE SRL,BSAS_LINEA_520C,SI,COLECTIVO,MUNICIPAL,BUENOS AIRES,LA PLATA,12079,NO,12,Diciembre,Jueves,Día de semana,Primavera
2025-12-11,EMPRESA NUEVE DE JULIO S.A.T.,BSAS_LINEA_561B,SI,COLECTIVO,MUNICIPAL,BUENOS AIRES,LA PLATA,1508,NO,12,Diciembre,Jueves,Día de semana,Primavera
2025-12-11,EMPRESA NUEVE DE JULIO S.A.T.,LINEA OESTE,SI,COLECTIVO,MUNICIPAL,BUENOS AIRES,LA PLATA,56277,NO,12,Diciembre,Jueves,Día de semana,Primavera
2025-12-11,FUERTE BARRAGAN S.A.T.I.C.I.,LINEA_506F_BSAS,SI,COLECTIVO,MUNICIPAL,BUENOS AIRES,LA PLATA,11238,NO,12,Diciembre,Jueves,Día de semana,Primavera
2025-12-11,UNION PLATENSE SRL,NORTE MUNICIPAL,SI,COLECTIVO,MUNICIPAL,BUENOS AIRES,LA PLATA,9896,NO,12,Diciembre,Jueves,Día de semana,Primavera
2025-12-12,UNION PLATENSE SRL,BSAS_LINEA_502_SUR,SI,COLECTIVO,MUNICIPAL,BUENOS AIRES,LA PLATA,11801,NO,12,Diciembre,Viernes,Día de semana,Primavera
2025-12-12,MICROEXPRES S.A.,BSAS_LINEA_503_ESTE,SI,COLECTIVO,MUNICIPAL,BUENOS AIRES,LA PLATA,7827,NO,12,Diciembre,Viernes,Día de semana,Primavera
2025-12-12,EXPRESO LA PLATA BUENOS AIRES S.A.,BSAS_LINEA_503E,SI,COLECTIVO,MUNICIPAL,BUENOS AIRES,LA PLATA,28505,NO,12,Diciembre,Viernes,Día de semana,Primavera
2025-12-12,EMPRESA NUEVE DE JULIO S.A.T.,BSAS_LINEA_508C,SI,COLECTIVO,MUNICIPAL,BUENOS AIRES,LA PLATA,1312,NO,12,Diciembre,Viernes,Día de semana,Primavera
2025-12-12,EXPRESO LA PLATA BUENOS AIRES S.A.,BSAS_LINEA_518,SI,COLECTIVO,MUNICIPAL,BUENOS AIRES,LA PLATA,381,NO,12,Diciembre,Viernes,Día de semana,Primavera
2025-12-12,UNION PLATENSE SRL,BSAS_LINEA_520C,SI,COLECTIVO,MUNICIPAL,BUENOS AIRES,LA PLATA,12103,NO,12,Diciembre,Viernes,Día de semana,Primavera
2025-12-12,EMPRESA NUEVE DE JULIO S.A.T.,BSAS_LINEA_561B,SI,COLECTIVO,MUNICIPAL,BUENOS AIRES,LA PLATA,1535,NO,12,Diciembre,Viernes,Día de semana,Primavera
2025-12-12,EMPRESA NUEVE DE JULIO S.A.T.,LINEA OESTE,SI,COLECTIVO,MUNICIPAL,BUENOS AIRES,LA PLATA,56269,NO,12,Diciembre,Viernes,Día de semana,Primavera
2025-12-12,FUERTE BARRAGAN S.A.T.I.C.I.,LINEA_506F_BSAS,SI,COLECTIVO,MUNICIPAL,BUENOS AIRES,LA PLATA,11176,NO,12,Diciembre,Viernes,Día de semana,Primavera
2025-12-12,UNION PLATENSE SRL,NORTE MUNICIPAL,SI,COLECTIVO,MUNICIPAL,BUENOS AIRES,LA PLATA,9900,NO,12,Diciembre,Viernes,Día de semana,Primavera
2025-12-13,UNION PLATENSE SRL,BSAS_LINEA_502_SUR,SI,COLECTIVO,MUNICIPAL,BUENOS AIRES,LA PLATA,4130,NO,12,Diciembre,Sábado,Fin de semana,Primavera
2025-12-13,MICROEXPRES S.A.,BSAS_LINEA_503_ESTE,SI,COLECTIVO,MUNICIPAL,BUENOS AIRES,LA PLATA,3396,NO,12,Diciembre,Sábado,Fin de semana,Primavera
2025-12-13,EXPRESO LA PLATA BUENOS AIRES S.A.,BSAS_LINEA_503E,SI,COLECTIVO,MUNICIPAL,BUENOS AIRES,LA PLATA,15209,NO,12,Diciembre,Sábado,Fin de semana,Primavera
2025-12-13,EMPRESA NUEVE DE JULIO S.A.T.,BSAS_LINEA_508C,SI,COLECTIVO,MUNICIPAL,BUENOS AIRES,LA PLATA,296,NO,12,Diciembre,Sábado,Fin de semana,Primavera
2025-12-13,EXPRESO LA PLATA BUENOS AIRES S.A.,BSAS_LINEA_518,SI,COLECTIVO,MUNICIPAL,BUENOS AIRES,LA PLATA,261,NO,12,Diciembre,Sábado,Fin de semana,Primavera
2025-12-13,UNION PLATENSE SRL,BSAS_LINEA_520C,SI,COLECTIVO,MUNICIPAL,BUENOS AIRES,LA PLATA,5222,NO,12,Diciembre,Sábado,Fin de semana,Primavera
2025-12-13,EMPRESA NUEVE DE JULIO S.A.T.,BSAS_LINEA_561B,SI,COLECTIVO,MUNICIPAL,BUENOS AIRES,LA PLATA,451,NO,12,Diciembre,Sábado,Fin de semana,Primavera
2025-12-13,EMPRESA NUEVE DE JULIO S.A.T.,LINEA OESTE,SI,COLECTIVO,MUNICIPAL,BUENOS AIRES,LA PLATA,26890,NO,12,Diciembre,Sábado,Fin de semana,Primavera
2025-12-13,FUERTE BARRAGAN S.A.T.I.C.I.,LINEA_506F_BSAS,SI,COLECTIVO,MUNICIPAL,BUENOS AIRES,LA PLATA,4631,NO,12,Diciembre,Sábado,Fin de semana,Primavera
2025-12-13,UNION PLATENSE SRL,NORTE MUNICIPAL,SI,COLECTIVO,MUNICIPAL,BUENOS AIRES,LA PLATA,3017,NO,12,Diciembre,Sábado,Fin de semana,Primavera
2025-12-14,UNION PLATENSE SRL,BSAS_LINEA_502_SUR,SI,COLECTIVO,MUNICIPAL,BUENOS AIRES,LA PLATA,1157,NO,12,Diciembre,Domingo,Fin de semana,Primavera
2025-12-14,MICROEXPRES S.A.,BSAS_LINEA_503_ESTE,SI,COLECTIVO,MUNICIPAL,BUENOS AIRES,LA PLATA,1804,NO,12,Diciembre,Domingo,Fin de semana,Primavera
2025-12-14,EXPRESO LA PLATA BUENOS AIRES S.A.,BSAS_LINEA_503E,SI,COLECTIVO,MUNICIPAL,BUENOS AIRES,LA PLATA,8229,NO,12,Diciembre,Domingo,Fin de semana,Primavera
2025-12-14,EMPRESA NUEVE DE JULIO S.A.T.,BSAS_LINEA_508C,SI,COLECTIVO,MUNICIPAL,BUENOS AIRES,LA PLATA,159,NO,12,Diciembre,Domingo,Fin de semana,Primavera
2025-12-14,UNION PLATENSE SRL,BSAS_LINEA_520C,SI,COLECTIVO,MUNICIPAL,BUENOS AIRES,LA PLATA,2300,NO,12,Diciembre,Domingo,Fin de semana,Primavera
2025-12-14,EMPRESA NUEVE DE JULIO S.A.T.,BSAS_LINEA_561B,SI,COLECTIVO,MUNICIPAL,BUENOS AIRES,LA PLATA,229,NO,12,Diciembre,Domingo,Fin de semana,Primavera
2025-12-14,EMPRESA NUEVE DE JULIO S.A.T.,LINEA OESTE,SI,COLECTIVO,MUNICIPAL,BUENOS AIRES,LA PLATA,14474,NO,12,Diciembre,Domingo,Fin de semana,Primavera
2025-12-14,FUERTE BARRAGAN S.A.T.I.C.I.,LINEA_506F_BSAS,SI,COLECTIVO,MUNICIPAL,BUENOS AIRES,LA PLATA,2550,NO,12,Diciembre,Domingo,Fin de semana,Primavera
2025-12-14,UNION PLATENSE SRL,NORTE MUNICIPAL,SI,COLECTIVO,MUNICIPAL,BUENOS AIRES,LA PLATA,1375,NO,12,Diciembre,Domingo,Fin de semana,Primavera
2025-12-15,UNION PLATENSE SRL,BSAS_LINEA_502_SUR,SI,COLECTIVO,MUNICIPAL,BUENOS AIRES,LA PLATA,10241,NO,12,Diciembre,Lunes,Día de semana,Primavera
2025-12-15,MICROEXPRES S.A.,BSAS_LINEA_503_ESTE,SI,COLECTIVO,MUNICIPAL,BUENOS AIRES,LA PLATA,7395,NO,12,Diciembre,Lunes,Día de semana,Primavera
2025-12-15,EXPRESO LA PLATA BUENOS AIRES S.A.,BSAS_LINEA_503E,SI,COLECTIVO,MUNICIPAL,BUENOS AIRES,LA PLATA,25748,NO,12,Diciembre,Lunes,Día de semana,Primavera
2025-12-15,EMPRESA NUEVE DE JULIO S.A.T.,BSAS_LINEA_508C,SI,COLECTIVO,MUNICIPAL,BUENOS AIRES,LA PLATA,917,NO,12,Diciembre,Lunes,Día de semana,Primavera
2025-12-15,EXPRESO LA PLATA BUENOS AIRES S.A.,BSAS_LINEA_518,SI,COLECTIVO,MUNICIPAL,BUENOS AIRES,LA PLATA,405,NO,12,Diciembre,Lunes,Día de semana,Primavera
2025-12-15,UNION PLATENSE SRL,BSAS_LINEA_520C,SI,COLECTIVO,MUNICIPAL,BUENOS AIRES,LA PLATA,11829,NO,12,Diciembre,Lunes,Día de semana,Primavera
2025-12-15,EMPRESA NUEVE DE JULIO S.A.T.,BSAS_LINEA_561B,SI,COLECTIVO,MUNICIPAL,BUENOS AIRES,LA PLATA,1165,NO,12,Diciembre,Lunes,Día de semana,Primavera
2025-12-15,EMPRESA NUEVE DE JULIO S.A.T.,LINEA OESTE,SI,COLECTIVO,MUNICIPAL,BUENOS AIRES,LA PLATA,54705,NO,12,Diciembre,Lunes,Día de semana,Primavera
2025-12-15,FUERTE BARRAGAN S.A.T.I.C.I.,LINEA_506F_BSAS,SI,COLECTIVO,MUNICIPAL,BUENOS AIRES,LA PLATA,10959,NO,12,Diciembre,Lunes,Día de semana,Primavera
2025-12-15,UNION PLATENSE SRL,NORTE MUNICIPAL,SI,COLECTIVO,MUNICIPAL,BUENOS AIRES,LA PLATA,10023,NO,12,Diciembre,Lunes,Día de semana,Primavera
2025-12-16,UNION PLATENSE SRL,BSAS_LINEA_502_SUR,SI,COLECTIVO,MUNICIPAL,BUENOS AIRES,LA PLATA,10104,NO,12,Diciembre,Martes,Día de semana,Primavera
2025-12-16,MICROEXPRES S.A.,BSAS_LINEA_503_ESTE,SI,COLECTIVO,MUNICIPAL,BUENOS AIRES,LA PLATA,7561,NO,12,Diciembre,Martes,Día de semana,Primavera
2025-12-16,EXPRESO LA PLATA BUENOS AIRES S.A.,BSAS_LINEA_503E,SI,COLECTIVO,MUNICIPAL,BUENOS AIRES,LA PLATA,25424,NO,12,Diciembre,Martes,Día de semana,Primavera
2025-12-16,EMPRESA NUEVE DE JULIO S.A.T.,BSAS_LINEA_508C,SI,COLECTIVO,MUNICIPAL,BUENOS AIRES,LA PLATA,882,NO,12,Diciembre,Martes,Día de semana,Primavera
2025-12-16,EXPRESO LA PLATA BUENOS AIRES S.A.,BSAS_LINEA_518,SI,COLECTIVO,MUNICIPAL,BUENOS AIRES,LA PLATA,448,NO,12,Diciembre,Martes,Día de semana,Primavera
2025-12-16,UNION PLATENSE SRL,BSAS_LINEA_520C,SI,COLECTIVO,MUNICIPAL,BUENOS AIRES,LA PLATA,11240,NO,12,Diciembre,Martes,Día de semana,Primavera
2025-12-16,EMPRESA NUEVE DE JULIO S.A.T.,BSAS_LINEA_561B,SI,COLECTIVO,MUNICIPAL,BUENOS AIRES,LA PLATA,1053,NO,12,Diciembre,Martes,Día de semana,Primavera
2025-12-16,EMPRESA NUEVE DE JULIO S.A.T.,LINEA OESTE,SI,COLECTIVO,MUNICIPAL,BUENOS AIRES,LA PLATA,54649,NO,12,Diciembre,Martes,Día de semana,Primavera
2025-12-16,FUERTE BARRAGAN S.A.T.I.C.I.,LINEA_506F_BSAS,SI,COLECTIVO,MUNICIPAL,BUENOS AIRES,LA PLATA,10841,NO,12,Diciembre,Martes,Día de semana,Primavera
2025-12-16,UNION PLATENSE SRL,NORTE MUNICIPAL,SI,COLECTIVO,MUNICIPAL,BUENOS AIRES,LA PLATA,9800,NO,12,Diciembre,Martes,Día de semana,Primavera
2025-12-17,UNION PLATENSE SRL,BSAS_LINEA_502_SUR,SI,COLECTIVO,MUNICIPAL,BUENOS AIRES,LA PLATA,10257,NO,12,Diciembre,Miércoles,Día de semana,Primavera
2025-12-17,MICROEXPRES S.A.,BSAS_LINEA_503_ESTE,SI,COLECTIVO,MUNICIPAL,BUENOS AIRES,LA PLATA,7586,NO,12,Diciembre,Miércoles,Día de semana,Primavera
2025-12-17,EXPRESO LA PLATA BUENOS AIRES S.A.,BSAS_LINEA_503E,SI,COLECTIVO,MUNICIPAL,BUENOS AIRES,LA PLATA,26289,NO,12,Diciembre,Miércoles,Día de semana,Primavera
2025-12-17,EMPRESA NUEVE DE JULIO S.A.T.,BSAS_LINEA_508C,SI,COLECTIVO,MUNICIPAL,BUENOS AIRES,LA PLATA,873,NO,12,Diciembre,Miércoles,Día de semana,Primavera
2025-12-17,EXPRESO LA PLATA BUENOS AIRES S.A.,BSAS_LINEA_518,SI,COLECTIVO,MUNICIPAL,BUENOS AIRES,LA PLATA,456,NO,12,Diciembre,Miércoles,Día de semana,Primavera
2025-12-17,UNION PLATENSE SRL,BSAS_LINEA_520C,SI,COLECTIVO,MUNICIPAL,BUENOS AIRES,LA PLATA,12006,NO,12,Diciembre,Miércoles,Día de semana,Primavera
2025-12-17,EMPRESA NUEVE DE JULIO S.A.T.,BSAS_LINEA_561B,SI,COLECTIVO,MUNICIPAL,BUENOS AIRES,LA PLATA,1131,NO,12,Diciembre,Miércoles,Día de semana,Primavera
2025-12-17,EMPRESA NUEVE DE JULIO S.A.T.,LINEA OESTE,SI,COLECTIVO,MUNICIPAL,BUENOS AIRES,LA PLATA,55146,NO,12,Diciembre,Miércoles,Día de semana,Primavera
2025-12-17,FUERTE BARRAGAN S.A.T.I.C.I.,LINEA_506F_BSAS,SI,COLECTIVO,MUNICIPAL,BUENOS AIRES,LA PLATA,10750,NO,12,Diciembre,Miércoles,Día de semana,Primavera
2025-12-17,UNION PLATENSE SRL,NORTE MUNICIPAL,SI,COLECTIVO,MUNICIPAL,BUENOS AIRES,LA PLATA,10104,NO,12,Diciembre,Miércoles,Día de semana,Primavera
2025-12-18,UNION PLATENSE SRL,BSAS_LINEA_502_SUR,SI,COLECTIVO,MUNICIPAL,BUENOS AIRES,LA PLATA,9078,NO,12,Diciembre,Jueves,Día de semana,Primavera
2025-12-18,MICROEXPRES S.A.,BSAS_LINEA_503_ESTE,SI,COLECTIVO,MUNICIPAL,BUENOS AIRES,LA PLATA,6696,NO,12,Diciembre,Jueves,Día de semana,Primavera
2025-12-18,EXPRESO LA PLATA BUENOS AIRES S.A.,BSAS_LINEA_503E,SI,COLECTIVO,MUNICIPAL,BUENOS AIRES,LA PLATA,23669,NO,12,Diciembre,Jueves,Día de semana,Primavera
2025-12-18,EMPRESA NUEVE DE JULIO S.A.T.,BSAS_LINEA_508C,SI,COLECTIVO,MUNICIPAL,BUENOS AIRES,LA PLATA,892,NO,12,Diciembre,Jueves,Día de semana,Primavera
2025-12-18,EXPRESO LA PLATA BUENOS AIRES S.A.,BSAS_LINEA_518,SI,COLECTIVO,MUNICIPAL,BUENOS AIRES,LA PLATA,395,NO,12,Diciembre,Jueves,Día de semana,Primavera
2025-12-18,UNION PLATENSE SRL,BSAS_LINEA_520C,SI,COLECTIVO,MUNICIPAL,BUENOS AIRES,LA PLATA,10179,NO,12,Diciembre,Jueves,Día de semana,Primavera
2025-12-18,EMPRESA NUEVE DE JULIO S.A.T.,BSAS_LINEA_561B,SI,COLECTIVO,MUNICIPAL,BUENOS AIRES,LA PLATA,1010,NO,12,Diciembre,Jueves,Día de semana,Primavera
2025-12-18,EMPRESA NUEVE DE JULIO S.A.T.,LINEA OESTE,SI,COLECTIVO,MUNICIPAL,BUENOS AIRES,LA PLATA,49331,NO,12,Diciembre,Jueves,Día de semana,Primavera
2025-12-18,FUERTE BARRAGAN S.A.T.I.C.I.,LINEA_506F_BSAS,SI,COLECTIVO,MUNICIPAL,BUENOS AIRES,LA PLATA,9693,NO,12,Diciembre,Jueves,Día de semana,Primavera
2025-12-18,UNION PLATENSE SRL,NORTE MUNICIPAL,SI,COLECTIVO,MUNICIPAL,BUENOS AIRES,LA PLATA,9120,NO,12,Diciembre,Jueves,Día de semana,Primavera
2025-12-19,UNION PLATENSE SRL,BSAS_LINEA_502_SUR,SI,COLECTIVO,MUNICIPAL,BUENOS AIRES,LA PLATA,10275,NO,12,Diciembre,Viernes,Día de semana,Primavera
2025-12-19,MICROEXPRES S.A.,BSAS_LINEA_503_ESTE,SI,COLECTIVO,MUNICIPAL,BUENOS AIRES,LA PLATA,7344,NO,12,Diciembre,Viernes,Día de semana,Primavera
2025-12-19,EXPRESO LA PLATA BUENOS AIRES S.A.,BSAS_LINEA_503E,SI,COLECTIVO,MUNICIPAL,BUENOS AIRES,LA PLATA,25577,NO,12,Diciembre,Viernes,Día de semana,Primavera
2025-12-19,EMPRESA NUEVE DE JULIO S.A.T.,BSAS_LINEA_508C,SI,COLECTIVO,MUNICIPAL,BUENOS AIRES,LA PLATA,916,NO,12,Diciembre,Viernes,Día de semana,Primavera
2025-12-19,EXPRESO LA PLATA BUENOS AIRES S.A.,BSAS_LINEA_518,SI,COLECTIVO,MUNICIPAL,BUENOS AIRES,LA PLATA,502,NO,12,Diciembre,Viernes,Día de semana,Primavera
2025-12-19,UNION PLATENSE SRL,BSAS_LINEA_520C,SI,COLECTIVO,MUNICIPAL,BUENOS AIRES,LA PLATA,11252,NO,12,Diciembre,Viernes,Día de semana,Primavera
2025-12-19,EMPRESA NUEVE DE JULIO S.A.T.,BSAS_LINEA_561B,SI,COLECTIVO,MUNICIPAL,BUENOS AIRES,LA PLATA,1120,NO,12,Diciembre,Viernes,Día de semana,Primavera
2025-12-19,EMPRESA NUEVE DE JULIO S.A.T.,LINEA OESTE,SI,COLECTIVO,MUNICIPAL,BUENOS AIRES,LA PLATA,53014,NO,12,Diciembre,Viernes,Día de semana,Primavera
2025-12-19,FUERTE BARRAGAN S.A.T.I.C.I.,LINEA_506F_BSAS,SI,COLECTIVO,MUNICIPAL,BUENOS AIRES,LA PLATA,10601,NO,12,Diciembre,Viernes,Día de semana,Primavera
2025-12-19,UNION PLATENSE SRL,NORTE MUNICIPAL,SI,COLECTIVO,MUNICIPAL,BUENOS AIRES,LA PLATA,9526,NO,12,Diciembre,Viernes,Día de semana,Primavera
2025-12-20,UNION PLATENSE SRL,BSAS_LINEA_502_SUR,SI,COLECTIVO,MUNICIPAL,BUENOS AIRES,LA PLATA,4145,NO,12,Diciembre,Sábado,Fin de semana,Primavera
2025-12-20,MICROEXPRES S.A.,BSAS_LINEA_503_ESTE,SI,COLECTIVO,MUNICIPAL,BUENOS AIRES,LA PLATA,3478,NO,12,Diciembre,Sábado,Fin de semana,Primavera
2025-12-20,EXPRESO LA PLATA BUENOS AIRES S.A.,BSAS_LINEA_503E,SI,COLECTIVO,MUNICIPAL,BUENOS AIRES,LA PLATA,15243,NO,12,Diciembre,Sábado,Fin de semana,Primavera
2025-12-20,EMPRESA NUEVE DE JULIO S.A.T.,BSAS_LINEA_508C,SI,COLECTIVO,MUNICIPAL,BUENOS AIRES,LA PLATA,351,NO,12,Diciembre,Sábado,Fin de semana,Primavera
2025-12-20,EXPRESO LA PLATA BUENOS AIRES S.A.,BSAS_LINEA_518,SI,COLECTIVO,MUNICIPAL,BUENOS AIRES,LA PLATA,276,NO,12,Diciembre,Sábado,Fin de semana,Primavera
2025-12-20,UNION PLATENSE SRL,BSAS_LINEA_520C,SI,COLECTIVO,MUNICIPAL,BUENOS AIRES,LA PLATA,5022,NO,12,Diciembre,Sábado,Fin de semana,Primavera
2025-12-20,EMPRESA NUEVE DE JULIO S.A.T.,BSAS_LINEA_561B,SI,COLECTIVO,MUNICIPAL,BUENOS AIRES,LA PLATA,375,NO,12,Diciembre,Sábado,Fin de semana,Primavera
2025-12-20,EMPRESA NUEVE DE JULIO S.A.T.,LINEA OESTE,SI,COLECTIVO,MUNICIPAL,BUENOS AIRES,LA PLATA,28457,NO,12,Diciembre,Sábado,Fin de semana,Primavera
2025-12-20,FUERTE BARRAGAN S.A.T.I.C.I.,LINEA_506F_BSAS,SI,COLECTIVO,MUNICIPAL,BUENOS AIRES,LA PLATA,4806,NO,12,Diciembre,Sábado,Fin de semana,Primavera
2025-12-20,UNION PLATENSE SRL,NORTE MUNICIPAL,SI,COLECTIVO,MUNICIPAL,BUENOS AIRES,LA PLATA,3123,NO,12,Diciembre,Sábado,Fin de semana,Primavera
2025-12-21,UNION PLATENSE SRL,BSAS_LINEA_502_SUR,SI,COLECTIVO,MUNICIPAL,BUENOS AIRES,LA PLATA,1390,NO,12,Diciembre,Domingo,Fin de semana,Verano
2025-12-21,MICROEXPRES S.A.,BSAS_LINEA_503_ESTE,SI,COLECTIVO,MUNICIPAL,BUENOS AIRES,LA PLATA,2011,NO,12,Diciembre,Domingo,Fin de semana,Verano
2025-12-21,EXPRESO LA PLATA BUENOS AIRES S.A.,BSAS_LINEA_503E,SI,COLECTIVO,MUNICIPAL,BUENOS AIRES,LA PLATA,9597,NO,12,Diciembre,Domingo,Fin de semana,Verano
2025-12-21,EMPRESA NUEVE DE JULIO S.A.T.,BSAS_LINEA_508C,SI,COLECTIVO,MUNICIPAL,BUENOS AIRES,LA PLATA,240,NO,12,Diciembre,Domingo,Fin de semana,Verano
2025-12-21,UNION PLATENSE SRL,BSAS_LINEA_520C,SI,COLECTIVO,MUNICIPAL,BUENOS AIRES,LA PLATA,2451,NO,12,Diciembre,Domingo,Fin de semana,Verano
2025-12-21,EMPRESA NUEVE DE JULIO S.A.T.,BSAS_LINEA_561B,SI,COLECTIVO,MUNICIPAL,BUENOS AIRES,LA PLATA,286,NO,12,Diciembre,Domingo,Fin de semana,Verano
2025-12-21,EMPRESA NUEVE DE JULIO S.A.T.,LINEA OESTE,SI,COLECTIVO,MUNICIPAL,BUENOS AIRES,LA PLATA,16044,NO,12,Diciembre,Domingo,Fin de semana,Verano
2025-12-21,FUERTE BARRAGAN S.A.T.I.C.I.,LINEA_506F_BSAS,SI,COLECTIVO,MUNICIPAL,BUENOS AIRES,LA PLATA,3026,NO,12,Diciembre,Domingo,Fin de semana,Verano
2025-12-21,UNION PLATENSE SRL,NORTE MUNICIPAL,SI,COLECTIVO,MUNICIPAL,BUENOS AIRES,LA PLATA,1473,NO,12,Diciembre,Domingo,Fin de semana,Verano
2025-12-22,UNION PLATENSE SRL,BSAS_LINEA_502_SUR,SI,COLECTIVO,MUNICIPAL,BUENOS AIRES,LA PLATA,9597,NO,12,Diciembre,Lunes,Día de semana,Verano
2025-12-22,MICROEXPRES S.A.,BSAS_LINEA_503_ESTE,SI,COLECTIVO,MUNICIPAL,BUENOS AIRES,LA PLATA,6843,NO,12,Diciembre,Lunes,Día de semana,Verano
2025-12-22,EXPRESO LA PLATA BUENOS AIRES S.A.,BSAS_LINEA_503E,SI,COLECTIVO,MUNICIPAL,BUENOS AIRES,LA PLATA,23962,NO,12,Diciembre,Lunes,Día de semana,Verano
2025-12-22,EMPRESA NUEVE DE JULIO S.A.T.,BSAS_LINEA_508C,SI,COLECTIVO,MUNICIPAL,BUENOS AIRES,LA PLATA,978,NO,12,Diciembre,Lunes,Día de semana,Verano
2025-12-22,EXPRESO LA PLATA BUENOS AIRES S.A.,BSAS_LINEA_518,SI,COLECTIVO,MUNICIPAL,BUENOS AIRES,LA PLATA,406,NO,12,Diciembre,Lunes,Día de semana,Verano
2025-12-22,UNION PLATENSE SRL,BSAS_LINEA_520C,SI,COLECTIVO,MUNICIPAL,BUENOS AIRES,LA PLATA,11001,NO,12,Diciembre,Lunes,Día de semana,Verano
2025-12-22,EMPRESA NUEVE DE JULIO S.A.T.,BSAS_LINEA_561B,SI,COLECTIVO,MUNICIPAL,BUENOS AIRES,LA PLATA,1073,NO,12,Diciembre,Lunes,Día de semana,Verano
2025-12-22,EMPRESA NUEVE DE JULIO S.A.T.,LINEA OESTE,SI,COLECTIVO,MUNICIPAL,BUENOS AIRES,LA PLATA,53035,NO,12,Diciembre,Lunes,Día de semana,Verano
2025-12-22,FUERTE BARRAGAN S.A.T.I.C.I.,LINEA_506F_BSAS,SI,COLECTIVO,MUNICIPAL,BUENOS AIRES,LA PLATA,10054,NO,12,Diciembre,Lunes,Día de semana,Verano
2025-12-22,UNION PLATENSE SRL,NORTE MUNICIPAL,SI,COLECTIVO,MUNICIPAL,BUENOS AIRES,LA PLATA,9371,NO,12,Diciembre,Lunes,Día de semana,Verano
2025-12-23,UNION PLATENSE SRL,BSAS_LINEA_502_SUR,SI,COLECTIVO,MUNICIPAL,BUENOS AIRES,LA PLATA,8465,NO,12,Diciembre,Martes,Día de semana,Verano
2025-12-23,MICROEXPRES S.A.,BSAS_LINEA_503_ESTE,SI,COLECTIVO,MUNICIPAL,BUENOS AIRES,LA PLATA,6014,NO,12,Diciembre,Martes,Día de semana,Verano
2025-12-23,EXPRESO LA PLATA BUENOS AIRES S.A.,BSAS_LINEA_503E,SI,COLECTIVO,MUNICIPAL,BUENOS AIRES,LA PLATA,21411,NO,12,Diciembre,Martes,Día de semana,Verano
2025-12-23,EMPRESA NUEVE DE JULIO S.A.T.,BSAS_LINEA_508C,SI,COLECTIVO,MUNICIPAL,BUENOS AIRES,LA PLATA,772,NO,12,Diciembre,Martes,Día de semana,Verano
2025-12-23,EXPRESO LA PLATA BUENOS AIRES S.A.,BSAS_LINEA_518,SI,COLECTIVO,MUNICIPAL,BUENOS AIRES,LA PLATA,375,NO,12,Diciembre,Martes,Día de semana,Verano
2025-12-23,UNION PLATENSE SRL,BSAS_LINEA_520C,SI,COLECTIVO,MUNICIPAL,BUENOS AIRES,LA PLATA,9217,NO,12,Diciembre,Martes,Día de semana,Verano
2025-12-23,EMPRESA NUEVE DE JULIO S.A.T.,BSAS_LINEA_561B,SI,COLECTIVO,MUNICIPAL,BUENOS AIRES,LA PLATA,1048,NO,12,Diciembre,Martes,Día de semana,Verano
2025-12-23,EMPRESA NUEVE DE JULIO S.A.T.,LINEA OESTE,SI,COLECTIVO,MUNICIPAL,BUENOS AIRES,LA PLATA,46803,NO,12,Diciembre,Martes,Día de semana,Verano
2025-12-23,FUERTE BARRAGAN S.A.T.I.C.I.,LINEA_506F_BSAS,SI,COLECTIVO,MUNICIPAL,BUENOS AIRES,LA PLATA,8504,NO,12,Diciembre,Martes,Día de semana,Verano
2025-12-23,UNION PLATENSE SRL,NORTE MUNICIPAL,SI,COLECTIVO,MUNICIPAL,BUENOS AIRES,LA PLATA,8294,NO,12,Diciembre,Martes,Día de semana,Verano
2025-12-24,UNION PLATENSE SRL,BSAS_LINEA_502_SUR,SI,COLECTIVO,MUNICIPAL,BUENOS AIRES,LA PLATA,3306,NO,12,Diciembre,Miércoles,Día de semana,Verano
2025-12-24,MICROEXPRES S.A.,BSAS_LINEA_503_ESTE,SI,COLECTIVO,MUNICIPAL,BUENOS AIRES,LA PLATA,2577,NO,12,Diciembre,Miércoles,Día de semana,Verano
2025-12-24,EXPRESO LA PLATA BUENOS AIRES S.A.,BSAS_LINEA_503E,SI,COLECTIVO,MUNICIPAL,BUENOS AIRES,LA PLATA,10589,NO,12,Diciembre,Miércoles,Día de semana,Verano
2025-12-24,EMPRESA NUEVE DE JULIO S.A.T.,BSAS_LINEA_508C,SI,COLECTIVO,MUNICIPAL,BUENOS AIRES,LA PLATA,397,NO,12,Diciembre,Miércoles,Día de semana,Verano
2025-12-24,EXPRESO LA PLATA BUENOS AIRES S.A.,BSAS_LINEA_518,SI,COLECTIVO,MUNICIPAL,BUENOS AIRES,LA PLATA,237,NO,12,Diciembre,Miércoles,Día de semana,Verano
2025-12-24,UNION PLATENSE SRL,BSAS_LINEA_520C,SI,COLECTIVO,MUNICIPAL,BUENOS AIRES,LA PLATA,3750,NO,12,Diciembre,Miércoles,Día de semana,Verano
2025-12-24,EMPRESA NUEVE DE JULIO S.A.T.,BSAS_LINEA_561B,SI,COLECTIVO,MUNICIPAL,BUENOS AIRES,LA PLATA,367,NO,12,Diciembre,Miércoles,Día de semana,Verano
2025-12-24,EMPRESA NUEVE DE JULIO S.A.T.,LINEA OESTE,SI,COLECTIVO,MUNICIPAL,BUENOS AIRES,LA PLATA,20753,NO,12,Diciembre,Miércoles,Día de semana,Verano
2025-12-24,FUERTE BARRAGAN S.A.T.I.C.I.,LINEA_506F_BSAS,SI,COLECTIVO,MUNICIPAL,BUENOS AIRES,LA PLATA,4132,NO,12,Diciembre,Miércoles,Día de semana,Verano
2025-12-24,UNION PLATENSE SRL,NORTE MUNICIPAL,SI,COLECTIVO,MUNICIPAL,BUENOS AIRES,LA PLATA,2184,NO,12,Diciembre,Miércoles,Día de semana,Verano
2025-12-25,UNION PLATENSE SRL,BSAS_LINEA_502_SUR,SI,COLECTIVO,MUNICIPAL,BUENOS AIRES,LA PLATA,481,NO,12,Diciembre,Jueves,Día de semana,Verano
2025-12-25,MICROEXPRES S.A.,BSAS_LINEA_503_ESTE,SI,COLECTIVO,MUNICIPAL,BUENOS AIRES,LA PLATA,951,NO,12,Diciembre,Jueves,Día de semana,Verano
2025-12-25,EXPRESO LA PLATA BUENOS AIRES S.A.,BSAS_LINEA_503E,SI,COLECTIVO,MUNICIPAL,BUENOS AIRES,LA PLATA,2770,NO,12,Diciembre,Jueves,Día de semana,Verano
2025-12-25,EMPRESA NUEVE DE JULIO S.A.T.,BSAS_LINEA_508C,SI,COLECTIVO,MUNICIPAL,BUENOS AIRES,LA PLATA,99,NO,12,Diciembre,Jueves,Día de semana,Verano
2025-12-25,UNION PLATENSE SRL,BSAS_LINEA_520C,SI,COLECTIVO,MUNICIPAL,BUENOS AIRES,LA PLATA,909,NO,12,Diciembre,Jueves,Día de semana,Verano
2025-12-25,EMPRESA NUEVE DE JULIO S.A.T.,BSAS_LINEA_561B,SI,COLECTIVO,MUNICIPAL,BUENOS AIRES,LA PLATA,126,NO,12,Diciembre,Jueves,Día de semana,Verano
2025-12-25,EMPRESA NUEVE DE JULIO S.A.T.,LINEA OESTE,SI,COLECTIVO,MUNICIPAL,BUENOS AIRES,LA PLATA,6589,NO,12,Diciembre,Jueves,Día de semana,Verano
2025-12-25,FUERTE BARRAGAN S.A.T.I.C.I.,LINEA_506F_BSAS,SI,COLECTIVO,MUNICIPAL,BUENOS AIRES,LA PLATA,1280,NO,12,Diciembre,Jueves,Día de semana,Verano
2025-12-25,UNION PLATENSE SRL,NORTE MUNICIPAL,SI,COLECTIVO,MUNICIPAL,BUENOS AIRES,LA PLATA,508,NO,12,Diciembre,Jueves,Día de semana,Verano
2025-12-26,UNION PLATENSE SRL,BSAS_LINEA_502_SUR,SI,COLECTIVO,MUNICIPAL,BUENOS AIRES,LA PLATA,5525,NO,12,Diciembre,Viernes,Día de semana,Verano
2025-12-26,MICROEXPRES S.A.,BSAS_LINEA_503_ESTE,SI,COLECTIVO,MUNICIPAL,BUENOS AIRES,LA PLATA,3802,NO,12,Diciembre,Viernes,Día de semana,Verano
2025-12-26,EXPRESO LA PLATA BUENOS AIRES S.A.,BSAS_LINEA_503E,SI,COLECTIVO,MUNICIPAL,BUENOS AIRES,LA PLATA,15478,NO,12,Diciembre,Viernes,Día de semana,Verano
2025-12-26,EMPRESA NUEVE DE JULIO S.A.T.,BSAS_LINEA_508C,SI,COLECTIVO,MUNICIPAL,BUENOS AIRES,LA PLATA,557,NO,12,Diciembre,Viernes,Día de semana,Verano
2025-12-26,EXPRESO LA PLATA BUENOS AIRES S.A.,BSAS_LINEA_518,SI,COLECTIVO,MUNICIPAL,BUENOS AIRES,LA PLATA,265,NO,12,Diciembre,Viernes,Día de semana,Verano
2025-12-26,UNION PLATENSE SRL,BSAS_LINEA_520C,SI,COLECTIVO,MUNICIPAL,BUENOS AIRES,LA PLATA,6490,NO,12,Diciembre,Viernes,Día de semana,Verano
2025-12-26,EMPRESA NUEVE DE JULIO S.A.T.,BSAS_LINEA_561B,SI,COLECTIVO,MUNICIPAL,BUENOS AIRES,LA PLATA,698,NO,12,Diciembre,Viernes,Día de semana,Verano
2025-12-26,EMPRESA NUEVE DE JULIO S.A.T.,LINEA OESTE,SI,COLECTIVO,MUNICIPAL,BUENOS AIRES,LA PLATA,31642,NO,12,Diciembre,Viernes,Día de semana,Verano
2025-12-26,FUERTE BARRAGAN S.A.T.I.C.I.,LINEA_506F_BSAS,SI,COLECTIVO,MUNICIPAL,BUENOS AIRES,LA PLATA,6210,NO,12,Diciembre,Viernes,Día de semana,Verano
2025-12-26,UNION PLATENSE SRL,NORTE MUNICIPAL,SI,COLECTIVO,MUNICIPAL,BUENOS AIRES,LA PLATA,5225,NO,12,Diciembre,Viernes,Día de semana,Verano
2025-12-27,UNION PLATENSE SRL,BSAS_LINEA_502_SUR,SI,COLECTIVO,MUNICIPAL,BUENOS AIRES,LA PLATA,2969,NO,12,Diciembre,Sábado,Fin de semana,Verano
2025-12-27,MICROEXPRES S.A.,BSAS_LINEA_503_ESTE,SI,COLECTIVO,MUNICIPAL,BUENOS AIRES,LA PLATA,2799,NO,12,Diciembre,Sábado,Fin de semana,Verano
2025-12-27,EXPRESO LA PLATA BUENOS AIRES S.A.,BSAS_LINEA_503E,SI,COLECTIVO,MUNICIPAL,BUENOS AIRES,LA PLATA,12435,NO,12,Diciembre,Sábado,Fin de semana,Verano
2025-12-27,EMPRESA NUEVE DE JULIO S.A.T.,BSAS_LINEA_508C,SI,COLECTIVO,MUNICIPAL,BUENOS AIRES,LA PLATA,307,NO,12,Diciembre,Sábado,Fin de semana,Verano
2025-12-27,EXPRESO LA PLATA BUENOS AIRES S.A.,BSAS_LINEA_518,SI,COLECTIVO,MUNICIPAL,BUENOS AIRES,LA PLATA,231,NO,12,Diciembre,Sábado,Fin de semana,Verano
2025-12-27,UNION PLATENSE SRL,BSAS_LINEA_520C,SI,COLECTIVO,MUNICIPAL,BUENOS AIRES,LA PLATA,3933,NO,12,Diciembre,Sábado,Fin de semana,Verano
2025-12-27,EMPRESA NUEVE DE JULIO S.A.T.,BSAS_LINEA_561B,SI,COLECTIVO,MUNICIPAL,BUENOS AIRES,LA PLATA,332,NO,12,Diciembre,Sábado,Fin de semana,Verano
2025-12-27,EMPRESA NUEVE DE JULIO S.A.T.,LINEA OESTE,SI,COLECTIVO,MUNICIPAL,BUENOS AIRES,LA PLATA,22291,NO,12,Diciembre,Sábado,Fin de semana,Verano
2025-12-27,FUERTE BARRAGAN S.A.T.I.C.I.,LINEA_506F_BSAS,SI,COLECTIVO,MUNICIPAL,BUENOS AIRES,LA PLATA,3977,NO,12,Diciembre,Sábado,Fin de semana,Verano
2025-12-27,UNION PLATENSE SRL,NORTE MUNICIPAL,SI,COLECTIVO,MUNICIPAL,BUENOS AIRES,LA PLATA,2427,NO,12,Diciembre,Sábado,Fin de semana,Verano
2025-12-28,UNION PLATENSE SRL,BSAS_LINEA_502_SUR,SI,COLECTIVO,MUNICIPAL,BUENOS AIRES,LA PLATA,937,NO,12,Diciembre,Domingo,Fin de semana,Verano
2025-12-28,MICROEXPRES S.A.,BSAS_LINEA_503_ESTE,SI,COLECTIVO,MUNICIPAL,BUENOS AIRES,LA PLATA,1609,NO,12,Diciembre,Domingo,Fin de semana,Verano
2025-12-28,EXPRESO LA PLATA BUENOS AIRES S.A.,BSAS_LINEA_503E,SI,COLECTIVO,MUNICIPAL,BUENOS AIRES,LA PLATA,7427,NO,12,Diciembre,Domingo,Fin de semana,Verano
2025-12-28,EMPRESA NUEVE DE JULIO S.A.T.,BSAS_LINEA_508C,SI,COLECTIVO,MUNICIPAL,BUENOS AIRES,LA PLATA,221,NO,12,Diciembre,Domingo,Fin de semana,Verano
2025-12-28,UNION PLATENSE SRL,BSAS_LINEA_520C,SI,COLECTIVO,MUNICIPAL,BUENOS AIRES,LA PLATA,1927,NO,12,Diciembre,Domingo,Fin de semana,Verano
2025-12-28,EMPRESA NUEVE DE JULIO S.A.T.,BSAS_LINEA_561B,SI,COLECTIVO,MUNICIPAL,BUENOS AIRES,LA PLATA,220,NO,12,Diciembre,Domingo,Fin de semana,Verano
2025-12-28,EMPRESA NUEVE DE JULIO S.A.T.,LINEA OESTE,SI,COLECTIVO,MUNICIPAL,BUENOS AIRES,LA PLATA,13320,NO,12,Diciembre,Domingo,Fin de semana,Verano
2025-12-28,FUERTE BARRAGAN S.A.T.I.C.I.,LINEA_506F_BSAS,SI,COLECTIVO,MUNICIPAL,BUENOS AIRES,LA PLATA,2751,NO,12,Diciembre,Domingo,Fin de semana,Verano
2025-12-28,UNION PLATENSE SRL,NORTE MUNICIPAL,SI,COLECTIVO,MUNICIPAL,BUENOS AIRES,LA PLATA,1185,NO,12,Diciembre,Domingo,Fin de semana,Verano
2025-12-29,UNION PLATENSE SRL,BSAS_LINEA_502_SUR,SI,COLECTIVO,MUNICIPAL,BUENOS AIRES,LA PLATA,7061,NO,12,Diciembre,Lunes,Día de semana,Verano
2025-12-29,MICROEXPRES S.A.,BSAS_LINEA_503_ESTE,SI,COLECTIVO,MUNICIPAL,BUENOS AIRES,LA PLATA,4826,NO,12,Diciembre,Lunes,Día de semana,Verano
2025-12-29,EXPRESO LA PLATA BUENOS AIRES S.A.,BSAS_LINEA_503E,SI,COLECTIVO,MUNICIPAL,BUENOS AIRES,LA PLATA,17334,NO,12,Diciembre,Lunes,Día de semana,Verano
2025-12-29,EMPRESA NUEVE DE JULIO S.A.T.,BSAS_LINEA_508C,SI,COLECTIVO,MUNICIPAL,BUENOS AIRES,LA PLATA,407,NO,12,Diciembre,Lunes,Día de semana,Verano
2025-12-29,EXPRESO LA PLATA BUENOS AIRES S.A.,BSAS_LINEA_518,SI,COLECTIVO,MUNICIPAL,BUENOS AIRES,LA PLATA,353,NO,12,Diciembre,Lunes,Día de semana,Verano
2025-12-29,UNION PLATENSE SRL,BSAS_LINEA_520C,SI,COLECTIVO,MUNICIPAL,BUENOS AIRES,LA PLATA,7935,NO,12,Diciembre,Lunes,Día de semana,Verano
2025-12-29,EMPRESA NUEVE DE JULIO S.A.T.,BSAS_LINEA_561B,SI,COLECTIVO,MUNICIPAL,BUENOS AIRES,LA PLATA,618,NO,12,Diciembre,Lunes,Día de semana,Verano
2025-12-29,EMPRESA NUEVE DE JULIO S.A.T.,LINEA OESTE,SI,COLECTIVO,MUNICIPAL,BUENOS AIRES,LA PLATA,38716,NO,12,Diciembre,Lunes,Día de semana,Verano
2025-12-29,FUERTE BARRAGAN S.A.T.I.C.I.,LINEA_506F_BSAS,SI,COLECTIVO,MUNICIPAL,BUENOS AIRES,LA PLATA,7786,NO,12,Diciembre,Lunes,Día de semana,Verano
2025-12-29,UNION PLATENSE SRL,NORTE MUNICIPAL,SI,COLECTIVO,MUNICIPAL,BUENOS AIRES,LA PLATA,6976,NO,12,Diciembre,Lunes,Día de semana,Verano
2025-12-30,UNION PLATENSE SRL,BSAS_LINEA_502_SUR,SI,COLECTIVO,MUNICIPAL,BUENOS AIRES,LA PLATA,6248,NO,12,Diciembre,Martes,Día de semana,Verano
2025-12-30,MICROEXPRES S.A.,BSAS_LINEA_503_ESTE,SI,COLECTIVO,MUNICIPAL,BUENOS AIRES,LA PLATA,4370,NO,12,Diciembre,Martes,Día de semana,Verano
2025-12-30,EXPRESO LA PLATA BUENOS AIRES S.A.,BSAS_LINEA_503E,SI,COLECTIVO,MUNICIPAL,BUENOS AIRES,LA PLATA,18122,NO,12,Diciembre,Martes,Día de semana,Verano
2025-12-30,EMPRESA NUEVE DE JULIO S.A.T.,BSAS_LINEA_508C,SI,COLECTIVO,MUNICIPAL,BUENOS AIRES,LA PLATA,385,NO,12,Diciembre,Martes,Día de semana,Verano
2025-12-30,EXPRESO LA PLATA BUENOS AIRES S.A.,BSAS_LINEA_518,SI,COLECTIVO,MUNICIPAL,BUENOS AIRES,LA PLATA,173,NO,12,Diciembre,Martes,Día de semana,Verano
2025-12-30,UNION PLATENSE SRL,BSAS_LINEA_520C,SI,COLECTIVO,MUNICIPAL,BUENOS AIRES,LA PLATA,7409,NO,12,Diciembre,Martes,Día de semana,Verano
2025-12-30,EMPRESA NUEVE DE JULIO S.A.T.,BSAS_LINEA_561B,SI,COLECTIVO,MUNICIPAL,BUENOS AIRES,LA PLATA,499,NO,12,Diciembre,Martes,Día de semana,Verano
2025-12-30,EMPRESA NUEVE DE JULIO S.A.T.,LINEA OESTE,SI,COLECTIVO,MUNICIPAL,BUENOS AIRES,LA PLATA,36625,NO,12,Diciembre,Martes,Día de semana,Verano
2025-12-30,FUERTE BARRAGAN S.A.T.I.C.I.,LINEA_506F_BSAS,SI,COLECTIVO,MUNICIPAL,BUENOS AIRES,LA PLATA,7154,NO,12,Diciembre,Martes,Día de semana,Verano
2025-12-30,UNION PLATENSE SRL,NORTE MUNICIPAL,SI,COLECTIVO,MUNICIPAL,BUENOS AIRES,LA PLATA,5865,NO,12,Diciembre,Martes,Día de semana,Verano
2025-12-31,UNION PLATENSE SRL,BSAS_LINEA_502_SUR,SI,COLECTIVO,MUNICIPAL,BUENOS AIRES,LA PLATA,2351,NO,12,Diciembre,Miércoles,Día de semana,Verano
2025-12-31,MICROEXPRES S.A.,BSAS_LINEA_503_ESTE,SI,COLECTIVO,MUNICIPAL,BUENOS AIRES,LA PLATA,2280,NO,12,Diciembre,Miércoles,Día de semana,Verano
2025-12-31,EXPRESO LA PLATA BUENOS AIRES S.A.,BSAS_LINEA_503E,SI,COLECTIVO,MUNICIPAL,BUENOS AIRES,LA PLATA,7252,NO,12,Diciembre,Miércoles,Día de semana,Verano
2025-12-31,EMPRESA NUEVE DE JULIO S.A.T.,BSAS_LINEA_508C,SI,COLECTIVO,MUNICIPAL,BUENOS AIRES,LA PLATA,281,NO,12,Diciembre,Miércoles,Día de semana,Verano
2025-12-31,EXPRESO LA PLATA BUENOS AIRES S.A.,BSAS_LINEA_518,SI,COLECTIVO,MUNICIPAL,BUENOS AIRES,LA PLATA,201,NO,12,Diciembre,Miércoles,Día de semana,Verano
2025-12-31,UNION PLATENSE SRL,BSAS_LINEA_520C,SI,COLECTIVO,MUNICIPAL,BUENOS AIRES,LA PLATA,2911,NO,12,Diciembre,Miércoles,Día de semana,Verano
2025-12-31,EMPRESA NUEVE DE JULIO S.A.T.,BSAS_LINEA_561B,SI,COLECTIVO,MUNICIPAL,BUENOS AIRES,LA PLATA,293,NO,12,Diciembre,Miércoles,Día de semana,Verano
2025-12-31,EMPRESA NUEVE DE JULIO S.A.T.,LINEA OESTE,SI,COLECTIVO,MUNICIPAL,BUENOS AIRES,LA PLATA,16990,NO,12,Diciembre,Miércoles,Día de semana,Verano
2025-12-31,FUERTE BARRAGAN S.A.T.I.C.I.,LINEA_506F_BSAS,SI,COLECTIVO,MUNICIPAL,BUENOS AIRES,LA PLATA,3456,NO,12,Diciembre,Miércoles,Día de semana,Verano
2025-12-31,UNION PLATENSE SRL,NORTE MUNICIPAL,SI,COLECTIVO,MUNICIPAL,BUENOS AIRES,LA PLATA,1520,NO,12,Diciembre,Miércoles,Día de semana,Verano
